o Background_Tree_Atlas.026
usemtl Broken_Rocks
v 48.893082 148.204529 -31.524628
v 49.307716 147.577332 -32.068153
v 49.06601 147.364944 -32.235775
v 44.850685 147.12146 -31.431919
v 45.920471 147.330261 -31.701759
v 45.37645 147.190506 -31.589386
v 49.545029 148.358902 -31.356907
v 48.365189 148.216843 -31.574856
v 48.3116 147.953552 -32.092445
v 48.101074 147.550003 -31.783176
v 47.876572 147.202377 -32.111557
v 47.402069 147.110565 -32.034721
v 50.400284 148.796463 -30.99699
v 51.127151 148.75769 -30.979782
v 50.764282 148.348785 -31.594261
v 47.850845 148.489197 -31.279125
v 46.856918 147.777664 -31.301067
v 46.972748 146.988983 -31.886433
v 46.178551 147.044678 -31.705624
v 46.207733 148.547806 -31.212776
v 45.493225 148.638062 -30.986706
v 47.794617 149.087708 -31.077023
v 48.476059 148.735931 -31.140713
v 50.177841 148.01796 -31.731739
v 50.048515 147.981354 -32.032066
v 49.811081 147.812103 -32.019348
v 48.258324 147.547699 -32.268345
v 51.041748 148.48111 -31.509815
v 47.147125 148.406174 -30.990192
v 48.767838 147.517609 -32.619682
v 44.410133 146.763153 -31.034576
v 44.117477 146.815613 -31.262211
v 43.813156 146.94873 -31.070957
v 46.680664 146.943726 -31.962612
v 50.56073 148.237259 -31.724392
v 49.385269 152.360748 -24.436131
v 49.447891 152.168045 -25.076035
v 48.543449 152.255707 -24.528606
v 46.961395 150.812119 -26.230873
v 47.709846 151.592133 -26.489017
v 48.107857 151.036179 -26.740627
v 49.425308 149.514923 -30.875256
v 49.938583 149.428024 -30.457756
v 49.085716 149.256439 -29.937401
v 47.212006 151.505417 -25.226307
v 48.260391 151.588409 -25.817074
v 47.143486 151.274643 -25.969734
v 47.502777 152.05072 -24.346485
v 48.027039 152.453598 -23.62252
v 46.894318 149.490021 -29.01955
v 47.120087 149.877228 -29.015038
v 47.510941 149.288666 -29.435898
v 49.619202 151.108154 -27.452873
v 49.580292 150.762497 -28.017006
v 48.624588 150.542862 -27.841801
v 47.703262 150.077972 -28.743008
v 48.829079 151.533752 -26.253902
v 49.698639 152.254013 -24.118935
v 48.718887 152.354111 -23.65493
v 49.265236 151.846649 -25.744301
v 50.163467 151.859406 -26.263615
v 50.061447 151.438232 -27.045811
v 46.186523 151.301498 -25.541378
v 46.560745 150.99324 -25.659519
v 50.300949 151.992004 -25.701832
v 50.604141 152.025192 -25.005569
v 51.334595 151.634048 -25.713902
v 49.068268 152.506271 -22.990395
v 49.508072 152.502487 -23.364689
v 49.06118 152.423264 -23.229141
v 47.118637 149.345505 -29.718819
v 51.309875 151.039841 -28.397804
v 51.786819 150.612259 -28.321537
v 50.947189 150.507202 -28.857903
v 50.712387 150.194153 -29.28096
v 52.252213 150.545624 -28.38221
v 52.131424 150.255936 -28.824997
v 52.100052 150.345734 -29.019287
v 51.917267 150.121872 -29.344501
v 49.815781 150.545929 -28.733501
v 48.885864 150.20845 -29.812469
v 48.290764 151.879135 -25.109791
v 48.457733 152.550079 -22.459297
v 48.834595 152.000351 -25.349388
v 50.507706 152.243896 -24.365883
v 49.874016 152.119186 -24.98394
v 49.651886 152.388199 -23.468651
v 49.871002 152.357727 -23.705513
v 49.97805 149.835571 -29.760963
v 50.877602 150.758102 -28.452297
v 50.498672 151.073212 -28.137321
v 48.852798 149.085693 -30.733864
v 50.095016 152.37207 -24.014015
v 48.285049 152.562805 -22.323036
v 48.330925 149.577072 -29.914967
v 50.77507 152.268524 -24.693741
v 50.477272 149.614777 -30.017002
v 50.975487 151.48671 -26.556805
v 51.856155 150.943192 -27.295345
v 50.817673 151.2043 -27.443745
v 47.149445 148.802063 -30.212254
v 47.303993 150.265839 -27.796219
v 50.535568 149.288773 -30.593605
v 46.932526 150.556992 -27.181084
v 48.065125 150.786499 -27.340816
v 51.167183 149.054901 -30.657902
v 46.760727 152.367111 -23.126232
v 47.731995 152.563385 -22.604935
v 47.34227 152.462036 -23.312138
v 46.598396 148.457932 -30.750042
v 46.275558 148.494934 -30.281048
v 48.243706 150.53302 -28.192806
v 48.825378 150.603683 -28.876141
v 46.254105 152.573685 -21.985382
v 46.551834 151.866898 -24.009895
v 47.403885 152.668442 -21.533001
v 47.901604 152.518082 -22.05806
v 47.142792 152.597427 -21.312801
v 51.536011 149.458466 -29.946373
v 46.543121 150.039474 -27.758003
v 46.272858 151.316391 -24.893757
v 46.973373 151.980865 -24.478527
v 48.013733 150.110229 -29.788857
v 46.872543 149.90593 -28.136295
v 48.765892 152.550827 -22.662704
v 51.22654 152.169144 -25.299587
v 51.847366 151.125076 -27.03067
v 51.364212 149.123016 -30.453686
v 46.560181 152.683365 -20.933456
v 46.818581 152.749405 -21.036209
v 51.534073 151.569702 -26.123363
v 52.084679 150.865479 -27.777489
v 47.855797 152.60141 -21.86322
v 38.930878 149.320465 -24.265001
v 39.043701 149.416229 -23.734612
v 39.352417 149.375549 -24.377256
v 38.198868 148.872391 -24.533787
v 38.972107 148.848206 -24.768879
v 38.178978 149.067322 -23.801849
v 38.505577 149.104736 -24.091393
v 43.099899 150.886536 -23.432793
v 43.491821 151.27446 -23.456726
v 43.462959 150.827026 -23.733803
v 41.571304 151.262482 -21.599628
v 42.478386 151.161011 -22.216579
v 41.616356 151.002487 -22.246456
v 41.424538 151.747742 -20.003639
v 42.243835 151.904953 -19.990154
v 41.645844 151.763412 -20.607185
v 45.731979 152.653 -21.225533
v 43.33213 151.532333 -22.320999
v 43.490753 151.640289 -22.611031
v 41.790733 151.891647 -19.925426
v 41.957764 151.970978 -19.099243
v 42.077301 151.84343 -19.58704
v 41.691025 151.869553 -19.294498
v 42.397064 152.006927 -19.498043
v 42.37146 152.070663 -19.772293
v 39.026947 148.902832 -25.35425
v 39.370369 148.953568 -24.988695
v 39.674759 148.710571 -25.696352
v 41.717133 150.187515 -23.840134
v 43.051018 150.5634 -24.042122
v 45.393143 150.276733 -26.995403
v 45.845932 149.93837 -27.474232
v 45.200378 149.728302 -27.419594
v 45.447479 151.606567 -23.941628
v 45.721054 151.834152 -23.381435
v 44.686348 150.96022 -24.679974
v 45.728271 151.198563 -24.731567
v 43.669144 152.305649 -20.172432
v 44.435364 152.386246 -20.396797
v 43.679184 152.289856 -20.506241
v 39.916519 149.025696 -24.976831
v 40.264587 149.485657 -25.170492
v 40.346344 149.123383 -25.609919
v 44.770622 152.535309 -21.14901
v 44.810966 152.573105 -20.731056
v 45.201385 152.615402 -20.975639
v 44.73291 151.097534 -24.174082
v 45.20163 151.35643 -23.662804
v 42.657402 152.217255 -19.279495
v 42.747635 152.112305 -19.292934
v 38.554459 151.213928 -19.686707
v 39.171082 151.272079 -19.398701
v 39.298523 151.380371 -19.643253
v 43.012932 152.16954 -19.234905
v 43.184921 152.177734 -19.564014
v 40.742973 150.659943 -22.458549
v 41.458107 150.715927 -22.651669
v 38.951775 147.443756 -27.616804
v 39.548882 147.727859 -27.315527
v 39.326187 147.202316 -28.699409
v 43.957787 150.028931 -25.551937
v 44.577606 150.175003 -25.696241
v 44.223396 150.28743 -26.503775
v 44.997452 150.581558 -25.473524
v 44.717728 149.990112 -26.687967
v 45.481613 150.422684 -26.380043
v 40.571167 149.769974 -24.16387
v 40.690201 150.142761 -23.325516
v 41.048927 149.870499 -24.034866
v 41.006012 150.970184 -21.650867
v 41.762245 150.005707 -24.916254
v 42.164581 150.047104 -24.608786
v 42.687775 150.113174 -24.613642
v 40.919418 149.829437 -25.076414
v 41.198013 149.465103 -25.213293
v 40.589867 149.537643 -25.06609
v 45.456573 152.468002 -20.596088
v 45.696838 152.633377 -20.339512
v 45.885086 152.755569 -20.337364
v 40.607811 148.940979 -25.92067
v 40.668991 148.599075 -26.278057
v 40.292694 148.506882 -26.35327
v 42.085831 149.483673 -25.508888
v 43.18737 149.870438 -25.615152
v 42.482964 149.29808 -26.468634
v 41.575005 149.576202 -24.967354
v 44.097717 151.725891 -22.676422
v 44.969528 151.77298 -23.005676
v 44.179222 151.329422 -23.234936
v 43.897926 151.845276 -22.192093
v 44.794525 152.038269 -22.390114
v 44.220009 151.264969 -23.584488
v 44.793396 151.614273 -23.559067
v 46.237724 150.451279 -26.903378
v 45.495483 149.344162 -28.316345
v 45.841537 150.44899 -26.455456
v 44.462593 149.554596 -27.483271
v 44.597313 149.267365 -27.992142
v 39.698853 151.519104 -18.655453
v 39.925621 151.538315 -18.6968
v 39.364471 151.409866 -18.783691
v 41.923256 150.872284 -22.586426
v 39.351288 151.571716 -18.456413
v 39.201767 151.514618 -18.498734
v 43.604515 151.885849 -21.702957
v 44.431282 152.313828 -21.599586
v 39.00869 151.48642 -18.181511
v 38.952026 151.593613 -18.787899
v 38.603462 151.619843 -18.68359
v 38.905655 147.79335 -27.020899
v 39.105133 147.926666 -26.449587
v 39.309311 147.880554 -26.842428
v 46.080292 152.647079 -20.822998
v 46.240547 152.860107 -20.647812
v 46.384109 152.763046 -20.74226
v 39.302658 148.290375 -26.080126
v 40.156845 148.272217 -26.660784
v 43.579231 152.374969 -19.476646
v 43.692993 152.27858 -19.60463
v 42.88913 152.242218 -19.956139
v 42.855186 152.067154 -20.103065
v 39.286972 150.150711 -22.30304
v 40.731613 150.839722 -21.967903
v 39.803452 150.17775 -22.687374
v 38.501312 147.976089 -26.604757
v 43.619705 148.823196 -28.355274
v 43.850296 148.801453 -28.640707
v 41.25399 149.034286 -25.673674
v 41.994347 149.171707 -25.937037
v 41.134644 148.936996 -26.162033
v 45.618469 152.685623 -20.146713
v 42.301498 149.937347 -25.299887
v 42.974846 150.260498 -24.812433
v 43.929672 150.422928 -24.942677
v 42.937256 149.649353 -25.232483
v 38.462219 151.070358 -20.208786
v 38.964828 151.044327 -20.361244
v 39.843361 151.513626 -18.607433
v 37.880615 149.29097 -23.235748
v 38.904655 149.676834 -22.938278
v 38.712646 148.597321 -25.276358
v 43.301636 152.408417 -19.365799
v 37.953773 149.681839 -22.397537
v 38.687103 149.95636 -22.239079
v 39.490402 150.493515 -21.710697
v 43.737289 152.193588 -21.230396
v 40.092842 151.426086 -19.156967
v 40.37326 151.644623 -18.838234
v 39.761978 150.988235 -21.047009
v 40.195625 150.813293 -21.598999
v 39.535896 149.835678 -23.144493
v 38.303719 151.361908 -18.869003
v 42.74839 150.954483 -23.068199
v 41.52211 150.461136 -23.156776
v 38.378952 151.409668 -18.212803
v 43.371719 148.944519 -27.520926
v 40.130997 149.903229 -23.668488
v 39.693581 149.5914 -23.589478
v 40.833954 151.634308 -18.991123
v 41.307449 151.798691 -19.025864
v 41.011971 151.596283 -19.595955
v 42.246277 151.975204 -20.345562
v 44.784111 148.948166 -28.489954
v 37.975235 151.566605 -18.624214
v 45.395645 152.480804 -21.810886
v 40.887917 151.499283 -20.251869
v 40.923248 151.45874 -20.841007
v 42.38916 151.809067 -20.948452
v 46.079033 152.748566 -20.457447
v 40.000099 151.529312 -20.200535
v 42.622704 151.613846 -21.514839
v 40.689827 150.388611 -22.797764
v 41.707779 149.758347 -24.3986
v 42.303879 151.916412 -19.208515
v 42.636887 148.93074 -26.883327
v 42.969383 149.639664 -26.857397
v 43.190567 149.06459 -27.09301
v 40.281021 149.275711 -24.55142
v 43.61644 150.500702 -24.575066
v 41.428619 148.722702 -27.372377
v 42.502853 148.763718 -27.974827
v 41.078545 148.301926 -28.017641
v 45.105064 152.551208 -19.920208
v 45.648895 152.354675 -22.60537
v 41.688202 148.253845 -28.248203
v 44.089554 152.329376 -19.590878
v 40.563889 151.604721 -18.946629
v 44.486122 152.435532 -19.796265
v 40.190796 151.570206 -18.724945
v 40.011963 148.051407 -27.914949
v 39.205528 151.326767 -19.030064
v 37.984268 148.578873 -25.029408
v 38.008553 148.20195 -25.604475
v 38.730469 148.424103 -25.881809
v 38.474457 151.613754 -17.81609
v 38.001587 151.549744 -17.824005
v 41.150452 149.970459 -24.402468
v 41.668816 148.583542 -26.768225
v 42.249672 148.724442 -27.128933
v 40.471962 151.585236 -19.820816
v 42.067574 148.944229 -26.164062
v 40.620926 151.779037 -18.839005
v 41.679108 149.019699 -26.556337
v 38.386795 147.459045 -27.289743
v 37.805435 147.635162 -26.436548
v 38.235077 148.090546 -26.011318
v 39.835831 147.633911 -28.395041
v 39.539406 151.355881 -20.577648
v 39.068924 150.689575 -21.070507
v 45.640808 151.397415 -25.314865
v 38.183807 150.626801 -20.637821
v 38.362259 150.353836 -21.272888
v 37.841957 150.724121 -20.226051
v 43.100342 148.965164 -28.092369
v 42.892082 148.61412 -28.377481
v 38.288223 145.699036 -29.681746
v 39.532822 146.148041 -29.861677
v 38.794655 145.733292 -29.854626
v 39.883835 145.891037 -30.217758
v 39.318535 145.787796 -30.063089
v 40.445984 146.054565 -30.268221
v 40.148438 145.967453 -30.462345
v 37.992363 145.487473 -29.928488
v 37.943481 145.504684 -29.796055
v 38.48098 146.997131 -28.787252
v 39.760971 146.845566 -29.426886
v 39.043198 146.80098 -29.562786
v 40.104141 147.213623 -29.250101
v 40.116623 147.523453 -28.75655
v 40.469078 146.903748 -29.714558
v 38.269455 147.605255 -28.036449
v 38.491081 146.908203 -29.220629
v 38.116669 145.792007 -29.472433
v 37.966949 146.42514 -29.011524
v 38.948013 148.514908 -25.586458
v 38.976685 145.740555 -30.193735
v 38.412209 145.525726 -29.944893
v 38.074814 145.480865 -29.793779
v 42.247787 147.784988 -30.170893
v 42.469284 146.493561 -30.484524
v 41.926331 146.592682 -30.575825
v 41.316673 147.932938 -28.902767
v 40.877625 147.329651 -29.222839
v 44.379456 147.188675 -30.561794
v 42.474556 148.170486 -28.925089
v 43.699646 148.314499 -29.167303
v 43.02887 148.219009 -28.770267
v 41.201904 146.749405 -29.853622
v 43.561913 147.354828 -30.542408
v 44.69928 148.496628 -29.45104
v 45.878494 148.650848 -29.874802
v 44.941856 148.848801 -30.557842
v 44.935272 149.043854 -29.214846
v 45.45137 149.026321 -29.094051
v 44.492081 148.15033 -29.903112
v 40.935165 146.206985 -29.933872
v 41.596085 146.246872 -30.386868
v 41.002869 146.223663 -30.559895
v 42.01104 148.065308 -29.701015
v 43.235306 147.497086 -30.0609
v 41.840553 147.867493 -29.116816
v 44.380203 148.864914 -29.036421
v 40.870911 145.99855 -30.290327
v 41.694168 146.469025 -30.49609
v 41.063736 147.449799 -29.581964
v 43.032761 146.363922 -30.688343
v 43.628616 146.871353 -30.968479
v 42.596474 147.646118 -29.167852
v 37.993431 151.222824 -19.448811
v 38.191589 151.24292 -19.958515
v 43.009796 148.2211 -29.536257
v 36.267746 147.764755 -25.510925
v 36.806305 148.120255 -25.039419
v 37.475136 148.159241 -25.47571
v 35.305511 152.170425 -17.178104
v 34.585732 151.80426 -16.868729
v 35.050125 151.972916 -16.589031
v 37.330315 147.704941 -25.999258
v 37.232048 147.36496 -26.751551
v 37.543846 147.179047 -27.517059
v 36.701958 148.83757 -23.737656
v 37.395447 148.895294 -23.618408
v 36.87709 148.559601 -24.055626
v 31.532616 149.066376 -19.665634
v 32.104431 149.093979 -19.566376
v 31.67524 148.596512 -20.099842
v 30.602127 148.901443 -18.061409
v 30.147079 148.542297 -18.339329
v 30.035019 148.73468 -17.861908
v 36.826698 149.098709 -22.720787
v 37.271271 149.063751 -23.213581
v 36.971146 149.194977 -23.175255
v 32.358002 149.89061 -19.071812
v 32.297951 149.652802 -18.571743
v 32.429092 149.806244 -18.231876
v 33.185326 146.165237 -26.781836
v 33.288925 145.323914 -27.572426
v 32.702042 145.378159 -27.322376
v 30.559776 146.940857 -23.725311
v 30.542206 146.620636 -24.2141
v 30.087097 147.091919 -23.898575
v 30.171555 148.920441 -17.282978
v 30.388786 146.931381 -23.417229
v 29.710548 149.412903 -16.124344
v 30.420471 149.486847 -16.606342
v 29.596664 149.727936 -16.69553
v 30.253441 149.386856 -17.165634
v 29.879837 149.3815 -17.266258
v 30.833794 149.659622 -17.287521
v 30.686775 146.457352 -24.738647
v 31.003777 146.393494 -25.249683
v 30.166977 146.191254 -25.35006
v 30.352585 145.915237 -26.065369
v 31.276543 145.935211 -26.448784
v 30.84597 145.376572 -26.39835
v 31.988853 146.79248 -24.737698
v 32.634216 147.418488 -25.017477
v 32.466553 147.011627 -25.114506
v 33.07859 146.762268 -25.053026
v 34.012466 147.483353 -25.054052
v 34.044785 147.174164 -25.419939
v 33.721504 147.903137 -23.491531
v 33.228813 147.833832 -23.678047
v 33.312141 148.089859 -23.06197
v 34.413177 147.843628 -24.206833
v 35.512009 148.251068 -24.094421
v 34.686501 148.110428 -24.474985
v 35.593079 148.669571 -23.237415
v 36.843582 148.410583 -24.512684
v 35.357651 148.456238 -23.104767
v 35.117012 148.757217 -22.655624
v 35.035507 149.275558 -21.431831
v 35.372208 149.230362 -21.812492
v 35.108543 148.856033 -22.217293
v 34.264587 152.117004 -16.387497
v 34.130623 151.948898 -16.891487
v 36.166344 152.078384 -16.30254
v 35.624832 151.923615 -16.401012
v 35.58844 152.293167 -16.125469
v 36.980804 152.009583 -16.947826
v 37.117035 151.972366 -17.107315
v 36.67247 151.841675 -17.027035
v 37.245544 151.759735 -17.302807
v 36.540825 151.621002 -17.455673
v 36.524948 151.824661 -17.18158
v 32.676445 146.701355 -25.952526
v 33.467377 146.805267 -25.898726
v 32.982208 146.919159 -26.31159
v 33.643135 145.358231 -27.607981
v 34.293823 145.374588 -27.899063
v 34.171722 145.318436 -27.901314
v 34.341324 145.507217 -28.076597
v 34.659393 145.500443 -28.077673
v 34.102951 146.233505 -27.286982
v 35.04454 146.305679 -27.412785
v 34.785141 145.678955 -27.751795
v 36.151161 146.466949 -27.885942
v 34.94471 145.487152 -28.073145
v 36.104225 146.01857 -28.285509
v 36.495773 147.502014 -26.152269
v 36.953201 146.855301 -27.441236
v 36.536743 146.351196 -28.308485
v 33.451752 149.43222 -19.980637
v 33.852776 149.472992 -20.296741
v 32.675247 148.880615 -20.524788
v 32.498306 149.096771 -20.033092
v 30.461578 148.643005 -19.282089
v 30.925217 148.243042 -19.923317
v 31.756683 149.386719 -18.646492
v 32.439072 149.311142 -19.507832
v 31.26004 150.357956 -16.432838
v 30.970711 149.930939 -17.114185
v 30.70108 150.098984 -16.478336
v 32.75946 149.706238 -19.860733
v 33.24337 150.338409 -18.43882
v 34.195374 150.316132 -18.48288
v 33.438263 150.678345 -19.252869
v 34.239044 150.046616 -19.457932
v 34.329529 149.660553 -20.108616
v 31.821259 148.548889 -20.721077
v 30.845093 148.259262 -20.793434
v 32.442711 148.87999 -21.18074
v 32.295815 148.360596 -21.553528
v 31.882057 148.000214 -22.335537
v 33.18338 148.319061 -22.371937
v 32.69696 148.096512 -22.62413
v 33.022186 148.893066 -20.874054
v 32.732475 148.879089 -21.578369
v 32.066475 148.304672 -21.713638
v 33.190971 148.601151 -21.63517
v 33.521904 149.254333 -20.738407
v 33.838905 149.002075 -21.263878
v 33.274307 148.990494 -21.307774
v 33.575363 148.702103 -21.822609
v 30.852303 146.77179 -24.342957
v 36.389977 151.198578 -18.619011
v 36.814529 150.668213 -19.902836
v 36.29052 150.776001 -19.329788
v 31.718727 147.204788 -24.323277
v 32.472702 147.658691 -24.222351
v 33.113983 148.002823 -24.419714
v 33.3582 147.786484 -24.956867
v 30.573143 147.465515 -22.902016
v 31.171753 147.767715 -22.299522
v 31.55439 147.678711 -22.925198
v 34.645966 148.676178 -22.855972
v 30.840134 147.514221 -23.362816
v 30.309601 150.22496 -15.693993
v 31.182549 147.386871 -23.411186
v 31.786621 147.565186 -23.385273
v 31.567879 147.523483 -23.814369
v 32.11937 147.442169 -23.936722
v 32.749794 147.401291 -23.861717
v 32.645889 147.870926 -23.142906
v 33.742462 148.301605 -22.991348
v 35.356079 148.345093 -23.636452
v 34.373894 148.277939 -23.280464
v 33.925812 147.83551 -23.972809
v 34.435257 148.13147 -23.822113
v 36.085899 149.089722 -22.345535
v 35.414505 148.974091 -22.555202
v 37.348389 148.921677 -23.953163
v 36.701332 149.34201 -22.333298
v 37.191139 149.683151 -21.973133
v 37.727318 149.94902 -21.74929
v 33.768188 147.732956 -24.447844
v 29.845894 147.544388 -21.426723
v 29.842949 147.158401 -22.21471
v 29.224442 147.351654 -21.851803
v 37.440689 151.755005 -17.406521
v 37.288086 151.467422 -17.978619
v 34.342392 151.158203 -18.022892
v 33.265076 150.871841 -18.288326
v 36.830276 149.957382 -21.261116
v 29.779694 147.914261 -18.94976
v 30.363251 147.954651 -19.661247
v 29.358032 147.600281 -19.429443
v 31.083092 149.458771 -17.765598
v 29.603561 149.650192 -15.307732
v 31.158768 149.107681 -18.363899
v 30.28212 148.388931 -18.725548
v 30.659607 147.798996 -21.621033
v 31.492142 149.426529 -17.971008
v 35.642838 147.821426 -25.132013
v 31.305656 150.950974 -16.374611
v 31.780975 150.614883 -16.609428
v 34.548203 147.569199 -24.997255
v 35.863899 147.521637 -25.849092
v 31.488007 150.506287 -17.036842
v 31.810524 150.809921 -17.501743
v 37.749718 145.478012 -29.656328
v 31.697327 149.903229 -17.361038
v 36.664932 150.532959 -20.375984
v 34.52047 148.798706 -22.133881
v 34.687881 149.34639 -21.022095
v 35.866661 149.702469 -21.091251
v 35.749512 145.384583 -28.606264
v 35.491997 145.351303 -28.491409
v 35.246277 145.419235 -28.319633
v 36.298111 145.292679 -28.917105
v 37.185493 146.068466 -28.77273
v 36.702713 145.303452 -29.254671
v 37.433723 145.45993 -29.518442
v 37.06765 145.382263 -29.476358
v 34.476799 146.744888 -26.701544
v 31.775009 149.631882 -21.096264
v 37.224014 151.612289 -18.970192
v 37.13002 151.106491 -19.221733
v 30.12989 145.827957 -25.814697
v 29.634499 145.750977 -25.842335
v 29.251549 145.370132 -25.560974
v 35.045044 147.008804 -26.453325
v 35.702202 146.927002 -27.011133
v 31.70768 146.77919 -25.085735
v 34.909134 151.334106 -17.734146
v 34.439529 150.919861 -18.79134
v 35.299232 151.427856 -17.882278
v 35.249977 150.94072 -18.49572
v 31.480721 146.36055 -25.875122
v 32.043945 145.894958 -26.62067
v 32.195862 146.748047 -25.723579
v 32.220963 145.434464 -27.313271
v 31.025681 145.416458 -26.984753
v 31.52063 146.065948 -26.853836
v 31.89492 145.55574 -27.198463
v 30.05127 145.145325 -26.320087
v 35.121346 152.328232 -15.575634
v 35.152847 152.240616 -15.829609
v 34.684616 152.14534 -15.916843
v 35.847839 151.654892 -17.371384
v 35.050247 151.969772 -17.576939
v 35.681183 152.381424 -16.01688
v 37.463715 146.82402 -28.525799
v 37.421051 146.680496 -28.899426
v 36.118156 151.984146 -16.778088
v 36.092491 151.730362 -16.963287
v 36.578033 151.974701 -16.741005
v 35.982681 150.436188 -19.75856
v 30.944168 151.189987 -15.234493
v 31.686287 151.336655 -15.779964
v 35.220795 149.581589 -21.122318
v 30.861404 150.853668 -15.889389
v 32.016342 152.104874 -15.273697
v 32.015022 151.558899 -16.073761
v 32.938225 151.872131 -15.400871
v 32.9403 151.808746 -16.08353
v 36.729065 151.457169 -18.203136
v 37.423492 151.55159 -18.410248
v 29.777191 146.104782 -24.815426
v 29.539749 145.879044 -25.33289
v 35.732071 150.705429 -19.053864
v 35.129501 146.67897 -27.063738
v 34.097801 148.528427 -22.488743
v 31.339165 151.641586 -15.414032
v 31.763718 151.452866 -15.223129
v 34.210876 151.809128 -17.730709
v 34.50943 152.380508 -15.369072
v 35.402702 150.40274 -19.792728
v 33.523788 152.184433 -15.671471
v 32.02964 150.95636 -16.364189
v 35.884544 151.744461 -18.173283
v 32.718674 151.312851 -16.451725
v 33.486206 151.596603 -16.868713
v 37.298874 150.09819 -21.513744
v 29.169853 147.083603 -24.934021
v 33.551651 147.503326 -24.059052
v 33.930328 146.72261 -26.462587
v 34.255737 149.227402 -21.469807
v 30.129135 145.130859 -26.660995
v 29.800278 144.883041 -26.448074
v 35.029419 145.365952 -28.291071
v 34.460045 148.995331 -21.753708
v 29.481834 145.168579 -26.19199
v 33.766808 145.368988 -27.788958
v 30.338966 147.905075 -20.732643
v 37.13121 150.723877 -19.827946
v 35.258514 150.645645 -18.793144
v 29.02829 147.212051 -24.409443
v 34.395355 150.253708 -19.085133
v 36.391357 151.944672 -16.602592
v 30.844711 145.283234 -27.053234
v 29.339775 146.898071 -22.481644
v 37.464027 148.577393 -24.420595
v 29.266861 148.21283 -17.723907
v 29.63205 148.858994 -17.827332
v 29.824875 145.158127 -26.825874
v 29.33149 147.675262 -20.274353
v 29.411301 147.862274 -18.33041
v 29.573318 148.174133 -18.694218
v 30.038216 150.559402 -15.047672
v 30.267433 150.896484 -15.287712
v 29.38903 148.704727 -17.283005
v 35.83165 152.338303 -16.143814
v 33.454391 152.017075 -15.97023
v 34.359528 152.391495 -15.05093
v 37.680573 150.193848 -21.184994
v 28.309395 147.118179 -20.381187
v 28.620872 147.053116 -19.90321
v 28.255745 146.963531 -21.210854
v 26.890289 145.922516 -21.198112
v 27.405952 146.519135 -21.334984
v 27.260567 146.097061 -22.040596
v 26.654549 146.299286 -20.180408
v 26.316467 145.712769 -20.483135
v 25.920898 145.460693 -19.917938
v 26.315086 146.192352 -18.892025
v 25.891785 145.64801 -19.342743
v 25.383911 145.416153 -19.038254
v 25.053352 145.468689 -18.940643
v 25.257782 145.402283 -19.431561
v 25.183365 145.782303 -19.152859
v 26.894997 146.435425 -20.869781
v 27.632599 146.726364 -20.266254
v 27.941063 146.637482 -21.168797
v 25.322098 145.786179 -19.722965
v 25.697456 145.360733 -20.365299
v 28.990082 146.126511 -24.340363
v 28.755028 145.956436 -24.716244
v 28.742287 145.396515 -25.071243
v 27.889923 146.917252 -19.084503
v 27.288864 146.612991 -19.607605
v 28.513321 147.032089 -22.392834
v 28.789978 147.276245 -22.863548
v 28.800644 147.06662 -23.545464
v 28.235725 146.522339 -23.308388
v 28.447311 146.779816 -22.596809
v 28.910889 147.289536 -20.920971
v 28.997299 147.192947 -21.495007
v 28.537544 146.811127 -21.450775
v 27.411407 147.274292 -17.043201
v 27.702057 147.022064 -17.976528
v 26.743652 146.781204 -17.515976
v 27.253098 147.076324 -16.4048
v 26.742645 146.872314 -16.272671
v 26.649963 147.298401 -16.045982
v 26.500443 145.466125 -21.853619
v 28.737267 147.878159 -17.482044
v 28.004311 147.498718 -17.018471
v 28.750008 148.88797 -16.365284
v 29.224251 148.444641 -17.083485
v 28.360214 147.473923 -17.875145
v 28.301048 147.244644 -18.430595
v 29.050941 148.755463 -15.871349
v 28.898972 148.215469 -17.392471
v 28.55072 148.114014 -16.146538
v 28.651558 148.391678 -16.684898
v 27.517265 147.656311 -16.739632
v 28.199585 148.424194 -15.895931
v 28.295586 147.956329 -16.756077
v 27.475975 146.947891 -19.398415
v 27.098488 146.542587 -18.888439
v 29.107292 149.328552 -15.213455
v 28.784454 148.932251 -15.473324
v 29.252617 145.100174 -26.057407
v 28.56427 146.478516 -23.965591
v 27.233894 145.35849 -24.290672
v 28.181328 145.728378 -24.832745
v 27.352928 145.40274 -24.484886
v 27.852341 148.222031 -16.390507
v 26.568146 147.272629 -15.247227
v 27.095161 147.505035 -15.846401
v 26.64595 147.031494 -15.615864
v 27.14473 145.353516 -23.566788
v 27.859116 146.312271 -23.124355
v 27.305992 145.101532 -23.898987
v 27.250778 146.040924 -22.691223
v 26.759521 145.506851 -22.515884
v 24.144516 145.591782 -16.707094
v 24.235001 145.434174 -17.90571
v 23.721657 144.939697 -17.29067
v 28.289185 146.020035 -23.94593
v 24.202744 145.179138 -17.510096
v 28.687637 147.39061 -18.739063
v 26.486572 146.097015 -19.625771
v 26.594055 146.605957 -19.114292
v 27.155464 146.602554 -20.285275
v 28.833466 147.242462 -19.687229
v 26.723511 146.52124 -17.937225
v 27.894569 146.665451 -22.32592
v 26.419434 146.5784 -16.887074
v 27.144981 146.80899 -18.267887
v 28.115311 146.601562 -21.822174
v 28.3013 148.343109 -15.487453
v 27.613708 147.890091 -15.446011
v 26.181053 145.45961 -21.063148
v 25.195351 145.996857 -17.35434
v 24.906776 145.243469 -18.120384
v 24.483353 145.673752 -17.905638
v 25.783607 146.538452 -15.52634
v 24.664253 146.088882 -15.764812
v 25.011063 146.271255 -15.124451
v 27.998474 146.12764 -24.2738
v 28.814636 145.073532 -26.000595
v 28.549026 144.867157 -25.82946
v 28.962593 145.059982 -26.071545
v 27.681038 145.296509 -24.939415
v 27.942192 145.261963 -25.21854
v 28.487907 144.954269 -25.458866
v 24.764839 145.389069 -18.666378
v 25.175896 145.484558 -18.561001
v 25.468933 145.98558 -18.116875
v 25.856018 146.489273 -16.048542
v 25.890785 146.415573 -16.736523
v 24.774124 145.918732 -16.736704
v 24.763336 145.861954 -17.208645
v 25.957359 146.41066 -17.502018
v 27.458725 146.931717 -18.827541
v 22.428741 145.365738 -15.335762
v 21.83477 145.346344 -15.795921
v 22.015862 145.54248 -15.113304
v 23.550674 145.766571 -15.855709
v 24.595543 145.354218 -18.525412
v 23.369644 145.179932 -16.479765
v 22.510002 144.866852 -16.155607
v 28.026588 146.843857 -22.824745
v 26.065536 146.465256 -18.062038
v 23.036514 145.021683 -16.838331
v 26.3629 146.93071 -15.917091
v 25.331886 145.379974 -18.84877
v 25.832428 145.852753 -19.869732
v 28.307701 144.975189 -25.34544
v 25.771439 145.162354 -19.400093
v 25.785683 146.541168 -17.283134
v 25.718857 145.551727 -19.961639
v 24.450409 145.120712 -17.933718
v 25.880936 145.422592 -20.59409
v 24.654526 145.693207 -19.090252
v 25.970161 146.022461 -18.139538
v 27.015785 147.683365 -14.952736
v 28.780876 147.578934 -19.181801
v 21.587982 145.360687 -15.802319
v 21.57148 145.315689 -15.61549
v 25.381958 145.197784 -19.4622
v 26.811165 145.356613 -23.056232
v 24.343864 145.266647 -18.450815
v 25.003654 145.900513 -18.931316
v 22.454094 146.433334 -12.49756
v 21.750938 146.313293 -12.302266
v 22.24897 146.723022 -11.713002
v 23.527893 147.984818 -10.638417
v 23.531281 148.515335 -10.360543
v 23.951881 148.525558 -10.437913
v 23.881851 148.314224 -11.072602
v 23.721283 147.746246 -11.245156
v 22.460495 145.784927 -14.553745
v 22.003128 145.478851 -14.689724
v 23.021957 147.348892 -11.178166
v 22.075287 147.084869 -10.86316
v 22.554176 147.455475 -10.47616
v 21.337181 146.793732 -10.88117
v 20.917213 146.726608 -11.011942
v 20.828926 146.746002 -10.614756
v 28.857117 150.226715 -14.391899
v 29.584679 150.867294 -14.017415
v 21.132378 146.041641 -11.99597
v 21.063293 146.727097 -11.669607
v 21.38575 147.233154 -9.701475
v 22.495567 148.019958 -9.784346
v 21.935486 147.297867 -10.04479
v 27.28949 148.199539 -14.389069
v 26.585526 147.988739 -13.904054
v 26.905853 148.77774 -13.333318
v 21.642265 148.350754 -7.506349
v 22.214081 148.610916 -8.04682
v 21.577133 148.112015 -7.937929
v 21.606117 147.827728 -9.080046
v 28.728546 150.215546 -13.988099
v 28.461617 149.611618 -14.243287
v 28.115944 150.223297 -13.398641
v 28.737518 151.351929 -12.936112
v 28.95105 151.794647 -12.322061
v 29.270439 151.411636 -13.276208
v 28.840927 150.999466 -13.509648
v 29.993286 150.745178 -14.451706
v 30.482285 151.65625 -14.089875
v 30.137985 152.266098 -13.465135
v 30.690475 152.187515 -13.356801
v 21.008698 147.735855 -8.654257
v 20.955177 147.34494 -9.084341
v 23.320511 148.290314 -10.015939
v 23.11834 147.82338 -10.593186
v 23.310722 148.734772 -8.782781
v 22.928154 148.461838 -8.998121
v 27.813751 148.384247 -14.742653
v 26.547874 150.499268 -11.602098
v 26.484436 150.806961 -10.597566
v 26.820328 150.673737 -11.858357
v 26.807274 149.46933 -12.931077
v 27.307625 150.056183 -12.676286
v 32.691437 152.505341 -14.170837
v 33.310509 152.473495 -14.502979
v 32.482361 152.239441 -14.766224
v 25.887833 148.333481 -12.811845
v 25.14798 147.381317 -13.031785
v 26.060829 147.740692 -13.667703
v 29.72467 152.097641 -13.034123
v 28.221542 151.902466 -11.378289
v 28.178375 152.38028 -11.041986
v 28.576759 152.134369 -11.313085
v 30.097137 151.486557 -14.266969
v 25.386665 147.148254 -13.737306
v 24.81868 146.73967 -13.998193
v 23.990471 146.587723 -13.608174
v 23.318565 146.554871 -13.092202
v 23.862152 146.926437 -12.794854
v 21.412666 145.120056 -14.626873
v 21.418442 144.853912 -15.276131
v 20.970985 144.928528 -14.944332
v 22.849274 146.098892 -13.701474
v 22.078926 146.107254 -12.793313
v 26.499557 147.402847 -14.954994
v 25.925987 146.871658 -15.004765
v 25.749413 146.983719 -14.497765
v 23.06218 148.657227 -9.311742
v 25.903206 147.267792 -14.101518
v 23.672401 147.274689 -11.842572
v 21.831192 145.915039 -13.636697
v 21.557678 145.970871 -12.932675
v 25.007172 146.506897 -14.458897
v 24.413261 146.523148 -14.366985
v 20.626503 144.8293 -14.527645
v 25.680016 150.412888 -9.744538
v 25.694824 150.762299 -9.573907
v 25.822639 150.742828 -9.684609
v 29.685822 152.226746 -11.951211
v 29.893524 152.289413 -12.211972
v 29.578339 151.930908 -12.610566
v 30.219872 152.388168 -12.426423
v 30.524261 152.26059 -12.662946
v 26.64357 149.752594 -12.109452
v 27.468071 150.72168 -12.249692
v 27.526993 151.323593 -11.666928
v 26.485191 151.149475 -10.06347
v 26.606796 151.469818 -10.044293
v 27.003677 151.399429 -10.301213
v 24.130463 146.23172 -14.788509
v 26.255035 150.805176 -9.992978
v 21.672134 148.063492 -8.501825
v 22.490547 148.287537 -8.655394
v 22.233223 148.211426 -8.936983
v 27.329208 149.352982 -13.838193
v 27.41938 150.058304 -13.518811
v 24.208389 149.178101 -9.171533
v 24.44313 149.441452 -9.391831
v 24.143509 148.927094 -9.474408
v 25.102608 148.382355 -11.809781
v 25.992935 148.834778 -12.37378
v 25.54203 150.108994 -9.977948
v 25.280998 150.192383 -9.736642
v 25.530487 150.138748 -9.725312
v 24.095512 148.92337 -9.180482
v 23.723854 148.686478 -9.690919
v 25.300201 146.693726 -15.0807
v 28.504036 148.981308 -14.853695
v 27.801636 149.186768 -13.909047
v 27.366547 151.420059 -10.555924
v 27.837593 151.953522 -10.682111
v 32.347015 152.799133 -13.658146
v 31.98616 152.165726 -14.165669
v 31.760643 152.322998 -13.591969
v 28.069382 148.80455 -15.001839
v 25.66069 150.616531 -9.669175
v 28.028091 151.307465 -12.346269
v 26.941559 151.809586 -10.209302
v 27.093658 151.777466 -10.336255
v 25.082092 147.040451 -14.185674
v 20.585152 146.037537 -12.046602
v 23.485291 146.176193 -13.935822
v 22.727859 146.971909 -11.763467
v 24.539825 147.13028 -13.24001
v 21.418694 147.049667 -11.512598
v 27.969429 151.957336 -10.932202
v 33.505966 152.531143 -14.479198
v 33.271545 152.288742 -14.805691
v 32.510284 152.829147 -13.741711
v 32.483368 152.475906 -13.976341
v 21.651611 145.800919 -14.251367
v 21.37339 147.190781 -10.2297
v 21.286736 145.58139 -14.015618
v 27.62896 151.75592 -10.638627
v 27.255737 151.680222 -10.270669
v 27.576126 151.825562 -10.420037
v 31.835251 152.813187 -13.343136
v 24.795334 149.594803 -9.515412
v 25.130219 149.380493 -10.875569
v 24.613678 147.565643 -12.174897
v 32.062775 152.378418 -14.254071
v 31.794273 151.830154 -14.676205
v 31.066963 151.767029 -14.381824
v 21.239548 145.865662 -13.439973
v 20.85434 145.894318 -12.849137
v 26.024628 151.084091 -9.678674
v 25.533997 150.375549 -9.627664
v 23.290771 148.613281 -9.894891
v 23.635071 148.855911 -9.156247
v 31.30616 152.155212 -14.667732
v 31.036972 151.39711 -14.789413
v 31.35849 152.083817 -13.658162
v 24.570381 149.09552 -10.261064
v 24.235626 148.679077 -10.875981
v 30.802986 152.42395 -12.947248
v 24.817299 148.685181 -11.18607
v 25.337036 149.167648 -11.520318
v 26.028763 149.9319 -11.441735
v 24.362564 148.142715 -11.819814
v 24.682388 149.108063 -10.937928
v 20.848129 148.11171 -6.959291
v 24.858147 149.40892 -10.255342
v 26.796173 151.608948 -10.040296
v 26.918465 151.497284 -10.151742
v 28.080673 152.035202 -10.868718
v 28.211189 152.12854 -11.022798
v 28.772408 152.202667 -11.391671
v 33.948029 152.785141 -14.693401
v 34.514008 152.553299 -15.155201
v 26.26664 151.116776 -9.898248
v 20.640495 145.107605 -13.893273
v 31.207146 152.761963 -13.006635
v 33.022621 152.115051 -14.803402
v 22.327278 146.162216 -13.779504
v 22.505104 148.750137 -8.213976
v 32.098038 152.937851 -13.531307
v 23.20211 146.003342 -14.549683
v 33.793732 152.389053 -14.723759
v 26.453194 151.379578 -9.898705
v 20.942566 146.958374 -10.009039
v 33.190033 152.75975 -14.397072
v 20.634033 147.829712 -7.097452
v 15.507293 153.229446 -0.618883
v 15.910071 152.667633 -1.079874
v 14.799003 152.704132 -0.803735
v 16.246778 153.376938 -0.150156
v 16.347113 152.991074 -0.591547
v 16.194633 152.596191 -0.656793
v 16.510817 153.021423 -0.543748
v 16.704208 152.647659 -1.004388
v 16.285299 153.836563 0.376875
v 16.543386 154.115219 0.337759
v 16.346983 154.037231 0.182989
v 15.652999 154.158966 0.570837
v 15.961967 154.023773 -0.000108
v 15.863265 153.109924 -0.025377
v 13.121001 153.211166 0.607214
v 13.670669 152.764771 0.150595
v 13.109206 152.155823 -0.323175
v 13.914443 152.480148 -0.274881
v 14.842612 154.136017 0.381514
v 15.07791 153.876083 -0.02289
v 14.206344 153.736221 0.618513
v 14.687682 153.090225 -0.093668
v 16.455725 153.544662 -0.097154
v 15.32978 153.163574 -0.308138
v 13.893233 153.833282 0.660017
v 14.00003 153.230286 0.098654
v 14.694274 152.468735 -0.48636
v 11.633445 152.404404 0.325285
v 11.832541 153.310837 0.601454
v 12.195159 152.440308 0.254172
v 16.501091 151.498932 -1.542246
v 16.859444 151.803757 -1.450136
v 16.808495 151.666031 -1.541505
v 18.851936 148.360306 -5.902193
v 19.327751 148.664917 -5.36223
v 19.397148 148.420151 -6.0925
v 15.696418 151.028931 -2.034364
v 15.159232 150.432739 -2.600854
v 15.263083 150.658676 -2.237428
v 15.746863 149.8992 -3.022142
v 15.094604 149.644562 -3.235734
v 14.03398 149.826782 -3.089281
v 14.127662 149.212128 -2.904603
v 14.249015 148.716248 -3.497713
v 13.531493 148.758728 -3.253625
v 15.976272 146.869186 -6.886606
v 15.149947 146.739487 -6.823839
v 15.238357 147.09848 -6.192018
v 20.122452 147.732986 -7.477319
v 15.308762 145.043488 -9.702951
v 14.947586 144.869568 -10.054239
v 14.357132 145.024094 -9.628046
v 20.307869 145.937973 -12.280012
v 19.874535 145.556839 -12.68548
v 19.717102 145.765259 -11.861284
v 20.553528 146.149063 -11.422049
v 16.201973 144.902374 -10.827814
v 15.545952 144.852875 -10.467699
v 16.051003 145.194504 -10.160513
v 16.390846 146.227158 -8.064672
v 16.730247 145.914352 -9.027662
v 16.131699 146.31958 -8.238985
v 16.397812 146.000305 -9.397821
v 16.058472 145.575989 -9.710867
v 15.675148 145.803253 -8.981688
v 17.361427 146.060715 -9.051138
v 17.044052 146.287292 -8.665396
v 16.627785 145.592026 -10.232885
v 16.988144 145.330734 -10.659235
v 19.176277 145.793518 -10.995104
v 18.966827 145.796127 -11.562197
v 18.178841 145.855774 -10.933676
v 18.82991 144.981796 -12.407175
v 18.223579 144.817932 -12.535318
v 18.097267 145.192978 -11.755968
v 17.453667 146.976685 -7.614244
v 16.528831 146.945648 -7.467714
v 17.3293 147.410675 -6.551584
v 18.16378 147.053802 -7.791955
v 17.928726 147.450912 -7.351434
v 18.569321 147.43103 -7.254022
v 19.804382 146.805237 -9.351267
v 19.567764 146.397354 -9.843637
v 19.385162 146.753006 -8.870012
v 13.403557 145.376648 -8.566256
v 18.505066 147.798599 -6.893297
v 19.137062 147.775787 -6.898454
v 16.779503 147.355026 -6.113298
v 15.685935 147.608322 -5.439958
v 19.181427 148.169159 -6.391511
v 19.754997 148.08728 -6.689645
v 13.774894 147.066177 -5.88833
v 12.986785 147.58725 -4.772233
v 14.116431 147.916229 -4.742128
v 13.523902 147.959763 -4.595895
v 14.254851 148.387909 -4.380876
v 14.4579 148.408112 -4.007905
v 19.879425 146.069 -10.952459
v 19.567513 146.260269 -10.711199
v 20.26696 146.838303 -9.381971
v 19.911621 147.112488 -8.330893
v 19.283699 145.360291 -12.466803
v 19.14817 145.524811 -12.13336
v 20.253845 145.463577 -13.136282
v 20.483688 145.781494 -13.283258
v 20.408333 147.26683 -8.8053
v 20.377335 146.582092 -10.320082
v 16.95652 150.633453 -2.329599
v 16.832024 151.137863 -1.773988
v 16.867035 150.900284 -2.145303
v 15.438964 149.322357 -3.954721
v 16.11306 149.711502 -3.60238
v 16.341843 148.738846 -4.403924
v 14.55416 152.055176 -0.82496
v 15.059714 151.806244 -1.332513
v 14.673194 151.508682 -1.624612
v 15.90631 149.639221 -3.284784
v 14.862624 149.217178 -3.052492
v 16.076546 151.364609 -1.754556
v 15.945403 150.486786 -2.630365
v 13.331641 149.458908 -2.385622
v 14.216384 150.2771 -2.414903
v 14.687934 150.382599 -2.294679
v 13.218451 150.205414 -1.826929
v 13.749358 150.107681 -2.192842
v 14.022437 151.501007 -1.031244
v 14.212493 150.935425 -1.473032
v 13.645698 150.807404 -1.634447
v 15.511185 146.105194 -8.401224
v 14.502831 146.009583 -8.41651
v 14.668175 146.339188 -7.892862
v 18.658859 148.185745 -6.394327
v 15.263832 145.633881 -9.17642
v 14.27449 145.66687 -8.934313
v 15.272682 146.134293 -8.641096
v 12.645812 145.861755 -7.935297
v 13.790709 146.178482 -7.837572
v 14.265899 146.689606 -6.616022
v 13.860732 146.413681 -7.277704
v 14.147368 150.702148 -2.252328
v 16.604752 150.017746 -3.007898
v 17.155739 150.087402 -3.062952
v 16.844139 149.778702 -3.559251
v 16.788666 147.771225 -5.469774
v 17.756363 148.344482 -5.504785
v 17.437103 147.858246 -5.691057
v 16.723785 148.893539 -4.323823
v 17.569748 148.993652 -4.077478
v 17.032379 148.450729 -4.961488
v 19.809845 147.381241 -7.917028
v 19.242729 147.234116 -8.111181
v 18.029938 147.62706 -6.672594
v 17.414703 145.955688 -9.792727
v 14.778167 151.086243 -1.661104
v 17.430511 145.745041 -10.590158
v 17.106735 144.712936 -11.802137
v 17.222191 145.717377 -11.00783
v 16.380241 148.121429 -5.043687
v 15.612274 146.358185 -7.695142
v 16.656334 149.213455 -3.767786
v 17.729378 149.217026 -3.741891
v 15.698546 148.236328 -4.66707
v 15.177932 148.906601 -3.806581
v 18.164978 148.072235 -6.356317
v 20.044083 146.129364 -11.79262
v 20.189529 144.794205 -14.330792
v 19.784805 144.788559 -13.803141
v 15.285605 151.269424 -1.651971
v 14.442153 148.987427 -3.492982
v 13.054549 148.391052 -3.785287
v 15.110229 148.071976 -5.186143
v 14.691886 147.56076 -5.149965
v 18.813469 144.762772 -13.086481
v 17.678116 144.674789 -12.160875
v 18.190071 148.406662 -5.465776
v 17.515602 147.651428 -6.159318
v 18.732712 148.882111 -4.817026
v 16.942963 151.121216 -2.077287
v 16.860512 151.516022 -1.776048
v 17.413132 149.707764 -3.470209
v 17.608589 149.743164 -3.594324
v 15.241118 152.110519 -0.905328
v 15.543876 151.904938 -1.347299
v 16.256004 151.801712 -1.320833
v 16.077232 152.218246 -0.981737
v 15.917411 147.795013 -5.155824
v 16.637444 152.004913 -1.13051
v 16.360725 150.317703 -2.908098
v 17.191566 150.473541 -2.664567
v 16.894081 150.600708 -2.427209
v 19.684219 148.599243 -5.741693
v 19.73185 148.505234 -6.066949
v 16.544014 144.803162 -11.169016
v 16.993225 145.123306 -11.698656
v 17.661804 145.138809 -11.283747
v 17.88681 146.049088 -9.65333
v 18.385719 145.977066 -10.417997
v 18.926483 146.071274 -10.102571
v 12.634704 150.265106 -1.845438
v 12.571334 149.511795 -2.375993
v 16.998184 146.659241 -7.895563
v 18.107933 146.504135 -8.760546
v 18.198479 146.266769 -9.264688
v 12.753486 148.719666 -3.228097
v 12.213233 148.245529 -3.805139
v 12.570136 151.61084 -0.482225
v 13.188956 151.195251 -1.035333
v 12.625609 150.953751 -0.899156
v 12.954597 149.223145 -2.589357
v 19.160652 146.28215 -9.83684
v 12.768798 150.47171 -1.288362
v 12.204825 150.077866 -1.55153
v 13.910431 145.545059 -8.707415
v 13.475273 145.053055 -9.217649
v 19.264313 144.72699 -13.367678
v 16.581413 152.129868 -0.97954
v 20.403748 148.369125 -6.636399
v 13.432357 146.538071 -6.884065
v 13.210921 146.889771 -5.861917
v 12.115157 151.161072 -0.587518
v 13.026374 147.00029 -6.545877
v 12.852882 145.203629 -8.69768
v 11.869941 146.79837 -6.158144
v 12.256652 147.104904 -5.295854
v 12.550124 146.111069 -7.557336
v 12.141135 146.451569 -6.808488
v 12.015326 147.835464 -4.31756
v 14.5327 145.002045 -9.895525
v 18.419106 144.552261 -12.696016
v 7.335479 148.263336 -2.967042
v 7.432105 148.034531 -4.026216
v 6.300017 148.136902 -3.122347
v 11.149596 147.873108 -4.107721
v 11.080131 146.978348 -5.620111
v 10.289763 147.274063 -5.167055
v 9.492995 149.914429 -1.292314
v 7.948142 149.274475 -1.90703
v 8.047347 149.691681 -1.262247
v 11.868308 147.468918 -4.906145
v 10.660666 150.501495 -0.78866
v 9.214583 150.818344 -0.39068
v 6.910674 147.58757 -4.64477
v 5.879165 147.518234 -4.34093
v 6.056113 147.981461 -3.969553
v 11.430016 146.37326 -6.993921
v 10.673087 146.735016 -6.192605
v 9.963164 149.011581 -2.385484
v 9.383246 148.813309 -2.472391
v 8.689254 149.268585 -2.013078
v 9.852599 147.92775 -3.684343
v 9.467582 147.335037 -4.943925
v 9.055701 147.91745 -3.85782
v 10.595344 147.82132 -4.057962
v 9.852225 147.821716 -4.505296
v 8.005683 148.539566 -2.490793
v 7.9915 147.9431 -3.943887
v 11.847289 150.031784 -1.443628
v 3.932792 150.47644 0.064931
v 4.211143 150.934845 0.223745
v 4.760749 151.145737 0.802518
v 6.045761 146.915863 -5.378657
v 5.23268 146.486771 -6.287302
v 4.995612 147.183502 -4.889048
v 8.331848 147.306473 -5.484254
v 7.781052 147.008362 -5.42148
v 8.359771 147.510132 -4.770914
v 9.320747 146.610947 -6.400056
v 5.043617 144.616852 -9.162954
v 5.87471 144.934387 -8.496576
v 5.581299 144.380112 -9.292566
v 10.49614 145.907684 -7.259386
v 9.567284 145.221085 -7.77173
v 9.904807 146.354858 -6.863306
v 5.265305 144.378525 -9.726091
v 5.324851 145.849838 -7.615831
v 5.400084 145.663361 -8.198172
v 4.725738 145.851746 -7.774648
v 6.413773 145.977524 -7.952028
v 6.731026 145.90213 -7.492925
v 6.798981 145.308609 -7.869077
v 8.756714 146.869781 -5.838045
v 4.974907 145.355591 -8.616232
v 11.719657 145.603333 -7.638177
v 11.979179 145.178757 -8.420408
v 11.811455 145.21843 -8.237669
v 4.076987 145.932419 -7.322764
v 5.831795 145.406555 -8.444544
v 10.158119 145.363266 -7.914899
v 11.033134 145.302383 -7.992105
v 10.649497 146.43811 -6.906534
v 7.495926 145.099884 -8.145479
v 8.246323 145.345245 -8.140413
v 7.90184 145.207672 -8.367537
v 3.595023 147.245499 -4.629267
v 4.097129 146.989792 -5.267779
v 9.885169 151.190262 0.076697
v 8.405448 151.240448 0.231299
v 7.534385 151.009659 0.142752
v 6.776206 151.115555 0.29392
v 7.106071 151.756439 0.492612
v 7.199814 146.468674 -6.719073
v 7.281265 145.837463 -7.382143
v 8.057327 145.486008 -7.458864
v 7.200882 145.503693 -7.938596
v 6.434982 144.73082 -8.671911
v 8.867149 145.256027 -7.728387
v 8.589867 145.12262 -7.847589
v 7.662643 145.056656 -8.361536
v 4.616553 148.196915 -3.0246
v 5.397574 147.868683 -3.758952
v 4.106544 147.485443 -4.09492
v 5.992805 151.19339 0.381795
v 5.574401 150.77565 0.104299
v 6.201125 150.350082 -0.246272
v 6.790199 146.691879 -5.874354
v 6.295746 146.205612 -6.911844
v 7.49768 148.812576 -2.342119
v 8.679969 149.247375 -2.394701
v 8.493171 148.555496 -2.593179
v 10.887122 148.404266 -3.267358
v 8.114616 146.591553 -6.357217
v 6.04438 146.386414 -7.581304
v 5.87735 144.544357 -9.0198
v 6.248688 144.618912 -9.075296
v 8.325698 148.090073 -3.390527
v 6.969153 147.779129 -4.152262
v 6.187819 148.808746 -2.090304
v 5.768035 148.82579 -2.521815
v 4.987586 149.098129 -1.512667
v 3.900168 146.438446 -6.269709
v 4.609466 146.376541 -6.672007
v 2.730422 145.416687 -8.355758
v 3.278526 145.269684 -9.049556
v 3.79425 144.67836 -9.708182
v 9.028282 146.177719 -6.963342
v 10.648299 149.933228 -1.404161
v 6.68409 144.932159 -8.386106
v 4.538185 144.048691 -9.887491
v 3.585297 144.298828 -10.147361
v 4.277222 144.069077 -10.302431
v 3.775238 143.88118 -10.605754
v 4.943412 149.89032 -0.606761
v 6.173072 149.269913 -1.338557
v 7.257797 144.848267 -8.24354
v 12.006667 152.214264 -0.157152
v 9.454085 148.294342 -3.089571
v 7.509665 150.371582 -0.528787
v 6.2116 150.03511 -0.899653
v 6.894294 148.977631 -1.790049
v 10.905005 149.407272 -1.982828
v 5.380889 148.486008 -2.721392
v 3.82801 149.80127 -0.548731
v 4.291587 148.540283 -2.530261
v 3.344787 147.974548 -3.568255
v 3.859008 149.121933 -1.729617
v 4.080939 149.30188 -1.2745
v 11.242522 148.956024 -2.651094
v 6.945754 149.691528 -1.071391
v 11.021903 151.470139 -0.085428
v 11.680877 151.605972 -0.071954
v 10.898414 152.605743 0.688849
v 9.404517 152.012314 0.785605
v 11.665694 149.613785 -1.944963
v 8.381606 150.26088 -0.772089
v 8.623748 151.805801 0.83293
v 3.50994 148.4543 -2.805842
v 11.392616 145.278351 -7.984533
v 6.638785 148.801422 -2.67647
v 6.558975 144.738098 -8.764246
v 6.27146 151.852036 1.16541
v 3.949988 152.230988 1.849593
v 4.817725 152.793076 2.264418
v 12.855704 153.946655 0.922133
v 7.728965 151.71196 0.794646
v 8.543997 154.156479 3.38275
v 8.801573 154.627472 3.019331
v 9.408972 154.187958 2.956137
v 8.898397 152.483688 1.15032
v 15.365859 155.244461 1.458502
v 14.60768 155.150894 1.323073
v 14.470328 155.044067 1.761732
v 15.8861 154.900452 1.308005
v 15.449882 154.668839 1.391005
v 15.442855 155.135406 1.592566
v 16.023016 154.486755 1.02989
v 15.382926 154.297577 0.827902
v 16.096304 154.436295 0.587172
v 15.00682 155.117035 1.583258
v 14.645583 154.810226 0.903769
v 13.517005 154.710358 1.462309
v 14.150939 154.608932 1.439238
v 13.773765 154.310699 1.046454
v 13.944503 155.09053 1.862044
v 14.519271 155.521072 2.005293
v 14.491973 155.304184 1.975325
v 13.793906 155.312943 2.241957
v 13.5111 155.004288 2.319678
v 13.323234 154.165695 1.359732
v 7.130857 153.529999 3.450308
v 9.688453 153.499649 1.948004
v 6.875349 153.119812 2.493643
v 13.108077 154.950775 2.231154
v 12.463904 154.494629 1.249693
v 10.311721 153.050613 1.277266
v 10.365623 152.837601 0.698294
v 11.117338 154.342804 2.654166
v 10.135718 154.041809 2.439536
v 12.730834 155.259399 2.83985
v 12.261298 155.587234 2.400023
v 6.171255 153.250092 3.501883
v 6.584135 153.777451 3.280653
v 8.777601 152.860474 1.763541
v 6.291418 152.509842 1.755926
v 7.851194 152.417038 1.180777
v 13.345885 155.409348 2.804556
v 11.358291 153.150864 1.100462
v 11.939651 153.581223 1.25675
v 12.624793 153.60434 1.263159
v 4.014556 152.773117 2.848677
v 5.388228 152.871902 2.805212
v 3.92533 151.535355 1.221274
v 5.758688 152.130035 1.365706
v 5.276351 153.120789 3.491644
v 4.207381 153.023117 3.376151
v 4.703025 153.074768 2.926222
v 9.828506 155.046066 2.398497
v 10.705091 154.990326 2.674559
v 10.044295 154.888184 1.78517
v 9.406713 154.72168 2.875021
v 8.005178 154.013489 3.322836
v 11.442435 154.074112 2.109747
v 11.317007 154.809998 3.359663
v 12.253264 154.669128 2.279013
v 11.531034 155.663132 2.616057
v -23.576155 142.877319 -33.518456
v -23.939909 143.173752 -32.956894
v -23.48361 143.191483 -32.797318
v -23.206144 142.861252 -33.572075
v -23.402662 143.14769 -32.30619
v -22.845274 143.077805 -33.129295
v -22.82118 143.835297 -32.100655
v -23.729139 144.08551 -31.833412
v -23.064589 144.140656 -31.049644
v -19.404768 142.374817 -32.046806
v -21.481459 143.071838 -32.413925
v -20.384504 143.060364 -31.222668
v -18.692823 142.313263 -31.110722
v -23.270964 142.885818 -34.043945
v -23.487684 142.952911 -33.830444
v -24.594435 143.660583 -31.63953
v -24.828672 144.119965 -31.031254
v -24.434919 143.764114 -30.855339
v -22.285383 143.736282 -31.395535
v -22.637144 143.467621 -32.178955
v -24.104002 143.287491 -32.135628
v -24.187071 143.502609 -31.766991
v -23.884504 143.867981 -31.03046
v -23.537199 143.078812 -34.056572
v -24.35774 143.713989 -32.669296
v -20.951048 142.569733 -32.98214
v -22.959791 142.793976 -33.703461
v -21.479887 143.465668 -31.475498
v -21.861021 142.593674 -33.41832
v -22.340467 143.969833 -30.737141
v -23.100416 142.747192 -34.001118
v -20.357832 142.58316 -32.636105
v -22.577848 142.599304 -34.011948
v -3.63294 142.497314 -15.718754
v -3.381262 141.94574 -16.304054
v -3.61305 141.928879 -16.540363
v -4.988668 143.266937 -15.337234
v -4.369658 143.203751 -15.381248
v -5.351286 142.949982 -17.722828
v -4.708754 143.051163 -17.170765
v -4.126516 141.8965 -17.333885
v -2.819105 142.364243 -15.004337
v -3.010359 142.121948 -15.7481
v -4.427267 142.43457 -16.576649
v -3.844648 141.784851 -16.845764
v -3.071478 142.120499 -16.013062
v -4.987661 142.985809 -16.240486
v -2.416138 142.117706 -15.393246
v -5.086241 141.736694 -17.742523
v -4.571272 141.402374 -18.393597
v -4.162474 141.670013 -17.56028
v -3.543592 143.014664 -15.165791
v -3.36212 142.008484 -16.528351
v -7.545073 143.099197 -17.166676
v -6.084494 143.116302 -16.974243
v -6.295393 142.928406 -17.398521
v -7.094664 143.408676 -16.614162
v -8.588636 142.113937 -22.941715
v -8.141432 141.431061 -23.152058
v -8.623014 141.088928 -24.083309
v -8.134214 142.632355 -20.83889
v -7.403761 142.487488 -20.330818
v -6.470266 142.50824 -20.165646
v -5.950277 141.174469 -20.790131
v -5.927496 142.268936 -20.101612
v -8.602751 142.820328 -19.406059
v -9.250425 143.217239 -18.413807
v -8.524366 142.819763 -18.616863
v -6.63027 142.38121 -19.770203
v -6.171339 141.965286 -19.701
v -12.78462 143.336609 -23.028633
v -12.531385 143.117844 -22.550537
v -11.561232 142.845428 -23.034969
v -12.436064 143.023529 -23.87154
v -12.9447 143.028091 -24.56423
v -12.264265 143.070114 -24.408152
v -6.888853 142.949036 -17.983295
v -6.164938 142.465622 -17.746189
v -8.974836 142.156174 -22.555511
v -9.996748 142.424622 -22.139084
v -9.252058 142.65799 -21.665974
v -5.265448 141.797104 -18.718403
v -4.845663 141.539276 -19.202244
v -5.233007 141.303757 -19.745464
v -11.977247 142.685715 -23.846813
v -11.404371 142.895828 -24.001499
v -11.617201 143.766434 -18.65358
v -11.530485 144.263489 -17.604584
v -10.734098 143.821396 -18.408527
v -13.420698 144.461304 -20.346512
v -13.445997 143.955124 -19.722832
v -12.059324 143.580048 -20.374737
v -12.089445 144.29747 -19.406811
v -11.628187 143.715408 -19.489079
v -10.60214 141.334534 -25.171289
v -10.833052 141.419357 -25.422663
v -11.624052 141.561371 -25.733236
v -11.264372 142.558762 -24.564672
v -11.960432 142.393082 -24.71151
v -10.524458 141.679459 -24.535551
v -12.724577 142.463959 -25.227615
v -13.023191 142.250854 -26.157995
v -13.236341 142.866486 -25.05525
v -12.285093 141.808899 -25.774069
v -12.567778 141.941101 -26.284395
v -13.006636 142.194916 -26.637178
v -11.887342 142.200714 -25.240839
v -9.610594 141.294876 -24.762863
v -9.009916 141.115356 -24.476927
v -9.415022 141.09613 -24.719383
v -11.917707 141.574173 -25.877346
v -10.965132 143.168732 -20.98135
v -10.927671 143.351608 -19.845303
v -9.844831 143.405762 -20.347313
v -9.957594 143.836594 -18.566509
v -9.499723 143.181442 -18.808498
v -9.806746 143.519684 -19.5051
v -12.845808 144.234512 -18.563793
v -12.590361 144.506104 -18.13166
v -12.337858 144.233505 -18.454525
v -12.702559 144.416367 -17.570747
v -11.060194 143.996902 -19.165779
v -9.882292 143.537399 -17.952904
v -13.674513 145.150391 -15.773983
v -14.074598 145.608566 -14.918163
v -12.372938 144.74411 -16.131435
v -5.484816 141.186691 -20.221447
v -9.229841 144.254181 -16.831226
v -8.875883 143.576416 -16.347668
v -7.833021 143.37146 -17.186447
v -12.610121 144.539383 -16.709282
v -9.739866 144.126526 -16.454346
v -9.417768 144.301453 -15.808495
v -10.614561 144.237839 -16.597813
v -10.640669 143.90213 -17.569611
v -10.182737 144.286438 -16.90765
v -9.947874 143.894104 -17.441891
v -5.694578 141.397278 -20.438259
v -11.743513 144.765656 -15.69046
v -11.024183 144.174194 -16.319733
v -7.784834 142.482147 -19.987064
v -7.811308 142.729721 -19.292469
v -9.445951 142.949615 -19.81953
v -7.235533 142.008698 -21.371696
v -10.150862 142.430893 -23.659588
v -9.61067 142.181168 -23.251045
v -10.06822 142.923019 -21.528866
v -12.983976 143.601608 -21.358006
v -12.086622 143.228729 -21.769157
v -8.662169 142.50322 -20.490124
v -8.69969 143.003601 -20.085052
v -8.464521 142.412674 -21.862103
v -7.842741 141.770508 -22.307232
v -8.05496 141.939316 -22.638554
v -7.622816 141.403229 -22.745293
v -10.83061 142.789688 -22.275017
v -10.330061 142.404007 -23.038139
v -10.590025 142.718597 -21.504414
v -7.641081 143.678604 -16.078613
v -11.75305 143.513306 -21.120632
v -13.637739 144.180923 -19.32769
v -9.056349 144.041321 -17.479813
v -10.35861 144.115067 -15.902489
v -10.78285 144.498566 -15.315224
v -10.267134 144.486801 -15.429707
v -10.357924 143.407242 -19.758568
v -13.619108 144.858002 -17.44408
v -6.681471 142.51207 -18.584553
v -5.528608 142.487854 -18.038494
v -6.194807 142.362381 -19.038498
v -8.780134 141.928345 -23.461773
v -13.767256 144.594177 -18.181622
v -13.19763 143.168106 -23.752483
v -9.667509 144.366531 -15.210926
v -6.48802 140.978592 -21.464401
v -8.559645 143.731934 -15.724957
v -13.286421 143.427368 -22.376278
v -5.99439 143.350449 -15.683746
v -7.807173 141.011124 -23.517338
v -8.131071 141.134659 -23.750767
v -4.789068 141.720428 -18.90958
v -7.365362 141.012161 -23.211674
v -6.945326 140.791809 -22.468636
v -7.557997 142.727585 -17.952362
v -8.40164 144.026749 -18.481167
v -9.18762 142.652924 -20.752125
v -8.797697 144.170181 -14.979988
v -8.823805 140.978943 -24.249046
v -13.710096 144.125885 -20.89307
v -12.645582 145.066681 -15.364044
v -7.132254 140.962982 -22.97102
v -6.600157 140.836243 -21.980392
v -2.201609 148.534134 -3.45135
v -2.213968 149.221588 -3.0926
v -1.762125 148.771133 -2.739169
v -1.335373 143.589325 -13.04499
v -0.840858 143.065704 -13.299357
v -1.323517 142.770782 -13.858718
v -2.432074 143.264709 -13.933677
v -2.621702 144.366943 -11.625503
v -3.095129 144.64241 -10.499012
v -2.233795 144.31723 -11.140616
v -3.03797 148.354523 -3.690829
v -3.220182 148.956345 -2.740374
v -2.682249 148.35881 -3.227297
v -0.183519 148.273102 -3.611735
v 0.212111 148.619125 -2.93973
v 0.279685 148.017395 -3.671839
v -0.710787 150.697433 -0.118823
v -0.436579 151.011734 0.562185
v 0.139571 150.932693 0.20226
v 2.961646 149.049423 -2.166293
v 2.675269 149.202103 -1.846873
v 2.555671 148.504456 -2.717349
v 1.755637 149.041092 -2.425387
v 1.563193 148.879578 -2.016383
v 3.541442 147.744461 -4.260081
v 1.960448 147.322083 -4.30839
v 1.898513 147.96051 -3.575472
v 2.738265 147.511795 -4.144091
v 1.718802 147.242188 -4.937235
v 0.723815 147.514145 -4.224856
v 0.888595 148.205994 -3.943125
v 1.425338 146.996811 -5.074046
v -4.219698 150.608459 -0.12797
v -3.629305 150.946777 0.50356
v -2.886873 150.645508 -0.160311
v 0.076132 149.64743 -1.557795
v -0.640947 150.140839 -1.221888
v 0.127021 150.49707 -0.258464
v 0.857032 150.824554 -0.086894
v -0.278452 147.281235 -4.715594
v -0.331285 147.733337 -4.346041
v -4.164293 151.317123 0.06075
v -3.713385 147.599197 -4.657725
v -3.870131 148.280777 -3.639925
v -3.576033 147.979935 -4.048235
v -4.382025 147.829163 -4.421397
v -4.344999 148.528702 -3.253207
v 2.032294 148.52977 -2.539172
v 2.051681 149.54686 -1.268473
v 1.654738 150.227402 -0.260775
v 3.032866 149.685638 -0.851054
v -2.658155 149.693115 -2.304537
v -3.056795 149.499268 -1.847521
v -1.904558 149.46138 -2.046389
v -0.553667 149.268051 -2.383029
v 0.457137 149.322159 -1.969584
v -2.160318 147.683823 -4.466738
v -1.054262 147.739624 -4.134211
v -1.372583 147.446243 -4.74322
v -4.065592 149.624191 -2.139445
v -4.456697 149.719971 -1.389804
v -4.603399 149.124329 -2.463465
v -5.105066 149.639389 -2.032786
v -4.63666 150.327118 -1.177477
v -5.115175 150.325745 -0.685847
v -3.716082 150.057678 -0.903353
v -4.38146 146.128479 -7.115482
v -4.331137 146.62323 -6.557627
v -3.718596 146.232178 -6.820437
v -2.579657 143.103531 -14.493755
v -2.372215 142.282501 -15.280312
v -2.952314 143.019211 -14.523468
v 1.121696 151.184616 0.842412
v -1.541185 146.825058 -6.025713
v -2.328737 146.796509 -5.931658
v -0.953371 146.857162 -5.641627
v -1.165834 148.274216 -3.530962
v -0.781694 148.596222 -3.091853
v -1.540751 149.349854 -2.506106
v -0.522415 143.462509 -12.848239
v 0.224533 143.812622 -12.047107
v -0.061035 142.69072 -13.342898
v -1.328722 149.31424 -2.015276
v -2.814592 151.202606 0.852407
v -2.535364 150.890411 -0.213069
v -1.991091 151.0737 0.014852
v -1.649805 150.827148 0.240415
v -1.714937 150.470734 -0.413325
v -4.202566 143.617966 -13.772815
v -3.578352 143.351685 -14.611237
v -5.056814 146.171402 -7.579731
v -3.699453 145.918564 -7.451427
v -4.80921 148.506058 -3.726473
v -5.021482 146.38916 -6.700488
v -3.987089 143.742706 -13.607238
v -3.271826 143.654327 -13.383731
v -3.827398 144.482742 -11.253223
v -3.041861 143.488846 -13.916316
v 0.271216 146.953079 -5.234416
v -1.461182 144.23912 -11.916728
v -4.362883 144.183762 -11.980751
v -1.021759 144.296844 -11.050376
v 0.247246 144.314713 -11.367339
v -4.381521 144.505524 -10.587902
v -0.194437 145.947739 -7.005297
v 0.493094 145.741257 -7.481364
v -0.798754 145.95282 -7.318491
v -2.521742 146.00296 -7.065235
v -4.678885 145.159958 -11.411774
v -3.152044 146.779572 -5.989359
v -1.951685 146.336426 -6.571856
v -1.510004 145.543457 -8.279738
v -0.474291 145.552872 -7.918215
v -2.741041 146.391769 -6.851329
v -0.292322 146.457474 -6.278361
v -2.645231 145.657486 -7.959945
v -3.305212 145.106476 -9.595627
v -2.381943 145.361481 -9.738483
v -1.817337 144.722443 -10.169902
v -4.742949 146.865067 -6.02138
v -3.88632 145.069092 -10.695385
v -4.686285 148.009186 -4.210894
v -4.831614 151.240738 -0.231654
v -4.163977 148.981323 -2.775004
v -5.134993 148.995071 -2.788004
v -3.766096 148.82431 -3.357119
v -2.701323 147.749115 -4.352618
v -0.532518 150.223419 -0.503214
v -1.144938 150.361053 -0.171885
v -1.354326 149.900497 -0.888522
v -0.304245 142.648041 -13.602363
v -0.965599 142.45369 -14.096965
v -1.207367 142.405121 -14.100528
v -2.36751 150.077469 -0.854365
v -1.569046 142.307343 -14.420135
v -1.603745 142.489365 -14.553272
v -1.628595 149.946899 -1.401354
v -1.475618 148.475662 -3.222826
v -4.833998 145.387955 -10.317322
v -4.126638 145.15239 -9.862225
v 2.410476 150.508575 0.067617
v 1.579635 150.818314 0.39414
v 2.254668 149.541351 -1.727328
v 1.319037 149.451431 -1.619258
v 1.571349 148.680054 -2.902522
v -4.722807 145.66452 -8.837212
v -3.996687 145.714691 -8.280407
v -3.937521 145.400955 -8.687168
v -4.075499 146.673492 -5.984049
v -2.452093 145.422699 -8.629086
v -3.119726 145.812012 -8.902664
v -2.059799 145.254456 -9.119864
v -0.834457 145.074905 -9.279307
v -1.116074 144.964661 -10.325809
v -4.512857 151.579453 0.81854
v -1.385263 146.355087 -6.567698
v -1.604187 144.453918 -11.077434
v -0.034241 144.999557 -9.471183
v -0.154213 144.502441 -10.480414
v 1.546875 144.299942 -11.381019
v 1.276688 143.222321 -12.149699
v 0.997833 143.810898 -11.796573
v 2.177116 144.17424 -10.884742
v 2.603233 143.347061 -11.67504
v 1.620735 143.08136 -12.266215
v 1.420319 144.53624 -10.405181
v 0.54097 144.436478 -10.443881
v 1.12088 144.894958 -9.624118
v 1.010887 145.262863 -8.644782
v -2.01123 142.396439 -14.711021
v -2.163956 142.320129 -15.00029
v 2.315727 145.096176 -9.181907
v 2.618233 144.699753 -10.036601
v 1.93547 145.836121 -7.477187
v 0.389556 146.288849 -6.365778
v 2.321746 146.399841 -6.337924
v 1.166312 146.271194 -6.804995
v 2.708587 146.220612 -6.936099
v 2.587234 145.887756 -7.454573
v 2.344779 147.006332 -5.085986
v 3.331611 146.997986 -5.179545
v 0.657364 142.797318 -12.922637
v 2.664291 144.319031 -10.547976
v 2.820343 143.408051 -11.456065
v -5.054487 144.164902 -12.39703
v -2.193071 151.632736 1.063459
v -5.092955 143.847427 -13.877636
v 2.181824 143.268967 -11.968284
v 1.947769 143.169022 -12.177711
v -3.984579 145.664169 -9.435223
v -4.714521 145.967407 -7.969707
v 0.386107 151.157959 0.775365
v 1.215256 142.985474 -12.560195
v 3.444366 143.6754 -10.918323
v 0.510666 145.028732 -9.870303
v 3.189484 143.532303 -11.255603
v 0.800934 144.433243 -10.957702
v 3.601547 143.739166 -10.919101
v -13.757277 147.624969 -8.743237
v -12.470518 147.243393 -8.432419
v -13.057081 147.275452 -9.323574
v -10.658796 146.06131 -10.160339
v -10.249937 146.261841 -9.5103
v -9.931181 146.462006 -10.00515
v -10.523146 146.565781 -9.722881
v -11.945311 146.674026 -9.535912
v -11.284391 146.650024 -9.148388
v -9.991163 145.774887 -11.376564
v -9.469099 145.81311 -10.829033
v -10.738356 145.95874 -10.92746
v -10.322401 146.178482 -10.686951
v -13.442915 145.815948 -13.180489
v -12.642134 145.933319 -13.227947
v -12.196562 145.465714 -13.508564
v -13.717054 146.063568 -13.493965
v -12.647078 145.340714 -14.260513
v -13.590254 145.519363 -14.630756
v -6.489973 144.021484 -13.929424
v -5.803007 144.165848 -14.019138
v -6.178862 143.692062 -14.66534
v -8.342161 144.980927 -11.93515
v -7.211004 144.948502 -11.134418
v -7.4111 144.958908 -12.509163
v -6.156713 144.441559 -12.302246
v -5.545988 144.75119 -12.319134
v -7.703321 145.230865 -10.825413
v -7.096739 145.196609 -10.10854
v -11.064833 146.610977 -10.612827
v -11.917387 146.690231 -10.279972
v -11.022795 146.409302 -9.467007
v -10.306288 145.219788 -12.689354
v -9.553495 145.337463 -11.742035
v -9.566236 144.854004 -13.321743
v -8.52519 144.474304 -13.112164
v -8.243208 144.258667 -14.428097
v -11.463163 146.063675 -11.61071
v -11.465544 146.411346 -11.125393
v -10.700026 145.650162 -11.913025
v -12.216566 146.355362 -10.9347
v -12.425703 146.798279 -10.496891
v -12.004606 146.259552 -11.535744
v -11.221388 145.227966 -13.471088
v -11.243605 145.382614 -12.772202
v -9.149397 144.967728 -12.404743
v -8.964552 145.211639 -11.692032
v -5.929068 145.050049 -11.579102
v -6.458593 144.782104 -11.55426
v -6.335798 144.926849 -10.728237
v -6.106329 144.229111 -13.11731
v -8.912275 145.612595 -11.242386
v -8.698881 145.465897 -10.655899
v -6.052114 144.98494 -13.792458
v -5.36936 143.935181 -13.478054
v -12.957685 146.0298 -12.797131
v -13.200773 146.316223 -11.786106
v -12.609129 146.177704 -12.5214
v -7.07057 144.277176 -13.085529
v -12.014845 145.732193 -12.402317
v -8.691847 145.760468 -9.580246
v -7.894819 145.529541 -10.346897
v -8.596281 146.162796 -10.229332
v -9.403852 146.084763 -9.388996
v -8.902174 146.482651 -8.330074
v -8.089277 146.083145 -8.836864
v -7.757856 145.621994 -9.867302
v -12.845182 146.92067 -9.718559
v -11.665464 145.024277 -14.835735
v -11.740446 145.25267 -13.913994
v -11.243986 144.954529 -14.27911
v -13.244688 147.850113 -7.56393
v -12.480177 147.567276 -7.618034
v -11.347517 147.138153 -7.970535
v -6.959822 145.755966 -9.735371
v -6.997786 145.672089 -9.163857
v -6.51927 145.912476 -10.029373
v -7.059965 146.131699 -8.870678
v -7.181074 146.506592 -7.894161
v -6.790342 146.157822 -8.123714
v -9.915495 146.4198 -8.899776
v -12.279005 145.616608 -13.931946
v -10.257277 144.663986 -13.963779
v -8.20561 146.758347 -7.71561
v -7.933607 146.292343 -7.868923
v -8.030546 146.357193 -8.644997
v -12.913694 146.455292 -11.191364
v -5.296759 144.956696 -10.743862
v -9.055403 146.855179 -7.065082
v -8.860075 146.525299 -8.0168
v -10.641539 146.815033 -8.396019
v -10.211851 147.189362 -7.651111
v -7.690138 146.392151 -7.179737
v -10.642363 147.344116 -7.136997
v -11.354918 147.943375 -7.366237
v -11.643934 147.742813 -7.8152
v -7.139029 146.25531 -7.29578
v -6.523977 145.794647 -8.835583
v -6.173216 146.513626 -7.961032
v -5.673498 145.8358 -8.419895
v -12.294752 147.944504 -7.187175
v -13.578703 146.787994 -10.740078
v -13.421827 146.227966 -12.960251
v -13.555861 146.324539 -12.361462
v -12.952604 146.722229 -10.342953
v -5.625059 145.991226 -7.543315
v -6.493292 146.571564 -7.408565
v -9.945616 145.120361 -13.197975
v -5.870398 145.706055 -9.204849
v -10.394316 144.807739 -14.52364
v -11.272779 148.877426 -3.919948
v -10.070097 148.714798 -3.65015
v -10.09651 148.753204 -4.19627
v -6.980719 148.326172 -3.63174
v -7.412985 148.897446 -3.258739
v -7.029913 148.805832 -2.920978
v -6.65148 148.923233 -2.956439
v -6.202589 149.210464 -3.173793
v -6.361212 148.249878 -3.607532
v -5.84461 149.343155 -2.973613
v -11.006102 149.154099 -3.344287
v -10.526472 149.136734 -3.249935
v -11.116606 149.108459 -2.789272
v -9.125002 150.198471 -0.090854
v -8.481707 150.595612 0.49654
v -8.430437 150.4608 -0.084804
v -10.615374 149.828079 -1.219722
v -10.171007 150.073471 -0.706745
v -9.825579 149.803955 -0.575374
v -9.419157 148.797012 -3.374835
v -8.583677 149.045197 -3.076892
v -8.705214 148.532181 -3.636966
v -6.387754 149.003464 -2.409908
v -7.034807 149.553635 -1.806972
v -5.653734 149.737274 -1.37714
v -12.197187 149.112946 -3.670398
v -11.658689 148.655716 -4.55009
v -11.431974 148.445328 -5.458599
v -10.594362 149.313293 -1.586666
v -9.513155 150.176804 -0.043682
v -9.360613 150.098022 -0.550769
v -10.011126 150.179337 -0.404758
v -9.298754 149.812653 -0.967914
v -9.468859 150.219955 0.133458
v -9.118792 150.629059 0.356053
v -12.104628 149.208878 -2.724643
v -9.618254 148.330521 -4.273319
v -10.404737 148.403915 -4.632732
v -8.235304 148.602066 -3.212314
v -7.702635 148.213303 -3.807613
v -8.083815 147.650177 -4.785442
v -13.018232 148.272263 -6.447917
v -12.618101 148.095001 -6.391056
v -8.463453 147.50769 -5.342403
v -7.605177 147.480911 -5.394016
v -11.078337 147.968658 -6.007953
v -10.034834 147.499939 -6.55978
v -5.837019 148.055496 -4.648563
v -5.085989 147.877197 -4.894564
v -8.448763 150.29277 -0.518512
v -7.029722 146.703995 -6.909908
v -6.61672 146.86821 -5.926784
v -5.596815 146.775452 -6.147754
v -8.399321 147.539642 -5.923046
v -7.92256 146.949905 -6.214435
v -8.40045 146.90744 -7.048931
v -6.634352 146.355988 -6.779811
v -5.906477 146.451065 -6.811847
v -9.641035 147.398346 -6.298725
v -8.348314 151.14949 0.984219
v -7.804033 151.186035 0.280339
v -6.829123 148.313126 -4.42313
v -7.299223 147.951324 -5.295017
v -7.970064 150.506439 -0.299549
v -10.852877 149.25383 -1.463039
v -11.173525 149.306534 -1.681003
v -9.81146 149.887741 -2.413692
v -8.932234 149.475952 -3.118236
v -7.623125 149.710007 -2.177227
v -8.145002 149.101166 -2.761783
v -8.870501 150.193695 -1.78886
v -8.34894 150.335709 -1.557285
v -7.77762 149.968185 -1.20393
v -11.789579 147.79454 -6.758235
v -12.404814 148.528214 -5.83382
v -5.94293 148.098083 -3.939304
v -6.34458 147.359421 -5.78342
v -5.886156 151.172073 0.809986
v -5.471331 150.718719 -0.215778
v -6.565958 150.567688 -0.277073
v -6.273554 150.985535 0.220059
v -5.712587 150.39595 -0.610233
v -7.534216 146.960297 -5.779216
v -7.242319 151.192459 0.54047
v -7.129625 150.147202 -0.992389
v -5.090879 149.419708 -2.629771
v -11.592176 149.174866 -2.238636
v -10.198729 147.904327 -5.563648
v -13.269102 148.735352 -5.722431
v -12.951719 148.846146 -4.432132
v -12.706892 149.066147 -3.297359
v -6.130739 150.151489 -0.78857
v -11.85684 149.202347 -2.344631
v -8.775499 150.892487 0.602566
v -13.244184 148.951172 -3.740062
v -13.18257 149.164764 -3.425746
v -13.512938 148.812317 -4.981616
v -12.308378 149.272827 -2.854724
v -23.570707 145.237778 -23.108444
v -21.327406 144.756531 -22.048309
v -21.85568 144.707016 -23.420338
v -22.837568 144.875168 -24.857647
v -21.682631 144.715057 -24.813309
v -22.486555 144.718887 -25.666527
v -18.266829 145.533524 -16.988197
v -16.927549 145.7061 -16.010693
v -16.973722 145.260361 -17.34087
v -23.77458 144.954849 -26.313213
v -22.620771 144.788208 -26.63414
v -23.623152 144.824295 -27.578094
v -16.320021 145.211761 -17.133663
v -16.670652 145.038025 -18.252728
v -17.607664 144.972458 -19.054676
v -24.047529 144.981354 -20.325436
v -23.344374 145.920547 -19.621487
v -23.385344 145.079605 -21.407215
v -24.989058 144.787979 -22.271786
v -24.696028 144.957535 -23.204025
v -25.271544 144.786774 -23.073681
v -24.973555 145.086975 -21.789165
v -24.811598 145.194763 -20.708412
v -24.287275 145.107452 -22.37397
v -24.670103 145.052032 -19.225361
v -24.637724 145.072861 -19.791405
v -25.150557 144.995407 -23.863529
v -24.178297 144.985519 -22.72073
v -24.116743 145.042419 -24.205757
v -24.674055 144.930573 -24.32666
v -25.318983 144.712326 -24.477299
v -24.914824 145.189087 -25.449604
v -22.170546 144.878326 -21.748604
v -24.919722 145.379745 -25.892677
v -24.363966 144.815186 -26.297592
v -25.116682 144.661728 -26.245068
v -25.15991 144.436829 -27.173355
v -21.530149 145.082031 -24.232864
v -23.073057 145.07132 -23.969814
v -24.640242 144.271088 -28.410999
v -25.118254 144.360504 -28.43446
v -25.023497 144.228668 -29.24395
v -21.66493 145.064896 -25.802933
v -22.638014 145.419815 -18.896961
v -21.481642 145.462952 -18.144817
v -21.655134 145.156296 -18.908848
v -24.342634 145.345108 -17.294323
v -24.03253 145.526245 -16.775093
v -23.713514 145.515488 -17.370846
v -21.320448 145.088318 -21.307121
v -20.246138 145.094223 -22.331787
v -19.864943 144.583206 -21.711025
v -19.89958 144.679825 -23.169147
v -20.671263 144.912247 -23.527485
v -21.268873 144.458023 -25.095257
v -23.566252 145.477341 -16.226501
v -21.791685 145.734482 -17.026012
v -19.288618 144.304733 -24.961723
v -19.805784 144.268997 -26.265621
v -22.409376 145.750366 -15.733555
v -21.691038 145.944061 -16.216377
v -22.094938 145.907288 -14.893963
v -20.604124 144.918488 -26.293781
v -21.827635 144.362946 -27.201225
v -16.252882 144.353088 -21.115986
v -15.71237 144.302856 -20.241829
v -15.321394 144.085632 -21.123116
v -22.890516 144.69368 -28.251087
v -23.821135 144.474091 -29.650406
v -23.216932 144.486649 -30.300369
v -15.049696 144.678452 -19.792282
v -14.583036 143.934952 -21.832275
v -25.039122 144.276657 -30.048565
v -16.425627 144.789001 -20.049206
v -17.64192 144.845154 -19.615337
v -20.426222 144.053406 -27.716778
v -22.418028 144.487473 -29.156765
v -22.06996 144.013931 -29.833614
v -15.781019 145.543823 -16.456802
v -14.893644 145.723846 -15.038315
v -14.632048 145.250198 -16.52713
v -16.109816 145.582458 -15.929821
v -15.381376 144.991394 -17.673515
v -15.749388 145.11377 -19.030949
v -15.886183 144.954147 -18.451397
v -17.72946 144.038757 -25.614487
v -21.72473 144.988876 -20.52232
v -21.193068 143.528427 -30.19532
v -20.259077 143.879822 -29.736183
v -18.854155 143.309128 -29.952267
v -18.146864 143.377228 -28.558502
v -17.587523 143.204285 -28.764364
v -19.561064 143.644104 -30.452324
v -19.405516 143.544586 -29.646843
v -20.529829 143.512024 -30.534031
v -16.711821 142.422562 -29.342424
v -16.207701 142.293457 -28.728788
v -15.014311 142.149445 -27.534977
v -14.908445 142.966507 -25.7339
v -14.613661 142.50235 -26.75922
v -17.666777 142.649948 -30.2414
v -19.528624 143.873428 -28.173115
v -14.842054 145.094376 -18.838463
v -14.823545 144.712997 -18.156254
v -14.692091 144.33728 -19.117359
v -18.859663 143.885742 -28.994007
v -17.821257 145.041687 -18.357689
v -15.456678 143.789261 -22.556107
v -14.225309 143.47641 -22.868423
v -15.500166 145.015945 -19.930416
v -23.12602 145.625641 -17.841442
v -16.279356 144.653778 -18.827766
v -13.886106 143.307327 -23.298267
v -24.885954 143.979935 -30.706161
v -13.936293 143.081757 -24.04636
v -14.294523 143.782898 -24.229681
v -24.534437 145.230972 -18.545921
v -23.575544 145.292831 -18.800488
v -14.215773 142.969452 -26.359293
v -13.671446 142.288055 -26.896883
v -14.043028 142.17305 -26.899515
v -14.574751 142.186569 -27.358562
v -15.922132 143.612473 -23.882137
v -15.181654 144.11348 -23.485142
v -15.082075 143.388229 -24.526218
v -16.992491 144.310638 -22.163849
v -16.204069 143.570801 -25.337141
v -15.590269 143.144455 -26.366043
v -16.542402 144.016342 -24.491327
v -14.464888 143.274155 -25.210821
v -18.343702 144.38443 -23.244526
v -17.121367 144.509262 -20.432892
v -21.152967 146.037964 -15.713387
v -20.778364 145.840759 -16.42392
v -22.744001 145.91272 -18.365021
v -20.291578 145.298447 -18.140316
v -19.842619 145.545776 -17.170677
v -20.246016 145.137024 -19.368526
v -19.19142 145.107574 -18.410233
v -20.519285 144.877365 -20.411854
v -19.627073 144.91597 -20.477451
v -21.60243 145.281174 -19.996151
v -18.663023 144.839508 -19.740032
v -18.216505 144.641953 -20.416298
v -19.137205 145.003738 -21.571434
v -19.427534 145.59697 -16.573883
v -18.361387 145.243561 -17.636879
v -14.349867 144.503494 -19.722321
v -13.917097 144.47261 -18.944981
v -17.661375 144.481934 -21.309196
v -18.652845 144.4823 -21.993111
v -20.339582 144.687668 -21.68597
v -18.265013 142.306641 -30.713928
v -16.393629 143.418091 -27.326439
v -19.416059 144.386215 -24.011234
v -17.339613 144.634521 -24.818642
v -17.444273 144.084076 -23.632
v -22.984892 145.971756 -15.372669
v -21.337263 146.098892 -14.960041
v -14.00514 143.716095 -22.159023
v -17.776777 145.922806 -15.558151
v -20.345289 146.168839 -15.059811
v -19.145552 146.221619 -14.83128
v -14.07736 142.197739 -27.294996
v -15.885435 145.900665 -14.657516
v -15.748579 144.168396 -21.738117
v -24.139326 145.936188 -25.303638
v -23.062696 145.29483 -26.033981
v -23.504942 145.210541 -25.188351
v -17.856779 143.713974 -27.173359
v -16.646254 143.50676 -26.834133
v -15.40785 142.346725 -28.192339
v -16.545851 143.635757 -25.080038
v -16.685087 143.882523 -25.914896
v -17.960066 144.164719 -24.188368
v -17.975431 143.820984 -28.008432
v -24.932386 144.965714 -20.323895
v -19.23628 144.340591 -25.836426
v -17.226545 144.827347 -21.276035
v -18.49391 145.872635 -15.642117
v -19.207411 144.803009 -22.321907
v -14.315107 147.242569 -10.428024
v -13.873991 147.13768 -9.750664
v -16.156248 147.328751 -9.635849
v -15.332121 147.819962 -8.82132
v -15.201475 147.478195 -10.0784
v -15.735212 147.216385 -11.073669
v -14.811186 146.879456 -11.293324
v -16.294172 147.129333 -10.697186
v -13.78784 148.826874 -4.221332
v -13.668684 149.001205 -4.008983
v -14.255751 148.646362 -5.483928
v -14.716505 148.436676 -5.647541
v -14.396925 148.785309 -4.618511
v -14.995039 148.538757 -5.465938
v -14.829069 148.64241 -5.149684
v -14.840742 146.143341 -13.985981
v -14.345976 146.016968 -13.182045
v -14.071898 145.930466 -14.188606
v -14.867033 148.406418 -6.262859
v -15.401274 148.509613 -6.148067
v -14.281721 148.121964 -7.497375
v -14.321257 148.501419 -6.507717
v -13.679976 148.208878 -7.004512
v -17.460402 146.870834 -10.875633
v -17.024549 147.088318 -10.365253
v -17.565245 146.757751 -11.046612
v -16.329496 147.004593 -11.772396
v -17.957228 146.772919 -11.682617
v -17.865995 146.87645 -11.344524
v -17.364271 146.733902 -12.373543
v -16.086103 146.398087 -13.726624
v -15.865156 146.541779 -12.732849
v -15.561338 146.149872 -13.58387
v -15.38069 146.580414 -12.333721
v -14.521605 146.367294 -12.628262
v -22.00923 145.984619 -14.087945
v -14.08238 148.772629 -4.271068
v -21.166899 146.078217 -13.676206
v -20.954313 146.14592 -13.369805
v -20.440535 146.207748 -13.085801
v -20.173353 146.332306 -14.247735
v -20.839979 146.168579 -14.018056
v -19.579756 146.436401 -13.851586
v -18.264509 146.174728 -14.507496
v -18.459974 146.611465 -13.336826
v -17.847609 146.695953 -13.534725
v -18.928877 146.487305 -13.372262
v -18.875731 146.420135 -12.617264
v -15.803541 148.330063 -7.151584
v -15.360426 148.088577 -6.761928
v -15.086271 148.129654 -7.350971
v -14.852171 147.296875 -9.98637
v -19.516066 146.47435 -13.148873
v -19.590498 146.459427 -12.611642
v -19.137648 146.371246 -12.253967
v -18.033339 147.1763 -12.261684
v -16.793516 147.103958 -10.049065
v -16.57942 147.403412 -9.343864
v -17.066084 146.52562 -13.874134
v -15.113127 146.564743 -13.542706
v -16.148787 147.708862 -7.853088
v -18.735807 146.69606 -12.192223
v -20.240492 146.238205 -12.84982
v -15.7209 148.362503 -6.414722
v -16.713957 146.151596 -14.339375
v -14.598539 147.641418 -9.067383
v -16.367582 147.562225 -8.807236
v -14.457228 147.634476 -9.567993
v -14.623579 148.720276 -4.815883
v -14.595778 148.817856 -4.633564
v -21.397001 146.031509 -13.67534
v -16.077314 147.961502 -7.514812
v -18.360518 146.830368 -11.960445
v -18.088194 147.085999 -11.815811
v -22.578978 145.780609 -14.735828
v -2.635569 152.026993 0.907308
v -1.514894 152.348267 2.187787
v -1.216906 152.093506 2.071492
v -1.194002 151.978561 1.065061
v -6.103823 151.728271 1.214016
v -5.661829 151.568497 1.408024
v -6.610323 151.12886 0.860943
v -7.395105 151.398788 1.195378
v -8.00551 151.027359 1.016957
v -4.517565 151.788696 1.652562
v -3.396761 151.94017 1.527928
v -3.276476 151.369827 1.335247
v -7.499712 151.440842 1.867993
v -6.606493 151.453156 1.196011
v -5.846994 151.840363 1.993595
v -6.971437 151.625671 2.415478
v -6.163935 151.803391 1.895726
v -7.283167 151.476929 2.006558
v -5.797548 152.246597 2.838147
v -4.654291 152.293549 2.420498
v -6.540987 152.058823 2.503582
v -4.946817 152.397232 3.02744
v -3.611986 152.697998 3.310902
v -4.835634 152.097244 1.664669
v -3.252192 152.491806 2.398724
v -6.654055 152.137894 2.446606
v -5.971926 152.140457 1.965329
v -4.794344 151.462692 1.452885
v -0.601038 151.837296 1.708317
v -0.33317 152.340546 2.475865
v -1.319124 152.457352 2.841473
v -0.861132 152.431122 3.632473
v -2.697565 152.530258 3.474637
v -1.743364 152.548676 3.591664
v -1.059351 152.514954 2.233014
v -2.417521 152.497543 2.276814
v 0.055677 152.038284 1.867947
v 3.051505 152.833603 3.338767
v 2.978339 152.614655 2.942999
v 0.462531 151.734589 1.579426
v 2.164817 152.424271 2.425429
v 1.889853 151.409561 1.186629
v -6.832827 151.597305 1.6675
v -0.392778 151.775223 1.215817
v -0.152773 151.472763 1.003484
v 0.711013 152.105743 2.339505
v -0.205919 152.631821 3.594014
v 0.526725 152.627441 3.476155
v 0.84555 152.505905 3.536061
v 2.415175 152.699066 3.496886
v -0.883783 151.413574 0.997686
v -1.885485 151.318619 1.180424
v -8.784029 150.741013 0.774098
v -8.387957 151.092056 1.069691
v -7.921373 151.470535 1.510502
v -6.30794 152.183533 2.719655
v -7.73897 151.621994 1.639424
vt 1.263922 1.119755
vt 1.276337 1.133057
vt 1.268133 1.138174
vt 1.163273 1.139036
vt 1.193231 1.142882
vt 1.178826 1.141209
vt 1.279615 1.111923
vt 1.250671 1.121803
vt 1.252263 1.132902
vt 1.241591 1.134929
vt 1.238881 1.143306
vt 1.226701 1.14339
vt 1.299562 1.09741
vt 1.315294 1.094039
vt 1.308518 1.112707
vt 1.238264 1.114477
vt 1.214572 1.127156
vt 1.214133 1.142951
vt 1.200842 1.142966
vt 1.198732 1.115482
vt 1.17808 1.110311
vt 1.239489 1.103272
vt 1.251602 1.109431
vt 1.295447 1.120867
vt 1.290726 1.123984
vt 1.286221 1.126764
vt 1.249406 1.143447
vt 1.312452 1.105728
vt 1.220065 1.111725
vt 1.261958 1.14226
vt 1.150827 1.135979
vt 1.147517 1.136699
vt 1.142738 1.136111
vt 1.210421 1.143412
vt 1.303106 1.11611
vt 1.254585 0.91685
vt 1.257444 0.936255
vt 1.234243 0.924085
vt 1.200716 0.981408
vt 1.221127 0.976225
vt 1.228163 0.986304
vt 1.274868 1.089852
vt 1.285433 1.08006
vt 1.262821 1.074681
vt 1.202863 0.952882
vt 1.231387 0.961853
vt 1.204708 0.969791
vt 1.209912 0.927054
vt 1.218532 0.901033
vt 1.208244 1.056879
vt 1.214471 1.051964
vt 1.224842 1.066613
vt 1.269908 0.997981
vt 1.270148 1.016664
vt 1.246366 1.017131
vt 1.226681 1.043071
vt 1.245151 0.970685
vt 1.259997 0.909661
vt 1.235359 0.902379
vt 1.254175 0.954758
vt 1.276246 0.964794
vt 1.27956 0.982087
vt 1.18172 0.963013
vt 1.189437 0.968764
vt 1.279815 0.947597
vt 1.285103 0.932044
vt 1.306788 0.947691
vt 1.241101 0.883245
vt 1.25158 0.890107
vt 1.241706 0.890515
vt 1.21637 1.073782
vt 1.311678 1.013361
vt 1.324969 1.012627
vt 1.305357 1.031575
vt 1.302385 1.043719
vt 1.335845 1.01219
vt 1.330919 1.024663
vt 1.332013 1.027318
vt 1.329169 1.038745
vt 1.278282 1.030207
vt 1.259796 1.058989
vt 1.228978 0.942176
vt 1.225149 0.872725
vt 1.244496 0.943575
vt 1.279767 0.913696
vt 1.269507 0.930853
vt 1.257819 0.894813
vt 1.262712 0.898983
vt 1.282281 1.060091
vt 1.301539 1.020312
vt 1.292069 1.01091
vt 1.260083 1.093855
vt 1.269415 0.904753
vt 1.219494 0.869043
vt 1.245785 1.072647
vt 1.285352 0.918503
vt 1.29704 1.067305
vt 1.298847 0.969228
vt 1.323172 0.986711
vt 1.297616 0.993836
vt 1.217121 1.089229
vt 1.212 1.021863
vt 1.301248 1.081696
vt 1.202955 1.004586
vt 1.231855 1.004258
vt 1.318134 1.082914
vt 1.183803 0.897459
vt 1.206791 0.881066
vt 1.199249 0.900443
vt 1.207345 1.106951
vt 1.198069 1.097051
vt 1.238946 1.023697
vt 1.254838 1.036778
vt 1.170576 0.869982
vt 1.184697 0.923461
vt 1.195451 0.853891
vt 1.210731 0.864473
vt 1.188633 0.849962
vt 1.323513 1.06089
vt 1.195298 1.023567
vt 1.179669 0.947806
vt 1.196879 0.929892
vt 1.239371 1.061607
vt 1.201947 1.034391
vt 1.232217 0.877399
vt 1.299952 0.933098
vt 1.320838 0.97883
vt 1.320099 1.074686
vt 1.173271 0.840356
vt 1.180359 0.844586
vt 1.310328 0.955509
vt 1.329253 0.997463
vt 1.207649 0.86133
vt 0.99939 0.974326
vt 0.997861 0.960905
vt 1.011485 0.973588
vt 0.982343 0.986546
vt 1.000607 0.989449
vt 0.979474 0.967934
vt 0.988617 0.973284
vt 1.095123 0.926523
vt 1.10846 0.922435
vt 1.107903 0.933287
vt 1.055266 0.886205
vt 1.079024 0.899232
vt 1.060153 0.905138
vt 1.044812 0.846392
vt 1.064412 0.843829
vt 1.052322 0.860392
vt 1.154076 0.852235
vt 1.10128 0.897317
vt 1.105882 0.9013
vt 1.053853 0.842656
vt 1.056182 0.823724
vt 1.058245 0.833412
vt 1.047278 0.824798
vt 1.068632 0.827498
vt 1.067447 0.834399
vt 1.006095 1.002653
vt 1.012115 0.992494
vt 1.021254 1.010727
vt 1.065366 0.947175
vt 1.098286 0.945376
vt 1.165345 1.005657
vt 1.177369 1.01897
vt 1.159919 1.022568
vt 1.156532 0.926009
vt 1.160988 0.910537
vt 1.140808 0.949735
vt 1.166252 0.946715
vt 1.101289 0.837613
vt 1.119775 0.840059
vt 1.101487 0.84728
vt 1.024665 0.990187
vt 1.035636 0.98834
vt 1.038857 1.002846
vt 1.130655 0.856966
vt 1.130663 0.845435
vt 1.140964 0.849285
vt 1.140294 0.937993
vt 1.149024 0.922973
vt 1.07072 0.82319
vt 1.074192 0.823083
vt 0.97465 0.853913
vt 0.985957 0.845728
vt 0.99269 0.84942
vt 1.080452 0.822787
vt 1.084908 0.823018
vt 1.039278 0.913585
vt 1.054019 0.916375
vt 1.010537 1.070131
vt 1.023547 1.05804
vt 1.021858 1.094564
vt 1.124507 0.979674
vt 1.139923 0.981892
vt 1.137294 0.999746
vt 1.152086 0.971381
vt 1.148164 1.005087
vt 1.163056 0.988183
vt 1.040625 0.961963
vt 1.039371 0.940076
vt 1.050204 0.954663
vt 1.04069 0.893494
vt 1.071556 0.972642
vt 1.078124 0.963208
vt 1.088877 0.962399
vt 1.051646 0.979652
vt 1.059251 0.98739
vt 1.043214 0.982689
vt 1.146357 0.839846
vt 1.149971 0.830058
vt 1.154491 0.831864
vt 1.045012 1.010898
vt 1.047506 1.020214
vt 1.03848 1.027928
vt 1.079843 0.991145
vt 1.10718 0.98757
vt 1.091151 1.012512
vt 1.066502 0.97873
vt 1.120723 0.90061
vt 1.140492 0.904957
vt 1.123155 0.916987
vt 1.116139 0.88807
vt 1.135574 0.889249
vt 1.124799 0.927405
vt 1.140829 0.918817
vt 1.184921 1.000451
vt 1.171753 1.046331
vt 1.175043 0.992241
vt 1.144784 1.027869
vt 1.149854 1.043783
vt 0.997055 0.821962
vt 1.003622 0.822561
vt 0.991157 0.828249
vt 1.066475 0.91215
vt 0.9906 0.820213
vt 0.986443 0.818805
vt 1.102436 0.878206
vt 1.123926 0.870118
vt 0.978334 0.816141
vt 0.983132 0.828638
vt 0.970132 0.826348
vt 1.003683 1.054031
vt 1.00926 1.039481
vt 1.014763 1.047233
vt 1.16005 0.840623
vt 1.162016 0.835167
vt 1.167533 0.837578
vt 1.01294 1.023775
vt 1.033545 1.035085
vt 1.09619 0.822119
vt 1.099782 0.822265
vt 1.080178 0.836018
vt 1.076941 0.845144
vt 1.002379 0.920286
vt 1.035102 0.901652
vt 1.015803 0.926688
vt 0.995302 1.041405
vt 1.12669 1.054777
vt 1.132691 1.062844
vt 1.057357 0.999439
vt 1.078803 1.003043
vt 1.059501 1.014658
vt 1.147127 0.828912
vt 1.084656 0.979859
vt 1.099752 0.964616
vt 1.122671 0.964229
vt 1.098274 0.979863
vt 0.974117 0.868185
vt 0.98539 0.870777
vt 1.001431 0.82224
vt 0.969982 0.955069
vt 0.9926 0.941473
vt 0.996032 1.004883
vt 1.08844 0.82245
vt 0.968812 0.932732
vt 0.98521 0.922948
vt 1.004138 0.90473
vt 1.105475 0.865056
vt 1.009361 0.833662
vt 1.014719 0.823785
vt 1.009664 0.883193
vt 1.020075 0.896095
vt 1.010521 0.942182
vt 0.964129 0.835445
vt 1.088134 0.918358
vt 1.060408 0.929591
vt 0.962774 0.817512
vt 1.117313 1.03845
vt 1.027345 0.949976
vt 1.015682 0.953135
vt 1.026449 0.824795
vt 1.038206 0.824392
vt 1.031741 0.839864
vt 1.066857 0.85126
vt 1.154955 1.058463
vt 0.954632 0.828328
vt 1.148484 0.868638
vt 1.032283 0.856041
vt 1.035812 0.87232
vt 1.072593 0.865004
vt 1.158594 0.833682
vt 1.011471 0.860541
vt 1.080123 0.879702
vt 1.036554 0.92507
vt 1.065651 0.963944
vt 1.063195 0.823468
vt 1.098335 1.026439
vt 1.108709 1.015841
vt 1.111216 1.028381
vt 1.032719 0.974603
vt 1.114129 0.954408
vt 1.070889 1.043931
vt 1.096925 1.050256
vt 1.063795 1.061741
vt 1.13351 0.826673
vt 1.156462 0.887631
vt 1.080857 1.06873
vt 1.107539 0.822947
vt 1.018139 0.824263
vt 1.11783 0.824651
vt 1.009549 0.823176
vt 1.03827 1.066369
vt 0.987028 0.837052
vt 0.977939 1.002606
vt 0.980774 1.021787
vt 0.998803 1.019674
vt 0.964878 0.811737
vt 0.954658 0.80842
vt 1.055766 0.962308
vt 1.072374 1.02903
vt 1.087052 1.033903
vt 1.021365 0.847848
vt 1.079965 1.011518
vt 1.020872 0.824474
vt 1.072821 1.019065
vt 0.995529 1.063134
vt 0.976682 1.045069
vt 0.987012 1.028865
vt 1.033163 1.08197
vt 1.002086 0.868174
vt 0.99144 0.889163
vt 1.168245 0.958675
vt 0.967956 0.883032
vt 0.974586 0.899234
vt 0.957431 0.872937
vt 1.11324 1.051468
vt 1.109077 1.063452
vt 0.997801 1.136616
vt 1.029754 1.131811
vt 1.00949 1.140293
vt 1.037152 1.138278
vt 1.023159 1.139498
vt 1.055328 1.13687
vt 1.046397 1.137727
vt 0.992807 1.139875
vt 0.991286 1.139618
vt 1.002506 1.102849
vt 1.032841 1.115113
vt 1.018837 1.118323
vt 1.043898 1.104208
vt 1.041051 1.089892
vt 1.052275 1.116918
vt 0.996173 1.080557
vt 1.004812 1.111709
vt 0.991816 1.130662
vt 0.989652 1.112354
vt 1.002248 1.011003
vt 1.018091 1.139925
vt 1.000563 1.141179
vt 0.994859 1.140222
vt 1.098248 1.112646
vt 1.105916 1.135081
vt 1.092088 1.135424
vt 1.071584 1.085348
vt 1.063004 1.100779
vt 1.148204 1.121907
vt 1.099666 1.080608
vt 1.131035 1.081026
vt 1.112359 1.075301
vt 1.067904 1.119962
vt 1.12973 1.12005
vt 1.155193 1.083578
vt 1.186424 1.088639
vt 1.166973 1.100353
vt 1.16181 1.070374
vt 1.173068 1.067056
vt 1.149598 1.103711
vt 1.064338 1.128481
vt 1.075468 1.134593
vt 1.070809 1.13585
vt 1.092385 1.100522
vt 1.120208 1.109567
vt 1.084732 1.090811
vt 1.146541 1.070781
vt 1.061025 1.135479
vt 1.082118 1.135789
vt 1.069221 1.105931
vt 1.115943 1.134749
vt 1.128918 1.134498
vt 1.102322 1.091135
vt 0.960018 0.852451
vt 0.96519 0.862025
vt 1.116327 1.091521
vt 0.937284 1.028236
vt 0.947967 1.012532
vt 0.965948 1.017817
vt 0.889391 0.801083
vt 0.86999 0.79959
vt 0.876201 0.791293
vt 0.963959 1.036356
vt 0.963531 1.057812
vt 0.97591 1.074814
vt 0.942617 0.975717
vt 0.958079 0.970395
vt 0.947579 0.984371
vt 0.795515 0.90164
vt 0.809531 0.89936
vt 0.801355 0.918992
vt 0.766016 0.870795
vt 0.754542 0.884041
vt 0.752462 0.870408
vt 0.942044 0.950192
vt 0.954958 0.959304
vt 0.946024 0.958887
vt 0.820362 0.877276
vt 0.812025 0.871001
vt 0.812639 0.860907
vt 0.864291 1.085315
vt 0.869266 1.108817
vt 0.856081 1.106996
vt 0.78852 1.02367
vt 0.787643 1.036212
vt 0.774503 1.026085
vt 0.751487 0.855329
vt 0.779806 1.015133
vt 0.736948 0.824194
vt 0.755829 0.833023
vt 0.742387 0.834758
vt 0.757529 0.846864
vt 0.748854 0.848389
vt 0.77157 0.845419
vt 0.794884 1.051004
vt 0.808594 1.057912
vt 0.785326 1.067339
vt 0.792852 1.083669
vt 0.815684 1.087232
vt 0.803375 1.094719
vt 0.826468 1.041197
vt 0.846373 1.034098
vt 0.841564 1.046145
vt 0.854998 1.043363
vt 0.878301 1.029824
vt 0.87988 1.041053
vt 0.865702 0.993207
vt 0.854809 0.999537
vt 0.854747 0.985419
vt 0.887847 1.007812
vt 0.91407 0.996031
vt 0.896805 1.007181
vt 0.912048 0.969501
vt 0.947082 0.99597
vt 0.905123 0.970945
vt 0.897404 0.958751
vt 0.891179 0.92707
vt 0.902491 0.935415
vt 0.897882 0.94548
vt 0.857797 0.788799
vt 0.856634 0.80452
vt 0.902972 0.781878
vt 0.892232 0.785276
vt 0.890786 0.775258
vt 0.92597 0.794426
vt 0.928809 0.795958
vt 0.919068 0.790706
vt 0.934586 0.79908
vt 0.917873 0.808858
vt 0.916183 0.798974
vt 0.851008 1.064436
vt 0.867275 1.060262
vt 0.858987 1.068373
vt 0.876259 1.109683
vt 0.893795 1.113631
vt 0.89099 1.113223
vt 0.896337 1.114312
vt 0.905091 1.115822
vt 0.886694 1.092068
vt 0.910206 1.091406
vt 0.905756 1.105335
vt 0.940041 1.095272
vt 0.908935 1.11602
vt 0.939176 1.110513
vt 0.944488 1.045907
vt 0.958909 1.076934
vt 0.951907 1.105094
vt 0.846163 0.898984
vt 0.859228 0.904767
vt 0.828299 0.920184
vt 0.822789 0.909237
vt 0.770834 0.903536
vt 0.779692 0.921667
vt 0.799897 0.877574
vt 0.820191 0.894818
vt 0.779264 0.818107
vt 0.775726 0.838504
vt 0.76718 0.822207
vt 0.832649 0.89513
vt 0.840451 0.857549
vt 0.86107 0.856348
vt 0.848438 0.870301
vt 0.862544 0.881179
vt 0.86867 0.897593
vt 0.807673 0.933264
vt 0.785312 0.941803
vt 0.827746 0.93663
vt 0.824238 0.95061
vt 0.815524 0.974784
vt 0.848466 0.966195
vt 0.837466 0.975837
vt 0.839129 0.927111
vt 0.835428 0.944308
vt 0.819377 0.956243
vt 0.843405 0.945199
vt 0.85127 0.919214
vt 0.863823 0.931514
vt 0.847747 0.934401
vt 0.855045 0.948225
vt 0.800222 1.036231
vt 0.914437 0.843935
vt 0.929543 0.86981
vt 0.916397 0.86094
vt 0.820124 1.027838
vt 0.839263 1.017785
vt 0.857313 1.014201
vt 0.865021 1.025754
vt 0.786302 0.999443
vt 0.798078 0.979058
vt 0.808624 0.992221
vt 0.889144 0.964756
vt 0.795364 1.007099
vt 0.753805 0.806168
vt 0.801756 1.00776
vt 0.819025 1.003733
vt 0.815364 1.013644
vt 0.829637 1.014763
vt 0.842908 1.009151
vt 0.838756 0.990474
vt 0.865807 0.977536
vt 0.906088 0.985342
vt 0.882445 0.98063
vt 0.87144 1.00169
vt 0.888106 0.996069
vt 0.922177 0.943272
vt 0.905648 0.95325
vt 0.958972 0.977012
vt 0.936702 0.939121
vt 0.948822 0.926073
vt 0.960462 0.91511
vt 0.87088 1.014574
vt 0.757859 0.971347
vt 0.76518 0.990682
vt 0.746749 0.984598
vt 0.939643 0.801823
vt 0.936827 0.818192
vt 0.863882 0.837274
vt 0.839865 0.844642
vt 0.936395 0.90842
vt 0.745612 0.905003
vt 0.763493 0.920646
vt 0.737251 0.921402
vt 0.776408 0.855535
vt 0.730343 0.805997
vt 0.781512 0.874255
vt 0.758801 0.891621
vt 0.782696 0.966247
vt 0.788586 0.860408
vt 0.919354 1.020739
vt 0.783355 0.808113
vt 0.794903 0.819177
vt 0.892852 1.025781
vt 0.928587 1.038948
vt 0.789373 0.829106
vt 0.803953 0.832983
vt 0.984033 1.138393
vt 0.793601 0.842893
vt 0.930331 0.883493
vt 0.881065 0.950931
vt 0.88002 0.918242
vt 0.913599 0.911211
vt 0.931431 1.1243
vt 0.924577 1.122238
vt 0.917546 1.11982
vt 0.945642 1.129004
vt 0.970259 1.115757
vt 0.957042 1.133249
vt 0.976148 1.13709
vt 0.966034 1.135354
vt 0.897457 1.073782
vt 0.817624 0.929347
vt 0.940385 0.841532
vt 0.937246 0.851429
vt 0.783547 1.080525
vt 0.774583 1.083754
vt 0.760361 1.082269
vt 0.910356 1.06161
vt 0.928486 1.073607
vt 0.819515 1.050887
vt 0.876065 0.825594
vt 0.870911 0.852887
vt 0.890488 0.825953
vt 0.888147 0.843778
vt 0.820793 1.072412
vt 0.834966 1.090082
vt 0.837692 1.060361
vt 0.844916 1.107347
vt 0.812487 1.106307
vt 0.824453 1.093604
vt 0.835379 1.106881
vt 0.785167 1.096726
vt 0.874613 0.76533
vt 0.88008 0.768883
vt 0.868022 0.774469
vt 0.899103 0.808562
vt 0.882925 0.81335
vt 0.887804 0.773002
vt 0.976065 1.100631
vt 0.977155 1.110421
vt 0.90808 0.785514
vt 0.903938 0.796981
vt 0.915587 0.788817
vt 0.910797 0.874415
vt 0.768246 0.784412
vt 0.788473 0.790495
vt 0.895322 0.915193
vt 0.771514 0.802445
vt 0.799833 0.772784
vt 0.802859 0.795874
vt 0.821575 0.775826
vt 0.822256 0.792561
vt 0.922859 0.825785
vt 0.940765 0.82813
vt 0.77112 1.058152
vt 0.768138 1.071777
vt 0.90145 0.860704
vt 0.912012 1.078296
vt 0.87426 0.962727
vt 0.782814 0.781908
vt 0.790892 0.778849
vt 0.863323 0.822097
vt 0.865005 0.75987
vt 0.894012 0.878231
vt 0.838975 0.774949
vt 0.800691 0.81081
vt 0.90443 0.825266
vt 0.819214 0.805284
vt 0.839915 0.809073
vt 0.950537 0.91048
vt 0.764449 1.051154
vt 0.863117 1.010438
vt 0.88106 1.068918
vt 0.875486 0.931305
vt 0.788699 1.104584
vt 0.777497 1.102071
vt 0.913639 1.118505
vt 0.877903 0.939429
vt 0.769974 1.099727
vt 0.880493 1.111093
vt 0.769767 0.945563
vt 0.94088 0.867408
vt 0.888068 0.855575
vt 0.75852 1.041183
vt 0.868133 0.867842
vt 0.912274 0.786992
vt 0.804974 1.10603
vt 0.750358 1.002082
vt 0.962679 0.989293
vt 0.730074 0.877699
vt 0.743114 0.867017
vt 0.780756 1.103222
vt 0.743944 0.938475
vt 0.733564 0.891687
vt 0.742158 0.896338
vt 0.74612 0.788246
vt 0.754865 0.787663
vt 0.734278 0.857336
vt 0.897029 0.778337
vt 0.83598 0.786687
vt 0.855205 0.755426
vt 0.957597 0.901762
vt 0.715519 0.953936
vt 0.717081 0.94433
vt 0.718186 0.974822
vt 0.680986 0.989592
vt 0.698827 0.986861
vt 0.697471 1.008386
vt 0.671844 0.964249
vt 0.663243 0.978657
vt 0.647598 0.966065
vt 0.650872 0.933585
vt 0.644973 0.952341
vt 0.628756 0.949941
vt 0.621776 0.94613
vt 0.628578 0.956436
vt 0.622854 0.952281
vt 0.682834 0.97807
vt 0.699216 0.959375
vt 0.709039 0.978472
vt 0.635401 0.964992
vt 0.647892 0.978258
vt 0.751019 1.050996
vt 0.747618 1.061254
vt 0.746349 1.074628
vt 0.695424 0.925215
vt 0.683179 0.944577
vt 0.73411 1.000132
vt 0.743785 1.008962
vt 0.748815 1.026015
vt 0.72861 1.026412
vt 0.729722 1.00909
vt 0.734593 0.963886
vt 0.738597 0.976603
vt 0.725055 0.980239
vt 0.676739 0.87593
vt 0.684637 0.897159
vt 0.661463 0.89413
vt 0.666659 0.862858
vt 0.652358 0.864556
vt 0.653658 0.853077
vt 0.674507 1.008644
vt 0.71263 0.87476
vt 0.690315 0.870022
vt 0.715491 0.837299
vt 0.724778 0.857563
vt 0.704812 0.888808
vt 0.704186 0.904279
vt 0.715005 0.828067
vt 0.718819 0.866073
vt 0.701096 0.843148
vt 0.710929 0.850044
vt 0.681844 0.861832
vt 0.694679 0.832047
vt 0.699165 0.857113
vt 0.690107 0.935379
vt 0.676304 0.92916
vt 0.715742 0.806029
vt 0.708801 0.819602
vt 0.765807 1.09695
vt 0.742998 1.04257
vt 0.706903 1.059454
vt 0.735351 1.068472
vt 0.712312 1.064959
vt 0.690808 0.847791
vt 0.64776 0.835743
vt 0.661921 0.846293
vt 0.647923 0.846198
vt 0.699055 1.047451
vt 0.717409 1.027421
vt 0.703292 1.054223
vt 0.700732 1.021913
vt 0.685506 1.025668
vt 0.586529 0.897679
vt 0.596626 0.930122
vt 0.57597 0.91786
vt 0.731555 1.045386
vt 0.584378 0.922301
vt 0.720141 0.90928
vt 0.660087 0.951958
vt 0.66418 0.935618
vt 0.685956 0.963227
vt 0.724259 0.932578
vt 0.659835 0.905872
vt 0.716722 1.006062
vt 0.646905 0.884221
vt 0.673177 0.912198
vt 0.716172 0.993661
vt 0.693424 0.825039
vt 0.673534 0.831089
vt 0.662371 0.99472
vt 0.617973 0.907326
vt 0.610498 0.929298
vt 0.603478 0.923962
vt 0.623594 0.855554
vt 0.594986 0.86924
vt 0.599388 0.851088
vt 0.728236 1.053085
vt 0.751111 1.093653
vt 0.744621 1.0912
vt 0.760198 1.096368
vt 0.722683 1.075364
vt 0.729789 1.081998
vt 0.74246 1.088226
vt 0.611005 0.941656
vt 0.620585 0.936267
vt 0.627287 0.921271
vt 0.627901 0.868118
vt 0.631728 0.88385
vt 0.602578 0.893622
vt 0.605418 0.904653
vt 0.638987 0.901909
vt 0.685992 0.920818
vt 0.535824 0.878711
vt 0.527474 0.893455
vt 0.524734 0.873905
vt 0.565888 0.880759
vt 0.606017 0.937726
vt 0.562618 0.899849
vt 0.540742 0.900365
vt 0.721728 1.015214
vt 0.64562 0.913725
vt 0.557957 0.909236
vt 0.642012 0.855983
vt 0.622788 0.95227
vt 0.639168 0.969235
vt 0.735949 1.088723
vt 0.632592 0.963115
vt 0.634361 0.895873
vt 0.643565 0.973715
vt 0.598852 0.931744
vt 0.65241 0.983013
vt 0.616367 0.94643
vt 0.639842 0.918764
vt 0.654647 0.823502
vt 0.723058 0.916556
vt 0.521338 0.8913
vt 0.511973 0.886819
vt 0.628986 0.959584
vt 0.692033 1.036198
vt 0.60064 0.933395
vt 0.618372 0.948261
vt 0.521472 0.807858
vt 0.502204 0.808621
vt 0.514951 0.788433
vt 0.545004 0.747551
vt 0.547714 0.733701
vt 0.556689 0.73442
vt 0.562936 0.750308
vt 0.552468 0.761591
vt 0.533503 0.858464
vt 0.519843 0.865705
vt 0.531772 0.769208
vt 0.506456 0.769662
vt 0.519544 0.755029
vt 0.487559 0.773877
vt 0.478331 0.781331
vt 0.47324 0.770132
vt 0.712768 0.778088
vt 0.729557 0.763833
vt 0.486463 0.805487
vt 0.486476 0.793075
vt 0.483033 0.744546
vt 0.515774 0.73423
vt 0.499405 0.75169
vt 0.660496 0.806186
vt 0.642472 0.799559
vt 0.651976 0.776205
vt 0.484895 0.680984
vt 0.503051 0.686388
vt 0.484589 0.692755
vt 0.489875 0.724372
vt 0.705778 0.770876
vt 0.699872 0.782916
vt 0.687817 0.760124
vt 0.708517 0.736728
vt 0.711418 0.719064
vt 0.725008 0.741341
vt 0.714259 0.751915
vt 0.740546 0.774092
vt 0.75676 0.754842
vt 0.751658 0.732318
vt 0.763422 0.730812
vt 0.471625 0.719054
vt 0.471993 0.731217
vt 0.53985 0.730802
vt 0.532317 0.750007
vt 0.533485 0.695593
vt 0.524247 0.707173
vt 0.679537 0.80793
vt 0.641549 0.723818
vt 0.636658 0.69975
vt 0.653936 0.723751
vt 0.652212 0.761547
vt 0.665695 0.749767
vt 0.815741 0.737379
vt 0.832617 0.744641
vt 0.806983 0.757119
vt 0.619634 0.77626
vt 0.59659 0.795287
vt 0.625253 0.79928
vt 0.737573 0.725925
vt 0.691669 0.697538
vt 0.694509 0.686248
vt 0.701973 0.689206
vt 0.748353 0.761188
vt 0.606285 0.811127
vt 0.587954 0.823271
vt 0.569451 0.81977
vt 0.54832 0.814254
vt 0.559124 0.800316
vt 0.504474 0.870097
vt 0.506355 0.882097
vt 0.496825 0.879833
vt 0.535196 0.835423
vt 0.512283 0.819213
vt 0.638956 0.828963
vt 0.625587 0.839006
vt 0.618078 0.829007
vt 0.530774 0.709647
vt 0.622041 0.815583
vt 0.552305 0.779271
vt 0.511253 0.840914
vt 0.500562 0.82618
vt 0.596779 0.836043
vt 0.582358 0.835645
vt 0.483901 0.872946
vt 0.608767 0.687176
vt 0.614875 0.685
vt 0.61804 0.684033
vt 0.730713 0.701956
vt 0.738398 0.704887
vt 0.729479 0.720141
vt 0.746751 0.708612
vt 0.753538 0.712669
vt 0.643145 0.743268
vt 0.672967 0.73303
vt 0.672864 0.712148
vt 0.637126 0.682244
vt 0.644122 0.677903
vt 0.650337 0.683893
vt 0.577137 0.8501
vt 0.628294 0.686485
vt 0.48982 0.706486
vt 0.511318 0.704171
vt 0.506813 0.711335
vt 0.670447 0.777224
vt 0.676074 0.761995
vt 0.56172 0.6983
vt 0.570045 0.696655
vt 0.559551 0.704811
vt 0.592015 0.758382
vt 0.621721 0.760178
vt 0.604141 0.692967
vt 0.598108 0.690667
vt 0.603138 0.688994
vt 0.555426 0.699652
vt 0.552178 0.714392
vt 0.610135 0.844444
vt 0.699 0.805841
vt 0.678137 0.782726
vt 0.662945 0.686955
vt 0.677568 0.682772
vt 0.802476 0.731418
vt 0.793092 0.746843
vt 0.786489 0.732616
vt 0.689227 0.808988
vt 0.611031 0.686393
vt 0.687955 0.725795
vt 0.654267 0.677736
vt 0.658254 0.678991
vt 0.602325 0.821445
vt 0.474786 0.810583
vt 0.555327 0.835413
vt 0.526631 0.785109
vt 0.58285 0.805239
vt 0.497374 0.784149
vt 0.684133 0.684077
vt 0.835545 0.745979
vt 0.828848 0.756025
vt 0.806897 0.732937
vt 0.807816 0.735308
vt 0.511463 0.85616
vt 0.485614 0.758185
vt 0.499372 0.855641
vt 0.670876 0.681487
vt 0.663879 0.680188
vt 0.667963 0.680603
vt 0.789375 0.726056
vt 0.581616 0.694227
vt 0.596613 0.728453
vt 0.578509 0.776293
vt 0.798293 0.745004
vt 0.790194 0.76363
vt 0.771702 0.759263
vt 0.495983 0.841032
vt 0.482633 0.829446
vt 0.625191 0.681487
vt 0.605144 0.688311
vt 0.540952 0.723339
vt 0.547564 0.699612
vt 0.782261 0.759504
vt 0.769717 0.772981
vt 0.777295 0.73718
vt 0.575748 0.724545
vt 0.569261 0.73922
vt 0.76266 0.716342
vt 0.584932 0.744385
vt 0.604185 0.741912
vt 0.625165 0.729913
vt 0.576529 0.764551
vt 0.584369 0.734063
vt 0.462543 0.67431
vt 0.586806 0.713918
vt 0.648362 0.677697
vt 0.649259 0.67704
vt 0.686717 0.684601
vt 0.690341 0.685326
vt 0.707127 0.691378
vt 0.843918 0.749804
vt 0.860546 0.757427
vt 0.631104 0.680379
vt 0.481861 0.857642
vt 0.77335 0.71952
vt 0.819609 0.760932
vt 0.52651 0.840087
vt 0.513801 0.689499
vt 0.796693 0.728901
vt 0.551017 0.851408
vt 0.840213 0.748216
vt 0.636671 0.678898
vt 0.472606 0.757193
vt 0.826947 0.742033
vt 0.456527 0.680605
vt 0.322797 0.485877
vt 0.335949 0.499569
vt 0.307653 0.499426
vt 0.337935 0.471893
vt 0.341168 0.483934
vt 0.338585 0.493259
vt 0.347837 0.480205
vt 0.350059 0.497324
vt 0.342135 0.45199
vt 0.341522 0.446581
vt 0.343495 0.449831
vt 0.322253 0.446515
vt 0.335264 0.456535
vt 0.330582 0.477541
vt 0.259353 0.470596
vt 0.273273 0.485568
vt 0.260773 0.505561
vt 0.280189 0.496867
vt 0.304417 0.45443
vt 0.312606 0.463695
vt 0.28759 0.459858
vt 0.29904 0.482924
vt 0.345959 0.465045
vt 0.316909 0.48241
vt 0.280074 0.457613
vt 0.283467 0.476613
vt 0.300043 0.499706
vt 0.223491 0.490913
vt 0.230808 0.470267
vt 0.23673 0.491538
vt 0.346659 0.526931
vt 0.352413 0.517283
vt 0.353275 0.524024
vt 0.411728 0.654874
vt 0.419456 0.638053
vt 0.426655 0.656534
vt 0.326622 0.549712
vt 0.316055 0.571445
vt 0.317143 0.560035
vt 0.32863 0.58677
vt 0.313302 0.594897
vt 0.290222 0.589273
vt 0.288202 0.598415
vt 0.291673 0.616576
vt 0.273257 0.612713
vt 0.343701 0.705419
vt 0.324199 0.706581
vt 0.322073 0.690219
vt 0.448151 0.69182
vt 0.334563 0.78527
vt 0.329423 0.792312
vt 0.311835 0.785548
vt 0.467648 0.817642
vt 0.457903 0.831637
vt 0.451669 0.812173
vt 0.46944 0.796006
vt 0.359939 0.807953
vt 0.343996 0.800088
vt 0.354185 0.792104
vt 0.356496 0.73656
vt 0.36651 0.760069
vt 0.350466 0.741925
vt 0.362124 0.768878
vt 0.354201 0.779118
vt 0.343078 0.762157
vt 0.381286 0.757937
vt 0.374754 0.747957
vt 0.36924 0.787438
vt 0.377436 0.799204
vt 0.433044 0.795558
vt 0.430547 0.809462
vt 0.410866 0.79642
vt 0.43106 0.833456
vt 0.415691 0.840111
vt 0.410088 0.82015
vt 0.382424 0.715287
vt 0.358385 0.715658
vt 0.376188 0.686832
vt 0.399062 0.716519
vt 0.392972 0.704312
vt 0.406689 0.698513
vt 0.444494 0.747953
vt 0.440762 0.760833
vt 0.431105 0.73842
vt 0.287518 0.762722
vt 0.407597 0.685775
vt 0.419211 0.685971
vt 0.360382 0.682954
vt 0.331945 0.668747
vt 0.423662 0.668703
vt 0.435795 0.672987
vt 0.285941 0.688395
vt 0.269075 0.65904
vt 0.292024 0.654016
vt 0.279051 0.650016
vt 0.295308 0.641417
vt 0.298367 0.630586
vt 0.451908 0.789428
vt 0.44427 0.783751
vt 0.453833 0.746272
vt 0.43953 0.72109
vt 0.442174 0.829781
vt 0.437516 0.820907
vt 0.470095 0.840183
vt 0.477927 0.840671
vt 0.457116 0.729223
vt 0.459771 0.767778
vt 0.356782 0.552352
vt 0.355018 0.537398
vt 0.356407 0.546425
vt 0.324945 0.613378
vt 0.341008 0.598621
vt 0.34143 0.629408
vt 0.297758 0.514
vt 0.311702 0.524821
vt 0.302093 0.536529
vt 0.333846 0.594473
vt 0.306646 0.599781
vt 0.337025 0.534969
vt 0.334717 0.56869
vt 0.269748 0.587725
vt 0.291523 0.572277
vt 0.301349 0.566884
vt 0.265126 0.565238
vt 0.278267 0.570407
vt 0.283196 0.526669
vt 0.288131 0.543986
vt 0.274997 0.550037
vt 0.336854 0.747645
vt 0.311718 0.750716
vt 0.315252 0.736654
vt 0.408802 0.668663
vt 0.332897 0.769877
vt 0.310364 0.766885
vt 0.331221 0.754002
vt 0.266547 0.746445
vt 0.292827 0.738621
vt 0.30031 0.70779
vt 0.294557 0.726075
vt 0.290635 0.56084
vt 0.351969 0.580212
vt 0.366532 0.574347
vt 0.358962 0.593244
vt 0.356872 0.661914
vt 0.380795 0.654251
vt 0.374375 0.665839
vt 0.356087 0.624209
vt 0.374112 0.612133
vt 0.363241 0.644662
vt 0.439026 0.709091
vt 0.42499 0.718481
vt 0.391851 0.687283
vt 0.386624 0.775012
vt 0.30372 0.545187
vt 0.391528 0.793272
vt 0.391212 0.826103
vt 0.386963 0.80203
vt 0.344438 0.651541
vt 0.334789 0.730326
vt 0.353259 0.608452
vt 0.378911 0.602209
vt 0.328751 0.64277
vt 0.317505 0.617003
vt 0.395381 0.674101
vt 0.45912 0.806486
vt 0.47395 0.869141
vt 0.460876 0.862778
vt 0.316083 0.539973
vt 0.297962 0.61159
vt 0.265897 0.628958
vt 0.317716 0.656147
vt 0.308186 0.663819
vt 0.433192 0.849612
vt 0.40032 0.831669
vt 0.393181 0.649619
vt 0.377505 0.678326
vt 0.405981 0.625459
vt 0.355706 0.541202
vt 0.354082 0.529181
vt 0.372617 0.587814
vt 0.375424 0.594024
vt 0.314511 0.514653
vt 0.324464 0.522912
vt 0.340276 0.518592
vt 0.33536 0.507801
vt 0.336553 0.659308
vt 0.34926 0.510094
vt 0.346363 0.572289
vt 0.361893 0.56427
vt 0.357631 0.555595
vt 0.429366 0.645607
vt 0.436519 0.652013
vt 0.370396 0.814616
vt 0.382698 0.822043
vt 0.398245 0.812053
vt 0.398649 0.76899
vt 0.411102 0.783849
vt 0.424053 0.775357
vt 0.251764 0.56552
vt 0.25014 0.588019
vt 0.371712 0.727345
vt 0.400128 0.742751
vt 0.403998 0.755019
vt 0.255155 0.615196
vt 0.245621 0.633865
vt 0.247409 0.518503
vt 0.265557 0.534724
vt 0.247629 0.536082
vt 0.25965 0.596139
vt 0.428594 0.76565
vt 0.252321 0.552567
vt 0.239684 0.563827
vt 0.298156 0.762652
vt 0.290764 0.777208
vt 0.446949 0.855784
vt 0.350362 0.505623
vt 0.452491 0.666369
vt 0.280079 0.716829
vt 0.271295 0.693911
vt 0.236391 0.529205
vt 0.269799 0.706287
vt 0.272591 0.769398
vt 0.243836 0.702288
vt 0.24851 0.679981
vt 0.262064 0.735809
vt 0.252013 0.718058
vt 0.24019 0.650332
vt 0.319073 0.788345
vt 0.423621 0.844396
vt 0.123899 0.62793
vt 0.129459 0.653582
vt 0.10006 0.634696
vt 0.22037 0.648427
vt 0.222414 0.688764
vt 0.203359 0.680567
vt 0.172008 0.567287
vt 0.138042 0.589311
vt 0.139062 0.571973
vt 0.238483 0.667551
vt 0.19963 0.547143
vt 0.165098 0.537195
vt 0.119198 0.672554
vt 0.093332 0.668978
vt 0.096458 0.655227
vt 0.235501 0.725492
vt 0.214284 0.7068
vt 0.191451 0.597285
vt 0.176161 0.605305
vt 0.156224 0.590924
vt 0.187896 0.642421
vt 0.179969 0.675908
vt 0.168602 0.647134
vt 0.206863 0.64913
vt 0.189282 0.659434
vt 0.140247 0.613668
vt 0.142534 0.651068
vt 0.228502 0.562243
vt 0.036877 0.542727
vt 0.04236 0.532475
vt 0.053533 0.517771
vt 0.103122 0.695013
vt 0.083228 0.721878
vt 0.070977 0.686072
vt 0.153843 0.690405
vt 0.14221 0.692689
vt 0.152611 0.671278
vt 0.181332 0.716381
vt 0.087239 0.805215
vt 0.104768 0.78572
vt 0.098566 0.806393
vt 0.213177 0.737911
vt 0.192929 0.755926
vt 0.196342 0.72484
vt 0.089771 0.81462
vt 0.088104 0.758617
vt 0.090918 0.770919
vt 0.074203 0.763209
vt 0.11443 0.761542
vt 0.121403 0.752887
vt 0.125782 0.766262
vt 0.16846 0.699078
vt 0.080599 0.786602
vt 0.241444 0.745193
vt 0.253701 0.762356
vt 0.245442 0.758921
vt 0.056027 0.755097
vt 0.102089 0.777655
vt 0.20521 0.756034
vt 0.226909 0.755519
vt 0.214913 0.724933
vt 0.140451 0.773005
vt 0.162184 0.763008
vt 0.148524 0.76978
vt 0.037987 0.681622
vt 0.054086 0.699271
vt 0.176436 0.52006
vt 0.144205 0.521565
vt 0.123575 0.525842
vt 0.104395 0.522891
vt 0.112677 0.506664
vt 0.132766 0.726704
vt 0.13566 0.748806
vt 0.153901 0.752305
vt 0.133842 0.763023
vt 0.118504 0.787684
vt 0.172512 0.757654
vt 0.168608 0.759513
vt 0.143263 0.772339
vt 0.062724 0.637751
vt 0.080404 0.652569
vt 0.049378 0.666813
vt 0.084839 0.519168
vt 0.076236 0.534159
vt 0.094557 0.543194
vt 0.12074 0.710544
vt 0.110045 0.737596
vt 0.128618 0.606898
vt 0.157782 0.599316
vt 0.153705 0.612238
vt 0.212358 0.625235
vt 0.152349 0.717695
vt 0.105676 0.751363
vt 0.105129 0.799912
vt 0.110367 0.795381
vt 0.150085 0.637082
vt 0.119984 0.658657
vt 0.095879 0.606907
vt 0.085583 0.61548
vt 0.063489 0.593811
vt 0.049973 0.726911
vt 0.068525 0.734163
vt 0.029183 0.784789
vt 0.04313 0.802043
vt 0.05493 0.81724
vt 0.175808 0.733054
vt 0.20178 0.566492
vt 0.125347 0.781426
vt 0.077031 0.826557
vt 0.052055 0.833811
vt 0.069847 0.83378
vt 0.059155 0.84522
vt 0.063025 0.562046
vt 0.092818 0.578326
vt 0.135884 0.775753
vt 0.233393 0.502657
vt 0.17655 0.626162
vt 0.124429 0.548523
vt 0.09324 0.562029
vt 0.111852 0.593009
vt 0.207566 0.584033
vt 0.078525 0.625254
vt 0.035614 0.569233
vt 0.051752 0.624135
vt 0.031523 0.652143
vt 0.03616 0.602654
vt 0.044911 0.588992
vt 0.221342 0.602327
vt 0.11458 0.56924
vt 0.209473 0.515707
vt 0.225277 0.515281
vt 0.204695 0.485356
vt 0.170785 0.494957
vt 0.226145 0.578838
vt 0.145518 0.551819
vt 0.147152 0.499071
vt 0.033555 0.629683
vt 0.235902 0.755292
vt 0.107539 0.616804
vt 0.121259 0.785173
vt 0.090788 0.496332
vt 0.029414 0.482785
vt 0.050908 0.46547
vt 0.255639 0.454058
vt 0.127216 0.501424
vt 0.142036 0.410639
vt 0.149703 0.408956
vt 0.162942 0.41846
vt 0.154592 0.481166
vt 0.317011 0.407346
vt 0.298645 0.417056
vt 0.290192 0.414253
vt 0.325935 0.420959
vt 0.318098 0.422409
vt 0.321122 0.412835
vt 0.330016 0.428127
vt 0.316326 0.439676
vt 0.336942 0.439109
vt 0.306108 0.403835
vt 0.299447 0.433629
vt 0.269398 0.429614
vt 0.283497 0.430006
vt 0.275959 0.442186
vt 0.281039 0.408688
vt 0.290091 0.399122
vt 0.293285 0.400136
vt 0.274951 0.394854
vt 0.266895 0.405236
vt 0.263438 0.442205
vt 0.108109 0.419078
vt 0.173949 0.449421
vt 0.104122 0.44076
vt 0.257223 0.409087
vt 0.245834 0.437992
vt 0.192957 0.467508
vt 0.193552 0.479762
vt 0.207079 0.416918
vt 0.182005 0.431243
vt 0.250299 0.38787
vt 0.241619 0.389536
vt 0.079685 0.425032
vt 0.093018 0.421604
vt 0.151378 0.465109
vt 0.087502 0.47402
vt 0.129655 0.482458
vt 0.260996 0.390602
vt 0.214961 0.466326
vt 0.229914 0.454828
vt 0.249532 0.45337
vt 0.032812 0.45313
vt 0.066646 0.448983
vt 0.033415 0.508081
vt 0.07838 0.4878
vt 0.062289 0.427987
vt 0.033253 0.433368
vt 0.050166 0.442998
vt 0.177736 0.402744
vt 0.201734 0.39744
vt 0.186743 0.419068
vt 0.16237 0.40766
vt 0.128487 0.413704
vt 0.216735 0.432966
vt 0.210917 0.395456
vt 0.229521 0.420109
vt 0.219481 0.393602
vt -0.602378 1.42319
vt -0.6075 1.410114
vt -0.597473 1.404586
vt -0.591861 1.424625
vt -0.594481 1.397475
vt -0.581796 1.413835
vt -0.583663 1.388463
vt -0.60672 1.381286
vt -0.589303 1.361643
vt -0.496809 1.386189
vt -0.549199 1.393891
vt -0.519929 1.36927
vt -0.47737 1.366059
vt -0.59222 1.434771
vt -0.600582 1.428157
vt -0.622426 1.375282
vt -0.629365 1.358489
vt -0.621133 1.358239
vt -0.569182 1.371094
vt -0.575487 1.392078
vt -0.615814 1.390871
vt -0.619402 1.381627
vt -0.610249 1.360809
vt -0.595882 1.433567
vt -0.613013 1.398062
vt -0.535373 1.410763
vt -0.582799 1.428674
vt -0.549108 1.371797
vt -0.56016 1.424361
vt -0.571683 1.35497
vt -0.586964 1.436439
vt -0.520727 1.402619
vt -0.575646 1.433287
vt -0.112753 0.987996
vt -0.104953 1.001831
vt -0.11103 1.009624
vt -0.148981 0.975233
vt -0.133515 0.977112
vt -0.156801 1.032435
vt -0.143045 1.019188
vt -0.12081 1.029603
vt -0.09429 0.9742
vt -0.095419 0.989297
vt -0.133378 1.008406
vt -0.11629 1.017476
vt -0.099767 0.994802
vt -0.147341 0.99677
vt -0.087771 0.97986
vt -0.142325 1.044087
vt -0.132197 1.054645
vt -0.12474 1.03832
vt -0.113915 0.968603
vt -0.108529 1.006423
vt -0.208074 1.023754
vt -0.173246 1.014604
vt -0.178978 1.028976
vt -0.201064 1.005638
vt -0.230185 1.165316
vt -0.217529 1.174756
vt -0.226665 1.198116
vt -0.224902 1.115096
vt -0.204495 1.100512
vt -0.183578 1.09542
vt -0.163953 1.11878
vt -0.168827 1.094301
vt -0.234027 1.079332
vt -0.252687 1.054582
vt -0.231275 1.05934
vt -0.18626 1.0868
vt -0.172087 1.086763
vt -0.338176 1.164869
vt -0.329357 1.154814
vt -0.305657 1.165989
vt -0.328578 1.186787
vt -0.339683 1.203809
vt -0.324211 1.199299
vt -0.194375 1.043467
vt -0.172712 1.041247
vt -0.241179 1.157595
vt -0.264153 1.147946
vt -0.246527 1.132086
vt -0.149235 1.063217
vt -0.142252 1.076932
vt -0.147783 1.089124
vt -0.313491 1.187666
vt -0.30275 1.189997
vt -0.307738 1.059607
vt -0.311622 1.029964
vt -0.290562 1.051871
vt -0.359629 1.097985
vt -0.354098 1.084103
vt -0.319987 1.098937
vt -0.325572 1.072246
vt -0.313413 1.077453
vt -0.278117 1.22387
vt -0.283522 1.228086
vt -0.304027 1.236074
vt -0.297538 1.205271
vt -0.312546 1.209002
vt -0.276287 1.208283
vt -0.333771 1.220323
vt -0.340176 1.243812
vt -0.350282 1.215739
vt -0.318345 1.240863
vt -0.326162 1.246886
vt -0.340462 1.254684
vt -0.312629 1.223449
vt -0.251935 1.214847
vt -0.238567 1.207437
vt -0.245521 1.212399
vt -0.310682 1.239357
vt -0.293143 1.116711
vt -0.292931 1.088576
vt -0.26688 1.099626
vt -0.272121 1.056589
vt -0.256343 1.063647
vt -0.268005 1.076284
vt -0.343994 1.054731
vt -0.3373 1.043035
vt -0.329853 1.051912
vt -0.337146 1.028619
vt -0.298438 1.069403
vt -0.267807 1.041198
vt -0.365376 0.985196
vt -0.378439 0.963779
vt -0.332004 0.99288
vt -0.153517 1.099109
vt -0.257362 1.010225
vt -0.241027 1.00184
vt -0.220612 1.024716
vt -0.337351 1.007936
vt -0.264947 1.003681
vt -0.260128 0.985256
vt -0.287713 1.007756
vt -0.289112 1.027216
vt -0.278314 1.013452
vt -0.271157 1.027195
vt -0.157452 1.10712
vt -0.3166 0.981933
vt -0.297742 1.000023
vt -0.211932 1.09539
vt -0.213014 1.075081
vt -0.252903 1.086026
vt -0.199368 1.129823
vt -0.270156 1.182752
vt -0.251644 1.175902
vt -0.269113 1.129167
vt -0.341932 1.124777
vt -0.318796 1.133046
vt -0.234685 1.105889
vt -0.237272 1.094439
vt -0.230735 1.137961
vt -0.212124 1.151599
vt -0.217671 1.159963
vt -0.203812 1.164441
vt -0.291392 1.15046
vt -0.271927 1.170749
vt -0.281747 1.13088
vt -0.212619 0.994937
vt -0.314462 1.119389
vt -0.360818 1.071409
vt -0.249348 1.024146
vt -0.281928 0.990701
vt -0.293503 0.974294
vt -0.279788 0.977561
vt -0.279123 1.085982
vt -0.36459 1.026318
vt -0.18713 1.056503
vt -0.159922 1.045106
vt -0.172855 1.067487
vt -0.237688 1.177465
vt -0.367101 1.043545
vt -0.34646 1.184199
vt -0.265177 0.970684
vt -0.175366 1.137195
vt -0.236942 0.985951
vt -0.349482 1.15147
vt -0.173146 0.984534
vt -0.208445 1.184442
vt -0.215852 1.190218
vt -0.137533 1.065392
vt -0.197851 1.176384
vt -0.18656 1.156068
vt -0.207989 1.046041
vt -0.2352 1.045765
vt -0.247985 1.112576
vt -0.244076 0.967515
vt -0.233183 1.20308
vt -0.36239 1.110711
vt -0.339655 0.971257
vt -0.192243 1.167671
vt -0.179974 1.146299
vt -0.10393 0.659256
vt -0.10467 0.643689
vt -0.093875 0.642938
vt -0.062713 0.915226
vt -0.047705 0.923665
vt -0.060742 0.937815
vt -0.084507 0.93843
vt -0.098624 0.878625
vt -0.111625 0.8522
vt -0.089971 0.866932
vt -0.123948 0.666454
vt -0.129803 0.643805
vt -0.117027 0.65764
vt -0.053986 0.660028
vt -0.04367 0.643271
vt -0.04174 0.66472
vt -0.07275 0.564561
vt -0.071009 0.543491
vt -0.05512 0.551398
vt 0.019033 0.61236
vt 0.010768 0.606855
vt 0.009824 0.630275
vt -0.009471 0.623244
vt -0.014648 0.618713
vt 0.037263 0.66919
vt -0.000918 0.678671
vt -0.004874 0.657435
vt 0.018942 0.673106
vt -0.005742 0.692706
vt -0.033418 0.680356
vt -0.028024 0.663824
vt -0.010237 0.699782
vt -0.158796 0.571942
vt -0.149502 0.555261
vt -0.128837 0.57287
vt -0.052133 0.603675
vt -0.068943 0.593747
vt -0.055758 0.568958
vt -0.038856 0.557635
vt -0.051755 0.696508
vt -0.054853 0.68406
vt -0.160821 0.559665
vt -0.14034 0.696386
vt -0.142629 0.667996
vt -0.133046 0.681347
vt -0.153109 0.68983
vt -0.154853 0.657865
vt -0.00262 0.630237
vt -0.002752 0.591213
vt -0.018197 0.565258
vt 0.017061 0.579324
vt -0.11669 0.623341
vt -0.129851 0.618888
vt -0.098952 0.619994
vt -0.066447 0.626193
vt -0.042116 0.615028
vt -0.098532 0.689767
vt -0.072188 0.67949
vt -0.081803 0.695503
vt -0.152963 0.62531
vt -0.162294 0.608743
vt -0.164455 0.636881
vt -0.179421 0.623557
vt -0.167943 0.595984
vt -0.177542 0.587959
vt -0.145895 0.594326
vt -0.146789 0.763922
vt -0.147259 0.746526
vt -0.132524 0.75455
vt -0.090245 0.953122
vt -0.08523 0.976663
vt -0.100442 0.955868
vt -0.034155 0.531312
vt -0.082252 0.72852
vt -0.098565 0.7293
vt -0.069378 0.71973
vt -0.07625 0.662678
vt -0.067123 0.646461
vt -0.089966 0.631435
vt -0.042211 0.90794
vt -0.028366 0.885855
vt -0.029085 0.924988
vt -0.083357 0.622087
vt -0.126699 0.5426
vt -0.118536 0.567121
vt -0.1075 0.559932
vt -0.098603 0.556833
vt -0.098146 0.575901
vt -0.131786 0.93644
vt -0.114798 0.956089
vt -0.163198 0.774642
vt -0.129648 0.773208
vt -0.16728 0.667607
vt -0.164974 0.75264
vt -0.127219 0.929901
vt -0.110459 0.925707
vt -0.12291 0.869784
vt -0.103724 0.937031
vt -0.040141 0.706966
vt -0.067453 0.884599
vt -0.136035 0.891062
vt -0.05794 0.864643
vt -0.028041 0.867801
vt -0.142711 0.854454
vt -0.045011 0.755414
vt -0.029379 0.76651
vt -0.061625 0.764998
vt -0.103211 0.760517
vt -0.150488 0.871584
vt -0.120248 0.732669
vt -0.091483 0.748097
vt -0.076661 0.789707
vt -0.051772 0.779162
vt -0.108953 0.752328
vt -0.050898 0.735065
vt -0.103345 0.783875
vt -0.115039 0.825036
vt -0.094287 0.82536
vt -0.079083 0.841838
vt -0.159025 0.731935
vt -0.128348 0.854143
vt -0.164648 0.685103
vt -0.178668 0.565422
vt -0.152751 0.642243
vt -0.176105 0.645076
vt -0.142572 0.656159
vt -0.112377 0.685608
vt -0.069747 0.577041
vt -0.084407 0.57158
vt -0.088599 0.591604
vt -0.035543 0.930294
vt -0.051507 0.943657
vt -0.056394 0.946064
vt -0.113888 0.591088
vt -0.061238 0.951907
vt -0.065866 0.955095
vt -0.094428 0.601625
vt -0.086425 0.653471
vt -0.156257 0.842293
vt -0.136428 0.835152
vt 0.002917 0.548413
vt -0.021722 0.541598
vt -0.001034 0.59889
vt -0.019196 0.604028
vt -0.013113 0.636846
vt -0.152827 0.809154
vt -0.138795 0.792037
vt -0.130345 0.805064
vt -0.140726 0.732401
vt -0.097703 0.801987
vt -0.114544 0.804152
vt -0.087373 0.813128
vt -0.058583 0.816005
vt -0.060389 0.840691
vt -0.169699 0.539477
vt -0.074612 0.744866
vt -0.073756 0.86445
vt -0.038136 0.819103
vt -0.042603 0.845254
vt 0.003891 0.865284
vt -0.000977 0.890039
vt -0.007062 0.879833
vt 0.019086 0.854114
vt 0.031415 0.873737
vt 0.008528 0.893684
vt 0.001433 0.842145
vt -0.0222 0.843339
vt -0.012495 0.822174
vt -0.01481 0.796167
vt -0.073477 0.962043
vt -0.079309 0.969102
vt 0.019008 0.805828
vt 0.029426 0.829096
vt 0.003619 0.76199
vt -0.033799 0.737408
vt 0.011938 0.72982
vt -0.015791 0.745931
vt 0.02334 0.744431
vt 0.021624 0.761219
vt 0.01192 0.698268
vt 0.034319 0.698745
vt -0.013676 0.912123
vt 0.030507 0.846266
vt 0.035885 0.868597
vt -0.15463 0.902055
vt -0.113234 0.531852
vt -0.152525 0.940371
vt 0.020771 0.8835
vt 0.014382 0.888812
vt -0.137102 0.819476
vt -0.154871 0.785045
vt -0.051483 0.535871
vt -0.000562 0.901224
vt 0.05012 0.854428
vt -0.024816 0.82668
vt 0.042988 0.861933
vt -0.014205 0.856963
vt 0.053155 0.851417
vt -0.380409 0.802166
vt -0.346537 0.796882
vt -0.361195 0.817036
vt -0.297516 0.844847
vt -0.290623 0.82701
vt -0.281274 0.837089
vt -0.297504 0.828871
vt -0.330916 0.826379
vt -0.315505 0.811468
vt -0.279157 0.871727
vt -0.267474 0.859517
vt -0.298824 0.861606
vt -0.289718 0.854173
vt -0.363181 0.919248
vt -0.344113 0.917307
vt -0.33162 0.925087
vt -0.3714 0.92695
vt -0.340627 0.945614
vt -0.365944 0.951457
vt -0.186567 0.941019
vt -0.172163 0.940342
vt -0.179365 0.958825
vt -0.238711 0.888365
vt -0.209367 0.870784
vt -0.215886 0.897499
vt -0.181227 0.899479
vt -0.168015 0.895826
vt -0.223837 0.861752
vt -0.208161 0.843917
vt -0.309656 0.850493
vt -0.332891 0.842484
vt -0.308412 0.825352
vt -0.284605 0.907031
vt -0.26857 0.884997
vt -0.266504 0.924825
vt -0.240099 0.921989
vt -0.229548 0.955129
vt -0.316723 0.877603
vt -0.319043 0.863748
vt -0.298006 0.88692
vt -0.337522 0.860395
vt -0.345887 0.848026
vt -0.330894 0.87518
vt -0.307419 0.927259
vt -0.307497 0.909624
vt -0.255543 0.901458
vt -0.252484 0.883949
vt -0.179256 0.877591
vt -0.193877 0.880699
vt -0.189296 0.859511
vt -0.180685 0.916622
vt -0.252899 0.868404
vt -0.247526 0.855803
vt -0.182226 0.928217
vt -0.160154 0.928632
vt -0.353085 0.906877
vt -0.358535 0.884205
vt -0.344715 0.900627
vt -0.200694 0.92021
vt -0.328666 0.900589
vt -0.249007 0.828069
vt -0.231305 0.847132
vt -0.251976 0.840251
vt -0.267297 0.82209
vt -0.261479 0.796496
vt -0.235737 0.809423
vt -0.224407 0.833889
vt -0.35394 0.828844
vt -0.317511 0.961705
vt -0.320548 0.937765
vt -0.307429 0.947365
vt -0.369568 0.769366
vt -0.347598 0.775144
vt -0.31786 0.785875
vt -0.208588 0.829896
vt -0.207978 0.818212
vt -0.194496 0.834633
vt -0.21072 0.807324
vt -0.216035 0.782048
vt -0.206768 0.790818
vt -0.281583 0.807056
vt -0.334545 0.936066
vt -0.282165 0.941252
vt -0.242094 0.778773
vt -0.233701 0.78473
vt -0.234619 0.799972
vt -0.352957 0.867249
vt -0.16315 0.85783
vt -0.263294 0.764536
vt -0.255452 0.78836
vt -0.297552 0.793125
vt -0.292207 0.774274
vt -0.228584 0.766644
vt -0.304826 0.763325
vt -0.322828 0.76142
vt -0.329441 0.77444
vt -0.212517 0.770708
vt -0.197048 0.808668
vt -0.191121 0.784169
vt -0.175739 0.796041
vt -0.346099 0.760271
vt -0.369342 0.8554
vt -0.364676 0.909629
vt -0.36833 0.895502
vt -0.354469 0.845618
vt -0.17575 0.775357
vt -0.198575 0.772161
vt -0.276271 0.918504
vt -0.179499 0.81782
vt -0.2852 0.952467
vt -0.325848 0.672985
vt -0.296454 0.670639
vt -0.297052 0.679648
vt -0.2188 0.670782
vt -0.23279 0.655207
vt -0.223288 0.650354
vt -0.213749 0.650755
vt -0.20418 0.65076
vt -0.204083 0.67036
vt -0.19696 0.645186
vt -0.319882 0.656287
vt -0.3069 0.65515
vt -0.323177 0.644563
vt -0.282752 0.570395
vt -0.268049 0.554666
vt -0.262884 0.56967
vt -0.314751 0.60291
vt -0.30315 0.586511
vt -0.295126 0.587896
vt -0.281598 0.661556
vt -0.261171 0.65311
vt -0.26214 0.667325
vt -0.208608 0.635243
vt -0.223233 0.61981
vt -0.191119 0.606063
vt -0.35027 0.667117
vt -0.330615 0.691079
vt -0.328143 0.714276
vt -0.313391 0.614346
vt -0.291504 0.5698
vt -0.28661 0.581319
vt -0.298044 0.579138
vt -0.283981 0.594061
vt -0.288719 0.564534
vt -0.282931 0.557573
vt -0.348656 0.640358
vt -0.283595 0.684529
vt -0.30134 0.696142
vt -0.250254 0.658953
vt -0.237009 0.676018
vt -0.243147 0.701699
vt -0.363365 0.739343
vt -0.353149 0.740974
vt -0.252153 0.717641
vt -0.23023 0.716962
vt -0.316674 0.732224
vt -0.287453 0.746632
vt -0.193376 0.694565
vt -0.172868 0.700956
vt -0.263345 0.582609
vt -0.214379 0.755885
vt -0.205911 0.733763
vt -0.179937 0.73781
vt -0.249975 0.729616
vt -0.235703 0.739893
vt -0.247707 0.759826
vt -0.203338 0.757531
vt -0.187048 0.758196
vt -0.277366 0.739605
vt -0.269089 0.536811
vt -0.252018 0.551393
vt -0.214908 0.687228
vt -0.224047 0.708936
vt -0.24999 0.575569
vt -0.32012 0.61039
vt -0.325578 0.617378
vt -0.295942 0.628852
vt -0.272463 0.645813
vt -0.240412 0.62236
vt -0.248183 0.644426
vt -0.274017 0.609314
vt -0.260619 0.604343
vt -0.244307 0.601524
vt -0.332176 0.750369
vt -0.349465 0.724673
vt -0.191931 0.677883
vt -0.198912 0.723875
vt -0.201885 0.550156
vt -0.190134 0.573091
vt -0.221763 0.577241
vt -0.211787 0.560993
vt -0.195488 0.584479
vt -0.225785 0.730272
vt -0.237548 0.549142
vt -0.230621 0.595666
vt -0.176919 0.635951
vt -0.336763 0.628293
vt -0.295833 0.721481
vt -0.37003 0.721736
vt -0.366505 0.687897
vt -0.365223 0.656138
vt -0.206866 0.589852
vt -0.342047 0.63343
vt -0.275637 0.549053
vt -0.377561 0.667483
vt -0.369756 0.660521
vt -0.380772 0.700909
vt -0.353442 0.644549
vt -0.604329 1.166034
vt -0.551055 1.141216
vt -0.564644 1.173264
vt -0.586241 1.209735
vt -0.559176 1.209851
vt -0.576763 1.23027
vt -0.479129 1.010708
vt -0.445225 0.987705
vt -0.44603 1.022777
vt -0.608661 1.245536
vt -0.581725 1.254235
vt -0.601978 1.27313
vt -0.430212 1.017285
vt -0.438949 1.045256
vt -0.460433 1.063555
vt -0.619682 1.097786
vt -0.604744 1.076283
vt -0.602191 1.123072
vt -0.643508 1.147964
vt -0.636925 1.168108
vt -0.645696 1.165063
vt -0.642031 1.133437
vt -0.639105 1.104047
vt -0.626215 1.146056
vt -0.635036 1.069922
vt -0.635474 1.083089
vt -0.64447 1.185837
vt -0.62021 1.156871
vt -0.617541 1.193189
vt -0.635776 1.196442
vt -0.645009 1.19904
vt -0.64388 1.21908
vt -0.569902 1.133149
vt -0.643045 1.23305
vt -0.624383 1.246799
vt -0.641298 1.247959
vt -0.641252 1.266955
vt -0.557583 1.19261
vt -0.593482 1.1864
vt -0.63023 1.295431
vt -0.639604 1.296425
vt -0.637903 1.316984
vt -0.559727 1.228961
vt -0.585033 1.06173
vt -0.559582 1.042248
vt -0.560946 1.062633
vt -0.62966 1.021712
vt -0.621145 1.008114
vt -0.613289 1.024711
vt -0.553682 1.124768
vt -0.525508 1.144615
vt -0.511842 1.131442
vt -0.514135 1.166891
vt -0.536747 1.175378
vt -0.542858 1.215021
vt -0.611503 0.994098
vt -0.565723 1.017677
vt -0.50153 1.21189
vt -0.511737 1.243669
vt -0.584755 0.980061
vt -0.565082 0.993163
vt -0.577138 0.961255
vt -0.532485 1.241458
vt -0.558799 1.267429
vt -0.427064 1.116165
vt -0.412034 1.094461
vt -0.40256 1.119085
vt -0.587118 1.289464
vt -0.608516 1.328251
vt -0.594213 1.340624
vt -0.397024 1.083848
vt -0.384952 1.135831
vt -0.637034 1.336214
vt -0.431604 1.088361
vt -0.46124 1.081242
vt -0.525153 1.279096
vt -0.575935 1.311739
vt -0.56418 1.331433
vt -0.41952 1.000639
vt -0.398785 0.96251
vt -0.391302 1.00441
vt -0.429593 0.98722
vt -0.406502 1.03166
vt -0.41609 1.063502
vt -0.418379 1.050629
vt -0.4613 1.227108
vt -0.563455 1.107942
vt -0.541754 1.342275
vt -0.52034 1.328967
vt -0.485647 1.335709
vt -0.468061 1.299283
vt -0.45134 1.308234
vt -0.502863 1.345743
vt -0.498795 1.324769
vt -0.528525 1.347983
vt -0.430902 1.322445
vt -0.415784 1.306386
vt -0.386905 1.280578
vt -0.39191 1.233928
vt -0.380368 1.259961
vt -0.454838 1.344975
vt -0.500784 1.294955
vt -0.394956 1.059687
vt -0.391243 1.045519
vt -0.387254 1.069154
vt -0.486899 1.311662
vt -0.466792 1.048404
vt -0.399538 1.155401
vt -0.37326 1.16305
vt -0.41111 1.083497
vt -0.599245 1.035138
vt -0.426392 1.061134
vt -0.361756 1.17354
vt -0.631466 1.353396
vt -0.362688 1.19384
vt -0.37698 1.193788
vt -0.63305 1.052767
vt -0.608531 1.058313
vt -0.372047 1.248089
vt -0.357178 1.263875
vt -0.36341 1.26737
vt -0.381314 1.277388
vt -0.415395 1.18589
vt -0.398468 1.174855
vt -0.394248 1.203314
vt -0.438892 1.145602
vt -0.420424 1.224054
vt -0.406522 1.247809
vt -0.431899 1.199418
vt -0.375957 1.219291
vt -0.476888 1.167275
vt -0.445913 1.100162
vt -0.552992 0.982602
vt -0.543498 0.999759
vt -0.591178 1.046525
vt -0.528321 1.041073
vt -0.517906 1.018073
vt -0.526443 1.071373
vt -0.500791 1.04938
vt -0.53187 1.098454
vt -0.509456 1.096948
vt -0.558359 1.088111
vt -0.487205 1.081502
vt -0.474722 1.10417
vt -0.499337 1.12247
vt -0.508276 1.00254
vt -0.481275 1.029521
vt -0.379607 1.081594
vt -0.369278 1.06365
vt -0.460416 1.122877
vt -0.484831 1.139824
vt -0.526568 1.128016
vt -0.467094 1.357357
vt -0.425303 1.272532
vt -0.502042 1.186429
vt -0.453152 1.206216
vt -0.45179 1.180117
vt -0.597125 0.972131
vt -0.55309 0.959903
vt -0.368428 1.144327
vt -0.470533 0.973661
vt -0.53222 0.965029
vt -0.503523 0.958709
vt -0.370172 1.27121
vt -0.422329 0.955066
vt -0.417455 1.13735
vt -0.62172 1.217578
vt -0.593521 1.236559
vt -0.603185 1.216913
vt -0.46046 1.269176
vt -0.430986 1.259381
vt -0.399735 1.292614
vt -0.431113 1.215953
vt -0.434528 1.236267
vt -0.461836 1.193615
vt -0.466111 1.28604
vt -0.637733 1.096537
vt -0.494969 1.23189
vt -0.451637 1.118542
vt -0.487785 0.98147
vt -0.499521 1.145561
vt -0.390908 0.846551
vt -0.37936 0.82954
vt -0.435737 0.825101
vt -0.418257 0.802734
vt -0.413338 0.835215
vt -0.422172 0.861849
vt -0.397388 0.867275
vt -0.43901 0.853362
vt -0.390346 0.681717
vt -0.384751 0.6756
vt -0.396931 0.715115
vt -0.407265 0.720479
vt -0.401434 0.691804
vt -0.415891 0.7169
vt -0.41103 0.707102
vt -0.397493 0.937602
vt -0.386641 0.91759
vt -0.378884 0.942876
vt -0.413264 0.737023
vt -0.424019 0.73353
vt -0.393363 0.769087
vt -0.396235 0.741525
vt -0.379448 0.755336
vt -0.465781 0.858808
vt -0.456772 0.844814
vt -0.469438 0.86432
vt -0.437435 0.881262
vt -0.475217 0.874005
vt -0.472527 0.868989
vt -0.462311 0.893965
vt -0.430171 0.930593
vt -0.423674 0.90556
vt -0.415523 0.927358
vt -0.412788 0.896768
vt -0.393706 0.903124
vt -0.574513 0.940473
vt -0.394548 0.684901
vt -0.555332 0.927937
vt -0.54865 0.923426
vt -0.536756 0.91556
vt -0.530168 0.942909
vt -0.545063 0.938001
vt -0.515995 0.933494
vt -0.48239 0.950064
vt -0.488843 0.921584
vt -0.474516 0.923809
vt -0.498529 0.921993
vt -0.498801 0.903023
vt -0.433217 0.75866
vt -0.420417 0.749836
vt -0.416105 0.768171
vt -0.402908 0.834549
vt -0.513908 0.914687
vt -0.514673 0.902297
vt -0.505924 0.894798
vt -0.48014 0.892244
vt -0.451475 0.83674
vt -0.446924 0.818152
vt -0.455934 0.934709
vt -0.404746 0.922453
vt -0.438192 0.780766
vt -0.495021 0.887452
vt -0.53062 0.911524
vt -0.428117 0.741841
vt -0.44507 0.946301
vt -0.399567 0.809222
vt -0.443657 0.803995
vt -0.395703 0.820769
vt -0.40712 0.699041
vt -0.405476 0.695653
vt -0.560316 0.931122
vt -0.436384 0.77223
vt -0.489315 0.88399
vt -0.479198 0.876611
vt -0.587521 0.957664
vt -0.123794 0.527882
vt -0.102969 0.493573
vt -0.093075 0.501323
vt -0.090988 0.52293
vt -0.210352 0.528659
vt -0.197076 0.527596
vt -0.220359 0.543517
vt -0.242117 0.530379
vt -0.256029 0.53709
vt -0.17172 0.519934
vt -0.144732 0.521182
vt -0.140629 0.531986
vt -0.245908 0.510237
vt -0.22235 0.531485
vt -0.205283 0.510165
vt -0.234218 0.499744
vt -0.214584 0.513265
vt -0.243054 0.507177
vt -0.20735 0.481801
vt -0.180555 0.491866
vt -0.22132 0.490269
vt -0.187525 0.474518
vt -0.154877 0.462821
vt -0.17745 0.513015
vt -0.145126 0.492113
vt -0.228038 0.494089
vt -0.210006 0.506581
vt -0.174213 0.527023
vt -0.076273 0.510202
vt -0.073193 0.484331
vt -0.097452 0.473813
vt -0.087574 0.453259
vt -0.13458 0.463775
vt -0.109507 0.45837
vt -0.090432 0.488817
vt -0.122227 0.492137
vt -0.062796 0.499472
vt 0.007644 0.438351
vt 0.009323 0.456904
vt -0.050842 0.509599
vt -0.01224 0.474361
vt -0.014464 0.515758
vt -0.227536 0.519705
vt -0.071022 0.518783
vt -0.063723 0.527877
vt -0.046817 0.487451
vt -0.073372 0.452697
vt -0.054485 0.451257
vt -0.040883 0.457208
vt -0.009209 0.441737
vt -0.084364 0.531092
vt -0.104752 0.533356
vt -0.272648 0.541971
vt -0.265654 0.531217
vt -0.258985 0.521785
vt -0.218506 0.485928
vt -0.250835 0.513599
vn 0.105 0.677 -0.7285
vn -0.0817 0.665 -0.7424
vn 0.1971 0.7986 -0.5687
vn -0.6232 0.3916 -0.6769
vn 0.0053 0.3488 -0.9372
vn -0.3038 0.5669 -0.7657
vn -0.0019 0.6484 -0.7613
vn -0.1879 0.6782 -0.7104
vn -0.4012 0.6558 -0.6395
vn -0.5904 0.5694 -0.572
vn -0.4131 0.752 -0.5136
vn -0.262 0.6348 -0.7269
vn -0.004 0.6993 -0.7149
vn 0.0192 0.7841 -0.6203
vn -0.0629 0.8196 -0.5695
vn -0.2449 0.3915 -0.887
vn -0.0162 0.5275 -0.8494
vn -0.2603 0.611 -0.7476
vn 0.0915 0.4665 -0.8798
vn 0.2061 0.7721 -0.6012
vn -0.1321 0.795 -0.592
vn -0.2645 0.6992 -0.6642
vn 0.1057 0.6078 -0.787
vn -0.1804 0.7939 -0.5807
vn -0.569 0.8092 0.1464
vn -0.235 0.8067 -0.5422
vn -0.4532 0.6736 -0.5839
vn -0.2899 0.8668 -0.4056
vn -0.3813 0.5986 -0.7045
vn 0.207 0.9536 0.2185
vn -0.2521 0.7741 -0.5808
vn 0.302 0.9376 -0.1721
vn -0.0144 0.7975 -0.6031
vn -0.0316 0.9078 -0.4183
vn -0.2576 0.7378 -0.624
vn 0.0331 0.9973 0.0648
vn -0.0017 0.951 -0.3093
vn -0.1367 0.9506 -0.2786
vn -0.3852 0.7955 -0.4678
vn -0.1608 0.8142 -0.5579
vn -0.1823 0.8253 -0.5345
vn -0.0351 0.846 -0.5321
vn 0.0391 0.8606 -0.5078
vn -0.0377 0.7848 -0.6186
vn -0.2746 0.8889 -0.3666
vn -0.1631 0.9288 -0.3328
vn -0.5324 0.7833 -0.3209
vn -0.2291 0.8858 -0.4035
vn -0.0286 0.9751 -0.2197
vn -0.4373 0.7595 -0.4817
vn -0.4156 0.6879 -0.595
vn -0.3036 0.7848 -0.5403
vn -0.2668 0.8467 -0.4603
vn -0.2349 0.9055 -0.3534
vn -0.1162 0.9642 -0.2382
vn -0.3585 0.8613 -0.36
vn -0.2291 0.8746 -0.4274
vn -0.0054 0.9908 -0.1355
vn 0.0692 0.9876 -0.1409
vn -0.1692 0.9014 -0.3984
vn 0.0232 0.9303 -0.366
vn -0.0707 0.9091 -0.4106
vn 0.0444 0.8497 -0.5253
vn -0.1196 0.7488 -0.6519
vn 0.1378 0.9636 -0.2289
vn -0.0802 0.9346 -0.3467
vn 0.0966 0.9088 -0.4058
vn -0.2203 0.9233 -0.3145
vn -0.3315 0.4807 -0.8118
vn -0.1081 0.9599 -0.2586
vn 0.068 0.8614 -0.5034
vn 0.1658 0.8334 -0.5273
vn 0.2705 0.8261 -0.4944
vn 0.0911 0.7473 -0.6583
vn 0.115 0.7934 -0.5977
vn 0.0919 0.8666 -0.4905
vn -0.1588 0.8691 -0.4685
vn -0.9034 0.3145 0.2913
vn -0.9164 0.2488 0.3136
vn 0.0069 0.9086 -0.4176
vn -0.0241 0.6564 -0.754
vn -0.2825 0.8645 -0.4156
vn -0.0727 0.9792 -0.1894
vn -0.2844 0.798 -0.5314
vn -0.1061 0.9482 -0.2994
vn 0.1306 0.978 -0.1625
vn -0.0515 0.9621 -0.2678
vn -0.1143 0.9762 -0.1841
vn 0.0489 0.6828 -0.7289
vn -0.1782 0.8222 -0.5406
vn 0.0534 0.8849 -0.4628
vn -0.1067 0.8103 -0.5762
vn -0.1793 0.9175 -0.355
vn 0.0073 0.9989 -0.0455
vn -0.15 0.5794 -0.8011
vn -0.4578 0.805 -0.3772
vn 0.1145 0.8273 -0.5499
vn 0.2371 0.9119 -0.3351
vn 0.2108 0.9297 -0.3021
vn 0.1724 0.948 -0.2677
vn -0.3601 0.8017 -0.4771
vn -0.3248 0.8481 -0.4186
vn 0.1052 0.7496 -0.6534
vn -0.2726 0.872 -0.4065
vn -0.216 0.8895 -0.4026
vn 0.1845 0.7352 -0.6523
vn -0.2125 0.922 -0.3236
vn -0.017 0.9988 -0.0467
vn -0.1805 0.9548 -0.2364
vn 0.0667 0.9238 -0.3771
vn 0.0093 0.9581 -0.2862
vn -0.2587 0.9407 -0.2193
vn -0.1709 0.9438 -0.2828
vn -0.0612 0.9856 -0.1573
vn -0.336 0.8726 -0.3546
vn -0.6446 0.3088 -0.6994
vn -0.0459 0.9981 -0.0421
vn -0.0519 0.976 -0.2113
vn 0.1314 0.8038 -0.5802
vn -0.288 0.8115 -0.5085
vn -0.2189 0.9565 -0.1931
vn -0.1254 0.8431 -0.5229
vn -0.454 0.6333 -0.6267
vn -0.4112 0.8259 -0.3858
vn -0.2121 0.9239 -0.3186
vn -0.4541 0.577 -0.6789
vn 0.055 0.8584 -0.51
vn 0.3722 0.7112 -0.5963
vn -0.0686 0.9677 -0.2427
vn -0.4273 0.4813 -0.7653
vn -0.8196 0.3493 -0.4542
vn -0.194 0.9257 -0.3246
vn -0.1763 0.8894 -0.4218
vn -0.3174 0.8815 -0.3494
vn -0.29 0.9194 -0.2655
vn -0.1561 0.8985 -0.4103
vn -0.3027 0.8759 -0.3758
vn -0.2966 0.8236 -0.4834
vn -0.2803 0.8939 -0.3499
vn -0.403 0.8952 -0.1901
vn -0.408 0.783 -0.4695
vn -0.3557 0.7357 -0.5764
vn -0.3337 0.7632 -0.5533
vn -0.2877 0.8554 -0.4307
vn -0.3191 0.8963 -0.308
vn -0.2269 0.8819 -0.4131
vn -0.3071 0.9497 -0.0616
vn -0.3143 0.9476 -0.0568
vn -0.2685 0.9377 -0.2204
vn -0.0982 0.9948 -0.0264
vn -0.4386 0.8609 -0.2577
vn -0.4084 0.9092 -0.0806
vn -0.2615 0.9557 -0.1347
vn -0.0433 0.9639 -0.2627
vn -0.2469 0.969 -0.0138
vn -0.1957 0.9647 -0.1764
vn -0.4164 0.9043 0.0944
vn -0.4306 0.899 -0.0801
vn -0.4329 0.8791 -0.1992
vn -0.2211 0.9034 -0.3675
vn -0.2446 0.8341 -0.4944
vn -0.2667 0.8647 -0.4256
vn -0.296 0.8661 -0.4028
vn -0.2312 0.8588 -0.4571
vn -0.2707 0.8142 -0.5136
vn -0.2874 0.798 -0.5298
vn -0.4596 0.8579 -0.2296
vn -0.3492 0.8345 -0.4262
vn -0.3487 0.855 -0.384
vn -0.3357 0.9174 -0.2139
vn -0.0973 0.9952 -0.0037
vn -0.2462 0.9692 0.0077
vn -0.1881 0.9741 -0.1254
vn -0.3813 0.8583 -0.3435
vn -0.4663 0.8501 -0.2448
vn -0.2882 0.7729 -0.5653
vn -0.2412 0.9605 -0.1391
vn -0.2203 0.9747 0.0386
vn -0.0304 0.997 0.0716
vn -0.2641 0.8884 -0.3755
vn -0.2799 0.8953 -0.3466
vn 0.0504 0.6889 -0.7231
vn -0.0416 0.9228 -0.3829
vn -0.0397 0.9882 -0.1477
vn -0.3536 0.9354 0.0068
vn -0.256 0.9667 0.003
vn -0.1941 0.9779 -0.0771
vn -0.1988 0.98 0.0042
vn -0.2761 0.8524 -0.444
vn -0.2264 0.8397 -0.4936
vn -0.0589 0.9665 -0.2499
vn -0.4333 0.8526 -0.292
vn -0.2353 0.8566 -0.4592
vn -0.3094 0.9386 -0.1526
vn -0.3491 0.8987 -0.2653
vn 0.0043 0.9722 -0.2341
vn -0.5015 0.7646 -0.4048
vn -0.0777 0.9095 -0.4084
vn -0.2926 0.8806 -0.3728
vn -0.3904 0.8616 -0.3245
vn -0.2509 0.8823 -0.3982
vn -0.2799 0.9495 -0.1421
vn -0.2755 0.8751 -0.3977
vn -0.5911 0.7808 -0.2022
vn -0.2477 0.966 -0.0737
vn -0.2938 0.8668 -0.4028
vn -0.1635 0.7668 -0.6207
vn -0.0344 0.6965 -0.7167
vn -0.3475 0.8412 -0.4143
vn -0.1076 0.9942 -0.0061
vn -0.4196 0.8896 -0.1804
vn -0.3275 0.8532 -0.406
vn -0.1609 0.8178 -0.5525
vn -0.1974 0.7997 -0.567
vn -0.2809 0.8401 -0.464
vn -0.31 0.773 -0.5534
vn -0.3304 0.934 0.1358
vn -0.5277 0.7592 -0.3809
vn -0.2251 0.8476 -0.4805
vn -0.2148 0.8857 -0.4116
vn -0.2774 0.8414 -0.4638
vn -0.1753 0.905 -0.3877
vn -0.3573 0.8658 -0.3504
vn -0.3018 0.8641 -0.4028
vn -0.3171 0.8519 -0.4168
vn -0.0724 0.9025 -0.4246
vn -0.3352 0.8587 -0.3877
vn -0.2776 0.8746 -0.3974
vn -0.2059 0.9051 -0.372
vn -0.1898 0.8236 -0.5345
vn -0.1877 0.8364 -0.5149
vn -0.1372 0.9339 -0.3302
vn -0.185 0.9646 -0.1881
vn 0.037 0.9422 -0.3329
vn -0.251 0.8676 -0.4293
vn -0.1718 0.8361 -0.521
vn 0.1237 0.9857 -0.1146
vn -0.3679 0.845 -0.3882
vn -0.29 0.895 -0.339
vn 0.1986 0.9751 0.0989
vn 0.1004 0.9197 -0.3796
vn -0.253 0.9351 -0.2483
vn -0.1165 0.8906 -0.4396
vn -0.0382 0.8571 -0.5137
vn -0.2277 0.9127 -0.3393
vn -0.2505 0.9578 -0.141
vn -0.4216 0.7438 -0.5187
vn -0.1332 0.7771 -0.6151
vn -0.1859 0.7906 -0.5835
vn -0.4157 0.8423 -0.343
vn -0.1932 0.6937 -0.6939
vn -0.1422 0.9842 -0.1059
vn -0.3298 0.922 -0.2027
vn -0.3619 0.8447 -0.3943
vn -0.3292 0.8548 -0.4013
vn -0.1904 0.9274 -0.3221
vn -0.3178 0.85 -0.4201
vn -0.2679 0.7918 -0.5489
vn -0.2334 0.914 -0.3317
vn -0.319 0.8471 -0.4249
vn -0.1795 0.8689 -0.4613
vn -0.3533 0.8059 -0.4751
vn -0.2927 0.8933 -0.3412
vn -0.3278 0.8912 -0.3135
vn 0.0213 0.7291 -0.6841
vn -0.4249 0.7174 -0.5521
vn -0.3479 0.7747 -0.528
vn -0.169 0.9368 -0.3062
vn -0.1534 0.737 -0.6583
vn -0.3449 0.8432 -0.4122
vn -0.0401 0.972 0.2316
vn -0.275 0.8623 -0.4251
vn -0.295 0.8685 -0.3982
vn -0.3498 0.8694 -0.3489
vn -0.1934 0.6939 -0.6937
vn -0.2567 0.8669 -0.4273
vn -0.2694 0.8618 -0.4297
vn -0.3083 0.8474 -0.4323
vn -0.3049 0.9141 -0.2673
vn -0.1806 0.978 -0.1044
vn -0.1843 0.9113 -0.3682
vn -0.2448 0.8075 -0.5366
vn -0.2762 0.8552 -0.4386
vn -0.2936 0.8419 -0.4528
vn 0.0138 0.9531 -0.3024
vn -0.3064 0.8497 -0.4292
vn -0.2734 0.86 -0.4308
vn -0.3489 0.9278 -0.132
vn -0.3388 0.8704 -0.3573
vn -0.4745 0.8598 -0.1886
vn -0.2657 0.8706 -0.414
vn -0.2659 0.9139 -0.3067
vn -0.3135 0.9344 -0.1693
vn -0.2466 0.9665 -0.0711
vn -0.2246 0.973 -0.0532
vn -0.2834 0.8948 -0.3449
vn 0.2216 0.9732 -0.0617
vn -0.2119 0.9437 -0.2539
vn -0.1655 0.9811 -0.1003
vn -0.2468 0.9054 -0.3455
vn -0.2456 0.9104 -0.3328
vn -0.4495 0.839 -0.3065
vn -0.1424 0.9722 -0.1857
vn -0.2938 0.8443 -0.448
vn -0.2529 0.832 -0.4938
vn -0.2292 0.9133 -0.3367
vn -0.3211 0.9453 -0.0568
vn -0.367 0.7538 -0.5451
vn -0.5474 0.663 -0.5106
vn -0.7229 0.3532 -0.5938
vn -0.4726 0.8483 -0.2389
vn -0.2832 0.877 -0.3882
vn -0.1872 0.9769 -0.1029
vn -0.2606 0.9047 -0.3369
vn -0.2379 0.8513 -0.4677
vn -0.1722 0.9824 -0.0719
vn -0.2717 0.8879 -0.3714
vn -0.1898 0.8225 -0.5361
vn -0.1578 0.9874 0.0151
vn -0.1634 0.8242 -0.5423
vn -0.2463 0.9674 -0.0586
vn -0.0531 0.8718 0.487
vn -0.5019 0.8049 -0.3167
vn -0.0246 0.9582 -0.2849
vn -0.2476 0.8652 -0.436
vn -0.2922 0.8205 -0.4913
vn -0.1672 0.9047 -0.3919
vn -0.1662 0.956 -0.2417
vn -0.043 0.9154 -0.4002
vn -0.0691 0.9842 -0.1633
vn -0.3288 0.8712 -0.3646
vn -0.2307 0.952 -0.201
vn -0.0545 0.9985 0.0023
vn -0.203 0.9282 -0.3119
vn -0.194 0.5605 -0.8051
vn -0.3158 0.8136 -0.4882
vn -0.2335 0.9539 -0.1883
vn -0.3098 0.8551 -0.4157
vn -0.4346 0.8011 -0.4114
vn -0.4812 0.7766 -0.4067
vn -0.2409 0.8708 -0.4286
vn -0.3264 0.8135 -0.4813
vn -0.4127 0.9042 -0.1104
vn -0.2432 0.86 -0.4486
vn -0.2627 0.8601 -0.4373
vn -0.2653 0.8615 -0.433
vn -0.1485 0.946 -0.2881
vn -0.2473 0.7409 -0.6244
vn -0.3646 0.6039 -0.7088
vn -0.241 0.5193 -0.8199
vn -0.2903 0.6792 -0.6741
vn -0.2848 0.7272 -0.6246
vn -0.3089 0.7187 -0.623
vn -0.0645 0.7323 -0.678
vn -0.2795 0.9601 -0.0024
vn -0.0296 0.7761 -0.6299
vn -0.3856 0.868 -0.3129
vn -0.2467 0.815 -0.5243
vn -0.2348 0.6924 -0.6822
vn -0.1297 0.6933 -0.7088
vn -0.2972 0.7362 -0.608
vn -0.3111 0.8014 -0.5108
vn -0.122 0.6268 -0.7696
vn -0.1863 0.9599 -0.2097
vn -0.3969 0.784 -0.4772
vn -0.4807 0.5569 -0.6774
vn -0.4018 0.3881 -0.8294
vn -0.3254 0.7891 -0.521
vn -0.1205 0.9918 -0.0434
vn -0.3039 0.7236 -0.6197
vn 0.5918 -0.1748 -0.7869
vn -0.0379 0.6518 -0.7574
vn 0.0487 0.3648 -0.9298
vn -0.2164 0.3658 -0.9052
vn -0.2068 0.7902 -0.5768
vn -0.2958 0.6617 -0.6889
vn -0.4186 0.6484 -0.6359
vn -0.0437 0.6914 -0.7212
vn -0.2784 0.8041 -0.5253
vn -0.2427 0.8003 -0.5484
vn -0.5462 0.2779 -0.7902
vn -0.2376 0.8297 -0.505
vn -0.3732 0.8305 -0.4135
vn -0.1203 0.9477 -0.2957
vn -0.4288 0.8587 -0.2809
vn -0.3548 0.7208 -0.5954
vn -0.1178 0.848 -0.5167
vn -0.6448 0.6331 -0.4282
vn -0.1607 0.6649 -0.7295
vn -0.6451 0.4877 -0.5882
vn -0.378 0.9257 -0.0162
vn -0.1065 0.9835 -0.1461
vn -0.1488 0.6874 -0.7108
vn -0.1942 0.944 -0.2669
vn -0.0795 0.8788 -0.4705
vn -0.5379 0.7664 -0.3512
vn -0.6495 0.2372 -0.7224
vn -0.7416 0.5352 -0.4043
vn -0.4147 0.4943 -0.764
vn -0.6178 0.4702 -0.6303
vn -0.1007 0.9064 -0.4103
vn -0.1451 0.919 -0.3665
vn -0.2474 0.8978 -0.3643
vn -0.4032 0.7589 -0.5115
vn -0.2365 0.8952 -0.3777
vn -0.2585 0.8695 -0.4209
vn -0.2395 0.8261 -0.5101
vn 0.0816 0.9787 -0.1881
vn -0.0173 0.9492 -0.3141
vn -0.0462 0.9979 -0.0457
vn -0.1746 0.8469 -0.5023
vn -0.235 0.8787 -0.4156
vn -0.4413 0.8657 -0.2364
vn -0.1396 0.8477 -0.5117
vn -0.2385 0.9335 -0.2677
vn 0.0518 0.9296 -0.3649
vn -0.2304 0.8142 -0.533
vn -0.2874 0.8525 -0.4365
vn -0.4802 0.8077 -0.342
vn -0.4867 0.7607 -0.4294
vn -0.443 0.8046 -0.3954
vn -0.2719 0.8261 -0.4936
vn -0.0933 0.98 -0.1756
vn -0.1042 0.9209 -0.3756
vn 0.1461 0.9737 -0.1749
vn -0.8512 0.4988 -0.1631
vn -0.6964 0.7027 -0.1458
vn -0.6174 0.6706 -0.4112
vn -0.3146 0.6719 -0.6705
vn -0.1831 0.6611 -0.7276
vn -0.1714 0.7219 -0.6704
vn -0.1624 0.9024 -0.3992
vn -0.1028 0.8234 -0.5581
vn 0.3027 0.9435 -0.1347
vn -0.368 0.6086 -0.703
vn -0.3052 0.9361 -0.175
vn -0.5429 0.8397 0.0124
vn -0.414 0.852 -0.3205
vn -0.3044 0.9467 -0.1055
vn -0.2735 0.8247 -0.495
vn -0.1179 0.5751 -0.8095
vn -0.5707 0.6928 -0.4408
vn -0.3856 0.862 -0.3292
vn -0.299 0.9055 -0.3013
vn -0.3621 0.8797 -0.3083
vn -0.5838 0.4128 -0.6991
vn -0.4028 0.7877 -0.4661
vn -0.5049 0.696 -0.5106
vn -0.3918 0.7972 -0.4593
vn -0.3088 0.5367 -0.7853
vn -0.2616 0.7456 -0.6129
vn -0.0413 0.749 -0.6613
vn -0.0922 0.7792 -0.6199
vn -0.3277 0.8335 -0.4448
vn -0.1983 0.904 -0.3786
vn -0.2456 0.8093 -0.5336
vn -0.2507 0.8574 -0.4494
vn -0.3147 0.8905 -0.3285
vn -0.2361 0.9143 -0.3291
vn -0.4464 0.8807 -0.1586
vn -0.4644 0.779 -0.4213
vn -0.2457 0.8723 -0.4227
vn -0.444 0.7663 -0.4644
vn -0.2495 0.8868 -0.389
vn -0.3016 0.8316 -0.4663
vn -0.2872 0.8238 -0.4887
vn -0.2496 0.9139 -0.3203
vn -0.0175 0.9652 -0.2608
vn -0.0988 0.9561 -0.2759
vn -0.1724 0.8365 -0.5202
vn -0.0404 0.9408 -0.3365
vn -0.7574 -0.5158 0.4002
vn -0.326 0.8203 -0.4699
vn -0.1708 0.7727 -0.6114
vn -0.1082 0.9866 -0.1217
vn -0.1029 0.8853 -0.4535
vn -0.0162 0.9107 -0.4127
vn -0.0825 0.9035 -0.4206
vn -0.2464 0.889 -0.386
vn -0.1859 0.9506 -0.2488
vn -0.2121 0.8627 -0.459
vn -0.2233 0.6836 -0.6949
vn -0.2569 0.8869 -0.3839
vn -0.2762 0.7512 -0.5996
vn 0.019 0.7985 0.6016
vn 0.0257 0.7917 0.6104
vn -0.279 0.6256 -0.7286
vn -0.289 0.6169 -0.7321
vn -0.328 0.641 -0.6939
vn -0.3076 0.7591 -0.5737
vn -0.3587 0.7472 -0.5595
vn -0.4241 0.582 -0.6938
vn -0.1889 0.8656 -0.4637
vn -0.3265 0.8494 -0.4146
vn -0.4078 0.6749 -0.6149
vn -0.2263 0.756 -0.6142
vn -0.2638 0.9116 -0.3153
vn -0.098 0.9948 0.0291
vn -0.3668 0.8238 -0.4322
vn -0.6373 0.698 -0.3265
vn -0.5021 0.7822 -0.369
vn -0.3927 0.8851 -0.2498
vn -0.6238 0.5937 -0.5083
vn -0.5851 0.6014 -0.544
vn -0.5505 0.6633 -0.5069
vn -0.5898 0.6915 -0.417
vn -0.4475 0.2133 -0.8685
vn -0.3588 0.8083 -0.4668
vn -0.3846 0.8194 -0.425
vn -0.0832 0.9463 -0.3125
vn 0.1037 0.772 -0.627
vn -0.3178 0.8434 -0.4332
vn -0.6988 0.5727 -0.4286
vn -0.4322 0.889 -0.1515
vn -0.2728 0.6141 -0.7406
vn -0.3479 0.8798 -0.324
vn -0.2756 0.8985 -0.3418
vn -0.2597 0.9079 -0.329
vn -0.2477 0.901 -0.3561
vn -0.1266 0.9514 -0.2806
vn -0.0803 0.7379 -0.6701
vn -0.2364 0.9235 -0.3022
vn -0.27 0.8047 -0.5287
vn -0.287 0.8792 -0.3803
vn -0.2405 0.8955 -0.3744
vn -0.387 0.8838 -0.2631
vn -0.2745 0.8525 -0.4448
vn -0.4271 0.7965 -0.4279
vn -0.2477 0.7999 -0.5466
vn -0.1819 0.9331 -0.3102
vn -0.3204 0.8361 -0.4452
vn -0.4033 0.7255 -0.5576
vn -0.3546 0.9243 0.141
vn -0.1121 0.9883 0.1036
vn 0.0156 0.718 -0.6959
vn -0.4212 0.8694 -0.2584
vn -0.3166 0.9105 -0.2658
vn -0.2488 0.9086 -0.3355
vn -0.1954 0.8745 -0.4439
vn -0.0876 0.9377 -0.3364
vn -0.6754 0.5032 -0.5392
vn -0.2268 0.8901 -0.3953
vn -0.1937 0.9469 -0.2565
vn -0.3448 0.8686 -0.356
vn -0.1668 0.971 -0.171
vn -0.1326 0.9909 -0.0221
vn -0.2327 0.8853 -0.4027
vn -0.2363 0.8712 -0.4303
vn -0.3702 0.8789 -0.3007
vn -0.2462 0.878 -0.4104
vn -0.3363 0.8871 -0.3162
vn -0.235 0.8702 -0.433
vn -0.2255 0.9323 -0.2829
vn -0.3366 0.9254 -0.1739
vn -0.3332 0.9179 -0.2154
vn -0.2535 0.8133 -0.5236
vn -0.2609 0.8196 -0.5101
vn -0.1655 0.8663 -0.4712
vn 0.0659 0.9962 -0.0575
vn -0.3186 0.905 -0.2819
vn -0.3014 0.9011 -0.3115
vn -0.2332 0.9488 -0.2132
vn -0.074 0.9108 -0.4061
vn -0.0181 0.9893 -0.1446
vn -0.0713 0.654 -0.7532
vn -0.2193 0.5448 -0.8094
vn -0.2918 0.8319 -0.472
vn -0.5529 0.7199 -0.4196
vn -0.5196 0.793 -0.3181
vn -0.3906 0.9146 -0.1046
vn -0.3515 0.7598 -0.547
vn -0.5936 0.5693 -0.5687
vn -0.4842 0.8321 -0.2705
vn -0.5427 0.8132 -0.2102
vn -0.3645 0.8765 -0.3144
vn -0.3468 0.8367 -0.4238
vn -0.1946 0.8704 -0.4523
vn -0.4385 0.5341 -0.7228
vn -0.5786 0.7417 -0.3392
vn -0.2598 0.828 -0.4969
vn -0.2203 0.8707 -0.4396
vn -0.6946 0.6615 -0.2827
vn -0.6589 0.5973 -0.4573
vn -0.3309 0.7386 -0.5874
vn -0.5314 0.471 -0.7041
vn -0.2705 0.8824 -0.385
vn -0.2189 0.9033 -0.369
vn -0.2991 0.8882 -0.3488
vn -0.231 0.8447 -0.4829
vn -0.3661 0.5765 -0.7305
vn -0.408 0.4832 -0.7747
vn -0.2533 0.8038 -0.5383
vn -0.3643 0.6012 -0.7112
vn -0.433 0.4478 -0.7823
vn -0.3462 0.8574 -0.3809
vn -0.3397 0.7999 -0.4947
vn -0.2067 0.9784 0.0075
vn -0.2391 0.8351 -0.4954
vn -0.453 0.8163 -0.3584
vn -0.2637 0.8862 -0.3809
vn -0.347 0.6799 -0.646
vn -0.4828 0.624 -0.6144
vn -0.3672 0.9243 -0.1044
vn -0.5424 0.7242 -0.4259
vn -0.2238 0.8653 -0.4485
vn -0.2296 0.8422 -0.4879
vn -0.1889 0.9625 -0.1948
vn -0.2009 0.7737 -0.6008
vn -0.4455 0.6251 -0.6409
vn -0.209 0.7623 -0.6125
vn -0.0032 0.7496 -0.6619
vn -0.2711 0.839 -0.4717
vn 0.007 0.8315 -0.5555
vn -0.2514 0.8635 -0.4372
vn 0.101 0.8402 -0.5328
vn -0.5484 0.7456 -0.3787
vn -0.1446 0.9211 -0.3614
vn 0.1008 0.7326 -0.6732
vn -0.336 0.7433 -0.5785
vn -0.0926 0.9221 -0.3757
vn -0.1591 0.8542 -0.4951
vn 0.0028 0.9534 -0.3016
vn 0.1902 0.9233 -0.3338
vn -0.2867 0.7086 -0.6447
vn -0.6579 0.53 -0.5351
vn -0.5087 0.7651 -0.3947
vn -0.5802 0.4755 -0.6612
vn -0.3481 0.8121 -0.4684
vn -0.1239 0.9027 -0.4121
vn 0.039 0.9708 -0.2367
vn -0.2189 0.8855 -0.4099
vn -0.4751 0.779 -0.4091
vn -0.5586 0.767 -0.3156
vn -0.3021 0.8235 -0.4803
vn -0.6054 0.626 -0.4915
vn -0.4835 0.8493 -0.2121
vn -0.403 0.6719 -0.6213
vn -0.1367 0.961 -0.2404
vn -0.2632 0.8656 -0.4259
vn 0.0136 0.9615 -0.2745
vn -0.0582 0.9875 0.1466
vn -0.2029 0.7491 -0.6306
vn -0.4293 0.7406 -0.517
vn -0.2836 0.8772 -0.3874
vn -0.2639 0.7769 -0.5716
vn -0.2915 0.8986 -0.3278
vn -0.2402 0.8481 -0.4723
vn -0.4229 0.8863 -0.189
vn 0.0328 0.8464 -0.5315
vn -0.2216 0.9167 -0.3324
vn -0.2227 0.8862 -0.4063
vn -0.3246 0.9058 -0.2724
vn -0.3494 0.7047 -0.6175
vn -0.2115 0.8602 -0.464
vn -0.39 0.7638 -0.5144
vn -0.4305 0.8628 -0.265
vn -0.2302 0.9036 -0.3612
vn -0.2523 0.4863 -0.8366
vn -0.2423 0.9693 -0.0426
vn -0.3038 0.8238 -0.4787
vn -0.3958 0.823 -0.4075
vn -0.4129 0.9098 0.0421
vn -0.4024 0.8366 -0.3718
vn -0.267 0.7944 -0.5456
vn -0.2047 0.8186 -0.5367
vn -0.3355 0.5506 -0.7644
vn 0.1692 0.9702 0.1733
vn -0.4133 0.8994 -0.1421
vn -0.1735 0.9078 -0.3818
vn -0.134 0.8089 -0.5724
vn -0.4422 0.8786 -0.1803
vn -0.0995 0.8567 -0.5061
vn 0.0027 0.9765 0.2155
vn -0.4141 0.7926 -0.4476
vn 0.0235 0.9889 -0.1469
vn -0.2186 0.891 -0.3979
vn -0.5911 0.662 -0.4607
vn -0.3498 0.6824 -0.6418
vn -0.2336 0.7932 0.5623
vn -0.4538 0.8892 -0.0586
vn -0.5302 0.7639 -0.3679
vn -0.7506 0.5351 -0.3876
vn -0.722 0.5138 -0.4634
vn -0.6744 0.5513 -0.4911
vn -0.7474 0.4731 -0.4665
vn -0.1394 0.3792 -0.9148
vn -0.3693 0.8689 -0.3295
vn -0.3447 0.8605 -0.3752
vn -0.1848 0.8945 -0.4072
vn -0.0965 0.9951 -0.0201
vn -0.4643 0.8851 -0.0333
vn -0.4342 0.8479 -0.3043
vn -0.6257 0.6282 -0.4625
vn -0.4326 0.8646 -0.2554
vn -0.6554 0.7444 -0.1275
vn -0.669 0.7427 -0.031
vn -0.7075 0.6866 -0.1676
vn -0.3225 0.9381 -0.1265
vn -0.6126 0.7604 -0.2156
vn -0.5903 0.7486 -0.302
vn -0.2635 0.9457 -0.1903
vn 0.3489 0.749 0.5633
vn 0.5969 0.735 0.3217
vn 0.2264 -0.5869 0.7774
vn -0.5686 0.7546 -0.3274
vn -0.3346 0.9404 -0.0612
vn -0.4574 0.8749 -0.1593
vn 0.7287 -0.5914 0.3455
vn -0.3367 0.9414 -0.0218
vn -0.5669 0.4558 -0.6862
vn -0.5175 0.6994 -0.4929
vn -0.313 0.6893 -0.6534
vn -0.3235 0.9299 -0.1751
vn -0.4071 0.8996 -0.1583
vn -0.463 0.877 -0.1286
vn -0.2987 0.9495 0.0955
vn -0.5362 0.8228 -0.1883
vn -0.5967 0.6665 -0.4469
vn -0.507 0.8094 -0.2963
vn -0.476 0.8648 -0.1597
vn -0.4995 0.8661 -0.0191
vn -0.3867 0.8953 -0.2212
vn -0.5255 0.7977 -0.2959
vn -0.4245 0.8869 -0.1821
vn -0.4599 0.849 -0.26
vn -0.6459 0.7095 -0.2816
vn -0.5501 0.6996 -0.456
vn -0.5926 0.7447 -0.3071
vn -0.6246 0.7578 -0.1887
vn -0.6336 0.6709 -0.3852
vn -0.4168 0.749 -0.515
vn -0.8751 0.483 -0.0299
vn -0.71 0.5495 -0.4403
vn -0.528 0.7922 -0.3061
vn -0.4686 0.8563 -0.2172
vn -0.6204 0.773 -0.1327
vn -0.5321 0.6932 -0.4861
vn -0.3722 0.8279 -0.4195
vn -0.3497 0.9303 0.1108
vn -0.6308 0.5696 -0.527
vn -0.4036 0.8852 -0.2314
vn -0.4607 0.7525 -0.4706
vn -0.0529 0.884 -0.4646
vn -0.4205 0.9047 -0.0688
vn -0.5901 0.6134 -0.5249
vn -0.5607 0.7132 -0.4206
vn -0.4204 0.7441 -0.5192
vn -0.8254 0.3352 -0.4543
vn -0.6409 0.7393 0.2069
vn -0.0395 0.8192 -0.5721
vn -0.4116 0.9011 -0.1366
vn -0.3419 0.8667 -0.3633
vn -0.8215 0.4527 -0.3467
vn -0.6169 0.7522 -0.2316
vn -0.6621 0.7408 -0.1133
vn -0.5205 0.6654 -0.5351
vn -0.6151 0.5702 -0.5445
vn -0.662 0.7441 -0.0899
vn -0.7233 0.5799 -0.3748
vn -0.6729 0.6947 -0.2542
vn -0.512 0.7841 -0.3508
vn -0.5277 0.4715 -0.7065
vn -0.6002 0.6853 -0.4126
vn -0.5101 0.7711 -0.3811
vn 0.1764 -0.8338 -0.5231
vn -0.49 0.8487 -0.1992
vn -0.6763 0.7156 -0.1746
vn -0.4961 0.8627 0.0977
vn -0.3715 0.928 -0.029
vn -0.5938 0.7881 -0.1621
vn -0.3209 0.9469 0.0216
vn -0.5631 0.8143 0.1408
vn -0.4096 0.9111 -0.0453
vn -0.4186 0.9077 -0.0292
vn -0.5171 0.8542 0.0536
vn -0.6752 0.7307 -0.1007
vn -0.5743 0.8063 -0.1414
vn -0.6191 0.7368 -0.2716
vn -0.4566 0.7007 -0.5482
vn -0.3893 0.8836 -0.2602
vn -0.3662 0.7105 -0.6009
vn -0.4291 0.847 -0.3139
vn -0.2753 0.9417 -0.1935
vn -0.3946 0.869 -0.2985
vn -0.1861 0.9802 -0.0673
vn -0.4373 0.8846 -0.1622
vn -0.5696 0.7892 -0.2297
vn -0.1226 0.8775 -0.4637
vn -0.4885 0.6959 -0.5264
vn -0.2269 0.6475 -0.7275
vn -0.5197 0.6378 -0.5685
vn -0.0254 0.9594 0.281
vn -0.5009 0.849 -0.1683
vn -0.5913 0.734 -0.3342
vn -0.3881 0.9096 -0.1482
vn -0.3952 0.9183 -0.0229
vn -0.3955 0.9026 -0.1699
vn -0.438 0.891 -0.1191
vn -0.3923 0.9109 -0.1278
vn -0.253 0.9416 -0.2222
vn -0.1173 0.8785 -0.463
vn 0.0768 0.9649 -0.2511
vn -0.2396 0.9583 -0.1556
vn -0.3938 0.8382 -0.3773
vn -0.0867 0.9522 0.2928
vn -0.4505 0.802 -0.3923
vn -0.2514 0.8589 -0.4463
vn -0.2673 0.9332 -0.24
vn -0.4656 0.8476 -0.2547
vn -0.2377 0.9508 -0.1988
vn -0.7316 0.5923 -0.3375
vn -0.7402 -0.2418 -0.6274
vn -0.2835 -0.9532 0.1053
vn -0.53 -0.3298 -0.7812
vn -0.7005 0.2644 -0.6629
vn -0.8594 0.397 -0.3221
vn -0.913 0.3854 -0.1339
vn -0.3546 0.6529 -0.6694
vn -0.5048 0.8376 -0.209
vn 0.2131 0.3938 0.8942
vn -0.4183 0.7409 -0.5255
vn -0.5131 0.7837 -0.3501
vn -0.5691 0.8216 -0.0325
vn 0.0502 0.97 0.2381
vn -0.4441 0.8908 0.0957
vn 0.1302 0.9533 -0.2725
vn -0.4207 0.8628 -0.2801
vn -0.2299 0.9232 0.3079
vn 0.2016 -0.7868 0.5834
vn -0.3675 0.8299 -0.4198
vn -0.2968 0.7941 -0.5305
vn -0.1896 0.8594 -0.4749
vn -0.5779 0.6645 -0.4738
vn -0.4817 0.6642 -0.5716
vn -0.5126 0.7989 -0.3146
vn -0.6742 0.615 -0.4089
vn -0.6111 0.5771 -0.5417
vn -0.24 0.8954 -0.375
vn -0.5323 0.7811 -0.3265
vn -0.4049 0.8114 -0.4215
vn -0.2591 0.9199 -0.2943
vn -0.4772 0.7474 -0.4623
vn -0.3111 0.948 -0.0675
vn -0.4292 0.8938 -0.1297
vn -0.3855 0.8949 -0.225
vn -0.6691 0.5351 -0.5156
vn -0.5182 0.6071 -0.6025
vn -0.3615 0.8039 -0.4722
vn -0.6014 0.6009 -0.5265
vn -0.4133 0.8406 -0.3502
vn -0.4534 0.773 -0.4438
vn -0.3717 0.818 -0.439
vn -0.556 0.6811 -0.4764
vn -0.556 0.6717 -0.4896
vn -0.6536 0.4984 -0.5696
vn -0.5433 0.7667 -0.3421
vn -0.5739 0.6174 -0.538
vn -0.4581 0.8445 -0.2773
vn -0.4705 0.782 -0.4088
vn -0.7787 0.4558 -0.4312
vn -0.6289 0.5091 -0.5876
vn -0.4828 0.6213 -0.6172
vn -0.481 0.708 -0.5172
vn -0.3748 0.8357 -0.4015
vn -0.5336 0.6795 -0.5035
vn -0.6274 0.5766 -0.5234
vn -0.5939 0.668 -0.4484
vn -0.168 0.8076 -0.5653
vn -0.2361 0.9016 -0.3625
vn -0.0468 0.9154 -0.3998
vn -0.4201 0.8179 -0.393
vn -0.4096 0.7748 -0.4816
vn -0.7326 0.4909 -0.4715
vn -0.4594 0.7137 -0.5288
vn -0.4477 0.8846 -0.1309
vn -0.5428 0.8041 -0.2424
vn -0.6321 0.6423 -0.4335
vn -0.7276 0.5417 -0.421
vn -0.6444 0.7138 -0.2744
vn -0.6394 0.5728 -0.5129
vn -0.7044 0.3824 -0.598
vn -0.6485 0.5759 -0.4978
vn -0.2993 0.8456 -0.442
vn -0.2635 0.7311 -0.6293
vn -0.1559 0.9116 -0.3805
vn -0.589 0.6038 -0.5372
vn -0.4583 0.7563 -0.4669
vn -0.5582 0.6454 -0.5215
vn -0.4799 0.8771 0.019
vn -0.5329 0.719 -0.4461
vn -0.777 0.3138 -0.5456
vn -0.3362 0.6693 -0.6625
vn -0.5229 0.6269 -0.5775
vn -0.4688 0.8353 -0.2871
vn -0.441 0.8116 -0.3831
vn -0.4067 0.8217 -0.3991
vn -0.3531 0.8434 -0.4049
vn -0.408 0.8315 -0.377
vn -0.4169 0.7778 -0.4703
vn -0.5988 0.7967 -0.0817
vn -0.2587 0.9431 -0.209
vn -0.2013 0.9415 -0.2701
vn -0.259 0.8963 -0.3599
vn -0.5241 0.749 -0.4053
vn -0.4743 0.8068 -0.3524
vn -0.4343 0.8073 -0.3995
vn -0.7525 0.6275 -0.2
vn -0.4927 0.7687 -0.4078
vn -0.3823 0.8039 -0.4556
vn -0.2959 0.9494 -0.1049
vn -0.1859 0.9592 -0.213
vn -0.387 0.8158 -0.4298
vn -0.2611 0.899 -0.3516
vn -0.4009 0.854 -0.3316
vn -0.6801 0.517 -0.5198
vn -0.4436 0.4084 -0.7978
vn -0.5734 0.3735 -0.7292
vn -0.4267 0.837 -0.3427
vn -0.4684 0.7753 -0.4238
vn -0.4649 0.8496 -0.249
vn -0.5723 0.1344 -0.809
vn -0.3538 0.9172 -0.183
vn -0.6572 0.4716 -0.588
vn -0.5549 0.5646 -0.611
vn -0.5728 0.7433 -0.3456
vn -0.5539 0.2437 -0.7961
vn -0.5458 0.349 -0.7618
vn -0.5872 0.3957 -0.7061
vn -0.2816 0.9146 -0.2902
vn -0.6537 0.5497 -0.5202
vn -0.3632 0.912 -0.1905
vn -0.5021 0.8115 -0.2991
vn -0.3662 0.9123 -0.1834
vn -0.5356 0.1211 -0.8357
vn -0.5366 0.6627 -0.5224
vn -0.8495 0.481 -0.2167
vn -0.7129 0.619 -0.3295
vn -0.6572 0.7237 -0.2107
vn -0.5396 0.5912 -0.5994
vn -0.5824 0.5627 -0.5866
vn -0.6487 0.6876 -0.3261
vn -0.4791 0.5285 -0.7009
vn -0.4909 0.8315 -0.2602
vn -0.6328 0.7499 -0.1929
vn -0.1745 0.9454 -0.2754
vn -0.5327 0.7422 -0.4067
vn -0.5931 0.6475 -0.4785
vn -0.4959 0.4328 -0.7528
vn -0.6076 0.5616 -0.5617
vn -0.7252 0.4926 -0.481
vn -0.4568 0.5539 -0.6961
vn -0.5196 0.7843 -0.3389
vn -0.474 0.659 -0.5841
vn -0.6214 0.7561 -0.2051
vn 0.6175 0.3239 -0.7168
vn -0.5435 0.6718 -0.5032
vn -0.6968 0.1053 -0.7095
vn -0.5469 0.3791 -0.7464
vn -0.5662 0.7508 -0.3401
vn -0.1071 0.9782 -0.1778
vn -0.3164 0.8998 -0.3004
vn -0.3805 0.8303 -0.4073
vn -0.3432 0.8347 -0.4307
vn -0.2136 0.9369 -0.2767
vn -0.8476 0.176 -0.5007
vn -0.1155 0.8354 -0.5373
vn -0.402 0.8478 -0.3458
vn -0.5082 0.5031 -0.6991
vn -0.2431 0.8161 -0.5243
vn -0.459 0.7827 -0.4204
vn -0.3269 0.9137 -0.2415
vn -0.5281 0.7474 -0.4031
vn -0.1195 0.0129 -0.9928
vn 0.1714 0.9161 0.3624
vn -0.5215 0.7684 -0.3709
vn -0.4702 0.3931 -0.7902
vn -0.5526 0.7708 -0.3171
vn -0.6257 0.6838 -0.3754
vn -0.4847 0.6697 -0.5627
vn -0.7147 0.5882 -0.3784
vn -0.3843 0.7619 -0.5213
vn -0.5407 0.701 -0.465
vn -0.2345 0.9102 -0.3413
vn -0.2374 0.9526 -0.1903
vn -0.6121 0.3128 -0.7263
vn -0.6417 0.3005 -0.7057
vn -0.6417 0.6533 -0.4018
vn -0.2128 0.9567 -0.1984
vn -0.4098 0.5671 -0.7145
vn -0.5581 0.7367 -0.3817
vn -0.2688 0.888 -0.3732
vn -0.669 0.7159 -0.1998
vn -0.5722 0.7097 -0.4109
vn -0.488 0.7324 -0.4749
vn -0.5059 0.5746 -0.6434
vn -0.6592 0.5277 -0.5357
vn -0.6393 0.5911 -0.4919
vn -0.4703 0.5527 -0.688
vn -0.4911 0.681 -0.5431
vn -0.4388 0.6596 -0.6102
vn -0.6039 0.7424 -0.2901
vn -0.4133 0.6182 -0.6686
vn 0.709 0.0768 0.701
vn -0.5711 0.7419 -0.3512
vn -0.9666 0.2027 -0.1571
vn -0.4664 0.4839 -0.7405
vn -0.3792 0.6628 -0.6457
vn -0.7788 0.496 -0.3841
vn -0.6296 0.2862 -0.7223
vn -0.4732 0.7487 -0.4643
vn -0.4663 0.4374 -0.7689
vn -0.1719 0.8335 -0.5251
vn -0.0878 0.976 0.199
vn -0.561 0.2118 -0.8003
vn -0.5201 -0.1677 -0.8375
vn -0.2649 0.9411 -0.2099
vn -0.2217 0.4461 0.8671
vn -0.6861 0.3581 -0.6333
vn -0.4357 0.8666 -0.2431
vn -0.4636 0.1292 -0.8766
vn -0.2765 0.8728 -0.4022
vn 0.0329 0.9274 -0.3727
vn 0.3454 0.3571 -0.8679
vn -0.7667 0.323 -0.5548
vn -0.2986 0.5043 -0.8102
vn -0.4116 0.6057 -0.681
vn 0.0349 0.6173 -0.786
vn 0.0026 0.7572 -0.6532
vn -0.5141 0.2674 -0.815
vn 0.0885 0.7819 -0.6171
vn -0.645 0.5186 -0.5612
vn -0.6172 0.6366 0.4625
vn -0.0536 0.8755 -0.4802
vn 0.3252 0.724 -0.6084
vn 0.1119 0.5214 -0.846
vn -0.2582 0.5232 -0.8122
vn -0.3933 0.5219 -0.7569
vn -0.2457 0.604 -0.7582
vn -0.2738 0.5877 -0.7613
vn -0.2271 0.6781 -0.699
vn -0.2588 0.5894 -0.7653
vn -0.2305 0.6155 -0.7537
vn -0.307 0.4683 -0.8285
vn -0.3743 0.6691 -0.642
vn -0.2658 0.7412 -0.6164
vn -0.0759 0.607 -0.7911
vn -0.2796 0.5489 -0.7878
vn -0.4694 0.5174 -0.7156
vn -0.3501 0.4931 -0.7964
vn -0.3298 0.6648 -0.6702
vn -0.0819 0.6169 -0.7828
vn -0.0799 0.6209 -0.7798
vn -0.3631 0.6334 -0.6834
vn -0.356 0.6578 -0.6637
vn -0.1498 0.9241 -0.3515
vn -0.1792 0.904 -0.3881
vn -0.2147 0.8669 -0.4499
vn -0.1767 0.7191 -0.6721
vn -0.1733 0.7623 -0.6235
vn -0.3773 0.7618 -0.5266
vn -0.1224 0.5466 -0.8284
vn 0.1642 0 -0.9864
vn -0.4443 0.3075 -0.8414
vn -0.3553 0.3438 -0.8692
vn -0.4014 0.6948 -0.5967
vn -0.1225 0.806 -0.5791
vn -0.2525 0.8724 -0.4186
vn -0.1296 0.8969 -0.4228
vn -0.1425 0.8686 -0.4747
vn -0.2289 0.9109 -0.3434
vn -0.2612 0.8203 -0.5088
vn -0.071 0.9461 -0.316
vn -0.0229 0.9446 -0.3274
vn -0.2871 0.8948 -0.342
vn -0.4029 0.8109 -0.4245
vn -0.4029 0.8586 -0.3169
vn -0.359 0.8423 -0.4021
vn -0.327 0.8174 -0.4743
vn -0.3077 0.8795 -0.3631
vn -0.4256 0.7538 -0.5007
vn -0.1052 0.9242 -0.3671
vn -0.0655 0.9789 -0.1933
vn 0.084 0.9724 -0.2175
vn -0.1721 0.951 -0.2569
vn -0.491 0.7053 -0.5113
vn -0.2574 0.7697 -0.5842
vn -0.2711 0.8535 -0.445
vn -0.3211 0.8113 -0.4886
vn -0.3909 0.7228 -0.5699
vn -0.6091 0.6895 -0.3919
vn -0.1716 0.95 -0.2609
vn -0.1705 0.9389 -0.2988
vn -0.5279 0.8372 -0.1426
vn -0.4247 0.7919 -0.4389
vn -0.3757 0.7729 -0.5113
vn -0.459 0.7406 -0.4908
vn -0.245 0.8337 -0.4948
vn -0.3652 0.7887 -0.4946
vn -0.2998 0.8906 -0.3421
vn -0.1895 0.818 -0.5431
vn -0.2924 0.8654 -0.407
vn -0.132 0.8448 -0.5186
vn -0.3221 0.886 -0.3337
vn -0.3394 0.8895 -0.3058
vn -0.275 0.8755 -0.3973
vn -0.2584 0.6972 -0.6687
vn -0.2441 0.703 -0.668
vn -0.1581 0.8008 -0.5777
vn -0.2555 0.8737 -0.414
vn -0.0694 0.7871 -0.6129
vn -0.1221 0.8396 -0.5293
vn -0.031 0.887 -0.4607
vn -0.1533 0.8546 -0.4962
vn -0.1757 0.7892 -0.5885
vn -0.219 0.6726 -0.7068
vn -0.2068 0.7295 -0.652
vn -0.3191 0.9242 -0.2098
vn -0.1978 0.8707 -0.4503
vn -0.497 0.6058 -0.6213
vn -0.3995 0.7995 -0.4486
vn -0.3235 0.8833 -0.3393
vn -0.3757 0.7825 -0.4965
vn -0.4451 0.7741 -0.4502
vn -0.3197 0.7819 -0.5352
vn -0.5398 0.7277 -0.4232
vn -0.5885 0.7654 -0.2604
vn -0.5034 0.7449 -0.4379
vn -0.3859 0.8982 -0.2106
vn -0.0307 0.7888 -0.6139
vn -0.1844 0.604 -0.7754
vn -0.9616 -0.2632 0.0777
vn -0.466 0.5576 -0.6869
vn -0.1729 0.8567 -0.4861
vn -0.1715 0.6447 -0.7449
vn -0.2496 0.6847 -0.6848
vn -0.1003 0.7205 -0.6861
vn -0.2529 0.4519 -0.8555
vn -0.3597 0.8534 -0.3772
vn -0.2599 0.4576 -0.8503
vn 0.0335 0.6733 -0.7386
vn -0.0658 0.6957 -0.7153
vn -0.2874 0.5982 -0.748
vn -0.2942 0.6623 -0.689
vn -0.0847 0.8377 -0.5395
vn -0.1925 0.6551 -0.7306
vn -0.5421 0.6176 -0.5698
vn -0.3256 0.6032 -0.7281
vn -0.3449 0.6333 -0.6928
vn -0.0843 0.4591 -0.8844
vn -0.0281 0.9472 -0.3195
vn -0.2206 0.8565 -0.4667
vn -0.086 0.9103 -0.4049
vn -0.0924 0.8804 -0.4652
vn -0.0489 0.6896 -0.7226
vn -0.3987 0.6405 -0.6563
vn 0.0241 0.9575 -0.2876
vn -0.2677 0.7436 -0.6127
vn -0.1772 0.8826 -0.4355
vn -0.0654 0.9036 -0.4234
vn -0.1223 0.9209 -0.3701
vn -0.37 0.6717 -0.6418
vn -0.053 0.7485 -0.6611
vn -0.0701 0.7951 -0.6024
vn 0.0253 0.6701 -0.7418
vn -0.2623 0.7389 -0.6206
vn -0.2846 0.8392 -0.4634
vn -0.4577 0.6917 -0.5586
vn -0.0027 0.7811 -0.6244
vn -0.0883 0.8597 -0.5031
vn -0.2236 0.7683 -0.5998
vn -0.2934 0.8404 -0.4556
vn -0.1674 0.8663 -0.4707
vn -0.4248 0.7608 -0.4906
vn -0.1527 0.9619 -0.2269
vn -0.1873 0.474 -0.8604
vn -0.1936 0.8873 -0.4185
vn 0.1337 0.7924 -0.5952
vn -0.0151 0.9207 -0.3899
vn -0.2514 0.6569 -0.7108
vn -0.0465 0.9242 -0.379
vn 0.2487 0.6793 -0.6904
vn -0.0929 0.7075 -0.7006
vn -0.1052 0.7824 -0.6138
vn -0.4527 0.5489 -0.7027
vn -0.3935 0.7693 -0.5033
vn -0.3413 0.9015 -0.2661
vn -0.1143 0.9905 -0.077
vn -0.3928 0.8077 -0.4397
vn -0.125 0.561 -0.8183
vn -0.3764 0.7347 -0.5645
vn -0.1235 0.8217 -0.5564
vn -0.1099 0.6473 -0.7542
vn -0.2071 0.65 -0.7311
vn -0.4081 0.772 -0.4873
vn -0.4185 0.7931 -0.4426
vn -0.154 0.9071 -0.3919
vn -0.4447 0.7751 -0.4488
vn -0.1827 0.8589 -0.4785
vn -0.8548 0.3967 -0.3345
vn -0.5252 0.3334 -0.783
vn 0.0193 0.5647 -0.8251
vn -0.5467 0.1074 -0.8304
vn -0.2507 0.5032 -0.827
vn -0.0873 0.6963 -0.7124
vn 0.0953 0.6495 -0.7543
vn 0.1594 0.4932 -0.8552
vn -0.0401 0.7719 -0.6345
vn -0.0052 0.6708 -0.7417
vn 0.0461 0.6213 -0.7822
vn -0.1844 0.7317 -0.6562
vn -0.3468 0.8983 -0.2697
vn -0.1383 0.9459 -0.2936
vn -0.1916 0.9011 -0.3889
vn -0.5181 0.7785 -0.3543
vn 0.2719 0.732 -0.6247
vn -0.2898 0.7822 -0.5516
vn -0.1942 0.9486 -0.25
vn -0.1254 0.9597 -0.2513
vn -0.2669 0.9033 -0.3359
vn -0.264 0.7756 -0.5734
vn -0.1291 0.6727 -0.7286
vn -0.262 0.7813 -0.5665
vn -0.2243 0.8637 -0.4513
vn -0.2569 0.8787 -0.4025
vn -0.0828 0.8011 -0.5928
vn -0.113 0.8 -0.5893
vn -0.2395 0.505 -0.8292
vn -0.3399 0.5665 -0.7507
vn -0.3283 0.517 -0.7905
vn 0.033 0.7286 -0.6842
vn -0.2971 0.8926 -0.3392
vn -0.2977 0.6999 -0.6493
vn -0.3471 0.7123 -0.61
vn -0.3435 0.8731 -0.3461
vn -0.1782 0.8733 -0.4534
vn -0.3913 0.7683 -0.5066
vn 0.3016 0.699 -0.6484
vn -0.355 0.5447 -0.7598
vn -0.0445 0.8773 -0.4779
vn -0.1137 0.9094 -0.4001
vn -0.2488 0.537 -0.806
vn 0.1732 0.9184 -0.3556
vn -0.1671 0.7811 -0.6016
vn -0.07 0.9262 -0.3705
vn -0.0214 0.8626 -0.5054
vn -0.1962 0.8113 -0.5507
vn -0.0887 0.8556 -0.51
vn -0.0718 0.813 -0.5778
vn 0.3543 0.9219 0.1565
vn -0.6845 -0.0646 -0.7261
vn 0.0396 0.8641 -0.5017
vn 0.062 0.7225 -0.6886
vn -0.0346 0.8656 -0.4996
vn -0.1028 0.8455 -0.524
vn 0.0142 0.8956 -0.4446
vn 0.0137 0.8631 -0.5048
vn -0.0792 0.7365 -0.6718
vn -0.18 0.7928 -0.5823
vn -0.1493 0.7568 -0.6363
vn 0.0604 0.8288 -0.5563
vn -0.1223 0.6886 -0.7147
vn -0.0744 0.7437 -0.6644
vn -0.0479 0.8518 -0.5216
vn -0.154 0.7919 -0.5908
vn -0.1307 0.8942 -0.4282
vn -0.0512 0.8017 -0.5955
vn -0.0178 0.9044 -0.4262
vn -0.0932 0.7466 -0.6587
vn -0.0655 0.6852 -0.7254
vn -0.0983 0.8096 -0.5787
vn -0.0674 0.8904 -0.4502
vn -0.0639 0.8676 -0.4931
vn 0.0245 0.9018 -0.4315
vn -0.0358 0.9068 -0.4201
vn -0.2583 0.9002 -0.3507
vn -0.0908 0.6007 -0.7943
vn 0.1171 0.9026 -0.4143
vn -0.2042 0.7162 -0.6673
vn -0.0364 0.6889 -0.724
vn 0.1744 0.429 -0.8863
vn -0.0442 0.7309 -0.6811
vn -0.042 0.871 -0.4894
vn 0.0304 0.919 -0.3931
vn -0.0303 0.8877 -0.4594
vn -0.0099 0.8373 -0.5466
vn -0.1412 0.8311 -0.5379
vn 0.0155 0.8932 -0.4493
vn -0.0364 0.8599 -0.5091
vn 0.2473 0.7309 -0.6361
vn 0.2289 0.5997 -0.7667
vn 0.2417 0.8452 -0.4766
vn -0.0974 0.671 -0.735
vn -0.1009 0.6889 -0.7178
vn -0.061 0.7677 -0.6379
vn -0.0345 0.9154 -0.401
vn -0.1962 0.9293 -0.3128
vn -0.0563 0.757 -0.651
vn -0.099 0.9238 -0.3699
vn 0.4544 0.5862 -0.6707
vn 0.4145 0.7269 -0.5475
vn 0.1887 0.5751 -0.7961
vn -0.0037 0.8716 -0.4902
vn 0.1687 0.747 -0.643
vn -0.1698 0.7021 -0.6915
vn -0.1289 0.938 -0.3219
vn -0.2821 0.7804 -0.558
vn -0.0419 0.8909 -0.4522
vn 0.0315 0.2865 -0.9576
vn -0.1908 0.8013 -0.5671
vn -0.0056 0.7171 -0.697
vn -0.0605 0.7857 -0.6156
vn -0.1231 0.7221 -0.6808
vn 0.0449 0.9864 -0.1581
vn -0.3486 0.9174 -0.1919
vn 0.022 0.849 -0.528
vn -0.0346 0.9033 -0.4276
vn -0.1443 0.6783 -0.7205
vn -0.0867 0.7285 -0.6795
vn -0.0356 0.6626 -0.7481
vn -0.1552 0.6017 -0.7835
vn -0.0366 0.6864 -0.7263
vn -0.0202 0.8729 -0.4875
vn 0.2016 0.7358 -0.6465
vn 0.0992 0.778 -0.6204
vn -0.0987 0.6762 -0.73
vn -0.0699 0.8686 -0.4906
vn -0.0395 0.6592 -0.7509
vn 0.2209 0.8449 -0.4872
vn -0.4693 0.7231 -0.5068
vn -0.0305 0.8351 -0.5493
vn -0.1137 0.8685 -0.4824
vn 0.0998 0.8642 -0.4931
vn -0.1161 0.7089 -0.6957
vn -0.1492 0.6647 -0.732
vn -0.0842 0.7246 -0.684
vn -0.0631 0.9082 -0.4137
vn -0.0126 0.9553 -0.2954
vn -0.0128 0.7869 -0.617
vn -0.3265 0.8176 -0.4743
vn -0.1248 0.7099 -0.6931
vn -0.1316 0.7913 -0.5971
vn -0.0079 0.8936 -0.4487
vn -0.0746 0.9869 -0.1428
vn 0.0506 0.8446 -0.5329
vn -0.2179 0.9617 -0.1662
vn 0.0744 0.9062 -0.4162
vn -0.0219 0.8946 -0.4464
vn 0.0273 0.9225 -0.3851
vn 0.1141 0.8517 -0.5115
vn -0.0049 0.8496 -0.5275
vn -0.0723 0.8958 -0.4386
vn -0.0529 0.8952 -0.4426
vn 0.0506 0.9201 -0.3884
vn 0.0194 0.9115 -0.4109
vn 0.2464 0.7008 -0.6694
vn -0.0368 0.7174 -0.6957
vn -0.0805 0.7378 -0.6702
vn 0.071 0.8077 -0.5853
vn 0.2301 0.7819 -0.5794
vn 0.2457 0.7366 -0.6302
vn 0.2337 0.9187 -0.3183
vn 0.0844 0.7827 -0.6166
vn -0.0927 0.7296 -0.6775
vn -0.0735 0.7181 -0.6921
vn -0.0016 0.6301 -0.7765
vn -0.186 0.6342 -0.7505
vn -0.079 0.8199 -0.5671
vn -0.1067 0.6979 -0.7082
vn -0.0054 0.7558 -0.6548
vn -0.1223 0.8381 -0.5316
vn -0.1061 0.7516 -0.6511
vn -0.075 0.719 -0.6909
vn -0.0001 0.7623 -0.6472
vn 0.0261 0.8389 -0.5437
vn 0.0105 0.8611 -0.5084
vn 0.1303 0.8659 -0.4829
vn 0.0605 0.8578 -0.5103
vn -0.122 0.7791 -0.6149
vn -0.0731 0.6877 -0.7223
vn -0.1893 0.5941 -0.7818
vn -0.3713 0.4908 -0.7882
vn -0.135 0.5904 -0.7957
vn -0.2207 0.5265 -0.821
vn -0.1666 0.756 -0.633
vn -0.1229 0.6954 -0.7081
vn -0.086 0.5906 -0.8024
vn 0.0727 0.819 -0.5692
vn -0.0525 0.7525 -0.6565
vn -0.1504 0.8483 -0.5077
vn -0.3124 0.8832 -0.3499
vn -0.2364 0.6527 -0.7198
vn -0.1458 0.7551 -0.6392
vn -0.1165 0.9027 -0.4142
vn -0.6614 0.5975 -0.4534
vn 0.0406 0.6687 -0.7424
vn -0.3765 0.4053 -0.8331
vn -0.332 -0.3319 -0.8829
vn -0.5191 0.1609 -0.8394
vn -0.1604 0.6357 -0.7551
vn 0.4995 0.3995 -0.7687
vn -0.4416 0.8043 -0.3977
vn -0.3348 0.7444 -0.5778
vn -0.3727 0.4023 -0.8362
vn 0.0695 0.5885 -0.8055
vn 0.6245 0.3177 -0.7135
vn -0.2879 0.7872 -0.5453
vn 0.151 0.8227 -0.548
vn -0.4008 0.5957 -0.6961
vn 0.285 0.1984 0.9378
vn -0.1982 0.7212 -0.6638
vn -0.048 0.7863 -0.616
vn -0.3179 0.733 -0.6015
vn -0.09 0.7022 -0.7062
vn -0.4473 0.5656 -0.6928
vn -0.3497 0.1713 -0.9211
vn -0.2683 0.5098 -0.8174
vn -0.5588 0.5522 -0.6187
vn -0.321 0.7486 -0.5802
vn -0.2969 0.6107 -0.7341
vn 0.0605 0.8601 -0.5065
vn -0.2492 0.74 -0.6248
vn -0.185 0.8438 -0.5038
vn -0.051 0.8625 -0.5035
vn -0.3511 0.5517 -0.7565
vn -0.2104 0.7572 -0.6184
vn -0.1125 0.6492 -0.7522
vn 0.1715 0.6857 -0.7074
vn -0.2398 0.2404 -0.9406
vn 0.287 0.9143 -0.2857
vn -0.2805 0.1715 -0.9444
vn -0.4022 0.8124 -0.4222
vn -0.2378 0.7002 -0.6731
vn -0.2435 0.7274 -0.6415
vn -0.1204 0.797 -0.5919
vn -0.1363 0.6828 -0.7177
vn -0.2902 0.7368 -0.6106
vn -0.3676 0.6958 -0.617
vn -0.3432 0.7318 -0.5888
vn -0.257 0.5204 -0.8143
vn -0.2199 0.8877 -0.4045
vn -0.0283 0.9407 -0.3381
vn -0.0678 0.7294 -0.6807
vn -0.0775 0.6553 -0.7514
vn -0.0125 0.9639 -0.2661
vn -0.223 0.9409 -0.2549
vn -0.0746 0.8341 -0.5465
vn -0.5093 0.7731 -0.3782
vn 0.6272 0.5879 -0.5109
vn -0.1217 0.2911 -0.9489
vn -0.6626 -0.0549 -0.747
vn 0.2514 -0.6449 -0.7217
vn -0.3311 0.7476 -0.5758
vn -0.1737 0.4866 -0.8562
vn -0.5204 0.5753 -0.6311
vn -0.285 -0.5882 -0.7568
vn 0.0411 0.9819 -0.1848
vn 0.2718 0.9417 -0.1986
vn 0.3589 0.9207 -0.1532
vn 0.1088 0.972 -0.2085
vn -0.0247 0.8516 -0.5236
vn 0.0074 0.9211 -0.3892
vn 0.2992 0.6696 -0.6798
vn -0.3591 0.8386 -0.4097
vn 0.0985 0.9598 -0.2627
vn 0.3813 0.8847 -0.2683
vn 0.2867 0.8655 -0.4107
vn 0.3166 0.8259 -0.4665
vn 0.465 0.7276 -0.5044
vn 0.5203 0.851 0.0717
vn 0.3277 0.927 0.1822
vn 0.4335 0.8778 -0.2041
vn 0.6473 0.7576 0.0838
vn 0.1531 0.9432 -0.2949
vn 0.3395 0.8855 -0.3174
vn 0.225 0.7608 -0.6087
vn 0.0196 0.8523 -0.5227
vn -0.5249 0.7929 -0.3096
vn -0.3877 0.8963 -0.2155
vn 0.5478 0.7762 0.3122
vn 0.8088 0.5825 0.0809
vn 0.2635 0.831 -0.4899
vn 0.184 0.924 -0.3352
vn 0.3197 0.8975 -0.3038
vn 0.2614 0.8458 -0.4651
vn 0.3799 0.8963 -0.2288
vn 0.4104 0.8961 -0.1689
vn 0.3283 0.8938 -0.3055
vn 0.2467 0.9278 -0.28
vn 0.4195 0.7337 -0.5345
vn 0.2238 0.8842 -0.4101
vn 0.1943 0.8821 -0.4291
vn 0.2055 0.9096 -0.361
vn 0.1241 0.7644 -0.6327
vn 0.183 0.7063 -0.6839
vn 0.5264 0.8493 -0.04
vn 0.5983 0.5674 -0.5658
vn 0.127 0.7126 -0.69
vn 0.4334 0.8558 -0.2825
vn 0.6112 0.7649 -0.2033
vn 0.5593 0.7276 -0.3974
vn 0.3482 0.8415 -0.4131
vn 0.4262 0.8415 -0.3321
vn -0.0265 0.8317 -0.5546
vn 0.5644 0.6041 -0.5627
vn 0.3467 0.9358 -0.0633
vn 0.1746 0.7815 -0.599
vn 0.4196 0.7315 -0.5375
vn -0.3042 0.9238 0.2325
vn 0.282 0.8998 -0.3329
vn 0.108 0.9641 -0.2427
vn -0.1058 0.7798 -0.617
vn 0.1134 0.9179 -0.3803
vn 0.2785 0.9148 -0.2927
vn 0.5196 0.6644 -0.5373
vn 0.3736 0.6515 -0.6603
vn 0.1182 0.9907 -0.0681
vn -0.0013 0.9695 0.2449
vn 0.373 0.9246 -0.077
vn 0.5679 0.4906 -0.661
vn 0.6779 0.7351 -0.0056
vn 0.1631 0.9848 0.0601
vn 0 0.7573 -0.6531
vn 0.3382 0.7991 -0.497
vn 0.3317 0.9414 0.0608
vn 0.6857 0.7261 0.0521
vn 0.2379 0.9693 -0.0618
vn 0.3091 0.9503 -0.0367
vn 0.1506 0.9854 -0.0798
vn 0.3175 0.9434 -0.0963
vn 0.0375 0.9451 -0.3247
vn 0.4489 0.8613 -0.2381
vn 0.1927 0.9397 -0.2825
vn -0.0025 0.8862 -0.4633
vn 0.1845 0.9458 -0.2672
vn 0.1955 0.9215 -0.3356
vn 0.2114 0.9124 -0.3504
vn 0.5129 0.8208 -0.2515
vn 0.0188 0.889 -0.4574
vn 0.2999 0.8636 -0.4053
vn 0.2598 0.9403 -0.2198
vn 0.0113 0.9691 -0.2463
vn 0.2369 0.9649 -0.113
vn 0.2313 0.9378 -0.2591
vn 0.2133 0.9764 -0.0331
vn 0.4095 0.9114 -0.0409
vn 0.3342 0.9424 -0.0145
vn 0.239 0.9572 -0.1634
vn 0.3505 0.8204 -0.4518
vn 0.2426 0.8825 -0.4028
vn 0.3852 0.7891 -0.4785
vn 0.0709 0.963 0.2599
vn 0.4111 0.7462 -0.5237
vn 0.2479 0.7095 -0.6597
vn 0.3686 0.7587 -0.5371
vn 0.4458 0.6843 -0.5771
vn 0.4207 0.764 -0.4891
vn 0.5105 0.8224 -0.2512
vn 0.3465 0.8919 -0.2906
vn 0.4066 0.7435 -0.531
vn 0.5527 0.8284 -0.0916
vn 0.3155 0.9436 -0.1002
vn 0.6185 0.6989 -0.3592
vn 0.365 0.7044 -0.6088
vn 0.6279 0.6706 -0.395
vn 0.4809 0.2923 -0.8266
vn 0.317 0.751 -0.5792
vn 0.2493 0.9297 -0.2712
vn 0.0918 0.9213 -0.3779
vn 0.4843 0.8596 0.1632
vn 0.415 0.8958 0.159
vn 0.5379 0.8304 -0.1451
vn 0.5088 0.7442 -0.4328
vn 0.1111 0.9377 -0.3293
vn 0.5185 0.844 -0.1371
vn 0.2853 0.945 -0.16
vn 0.3426 0.9391 -0.0252
vn -0.0538 0.9744 -0.2181
vn 0.1115 0.9449 -0.3078
vn 0.234 0.9238 -0.303
vn 0.2381 0.9003 -0.3643
vn 0.189 0.9273 -0.323
vn 0.7376 0.6308 -0.2411
vn 0.183 0.9704 0.1577
vn 0.4334 0.9012 -0.0092
vn 0.6656 0.7176 0.205
vn 0.1875 0.9482 -0.2564
vn 0.2346 0.9631 -0.1321
vn 0.2564 0.9345 -0.247
vn 0.0585 0.9982 0.0092
vn 0.2568 0.9157 -0.3091
vn 0.1436 0.9695 -0.1986
vn 0.0214 0.8702 -0.4923
vn 0.7115 0.4104 -0.5704
vn 0.283 0.8892 -0.3596
vn 0.3219 0.9311 0.1714
vn 0.2226 0.9623 -0.1561
vn 0.2145 0.9712 -0.1036
vn 0.3164 0.924 -0.2149
vn 0.5073 0.6792 -0.5304
vn 0.474 0.8363 -0.2754
vn 0.3443 0.9063 -0.2449
vn -0.0178 0.8327 -0.5535
vn 0.3341 0.8929 -0.3017
vn 0.174 0.9388 -0.2973
vn 0.239 0.9281 -0.2855
vn 0.1982 0.9406 -0.2758
vn 0.3121 0.8542 -0.4159
vn 0.5723 0.7556 -0.3187
vn 0.5097 0.8434 -0.1698
vn 0.5991 0.6978 -0.3926
vn 0.3748 0.9172 -0.1349
vn 0.5665 0.8202 0.0793
vn 0.1955 0.8658 -0.4606
vn 0.1017 0.9858 -0.1336
vn 0.055 0.9713 -0.2313
vn 0.3572 0.8934 -0.2725
vn 0.0765 0.9767 -0.2006
vn 0.0227 0.9869 -0.1599
vn 0.1818 0.9137 -0.3635
vn 0.1622 0.8707 -0.4642
vn 0.145 0.9023 -0.4061
vn 0.2117 0.9488 -0.2344
vn 0.2013 0.9601 -0.1941
vn 0.4439 0.6926 -0.5686
vn 0.3984 0.8694 -0.2921
vn 0.374 0.739 -0.5604
vn 0.1353 0.945 -0.2977
vn 0.0513 0.9704 -0.2361
vn 0.1556 0.966 -0.2067
vn 0.62 0.571 -0.5381
vn 0.2559 0.9039 -0.3429
vn 0.2468 0.9489 -0.1966
vn 0.2026 0.9465 -0.2513
vn 0.4565 0.7751 -0.4369
vn 0.338 0.8458 -0.4129
vn 0.1243 0.9885 -0.0866
vn 0.4705 0.8233 -0.3175
vn 0.6574 0.6739 -0.3372
vn 0.2674 0.8777 -0.3978
vn 0.2797 0.7459 -0.6045
vn 0.464 0.8746 -0.1404
vn 0.3007 0.8817 -0.3636
vn 0.5078 0.6932 -0.5115
vn 0.4581 0.7107 -0.534
vn 0.2293 0.9334 -0.276
vn -0.2058 0.9004 0.3834
vn 0.3349 0.8871 -0.3175
vn 0.0669 0.7445 -0.6643
vn 0.1498 0.6077 -0.7799
vn 0.3103 0.5347 -0.786
vn 0.214 0.7999 -0.5607
vn 0.2928 0.6646 -0.6875
vn 0.3655 0.6153 -0.6984
vn 0.29 0.8351 -0.4674
vn 0.0842 0.9624 -0.2584
vn 0.2191 0.9011 -0.3743
vn 0.0244 0.9566 -0.2904
vn 0.0683 0.8097 -0.5829
vn -0.0953 0.8198 -0.5647
vn -0.1583 0.8487 -0.5046
vn 0.1306 0.8008 -0.5845
vn 0.0703 0.8327 -0.5492
vn -0.0408 0.7443 -0.6665
vn -0.1176 0.7357 -0.667
vn -0.0273 0.8305 -0.5564
vn -0.0582 0.8716 -0.4868
vn -0.004 0.8376 -0.5463
vn 0.1269 0.8127 -0.5687
vn -0.0264 0.7717 -0.6355
vn -0.2676 0.8805 -0.3913
vn -0.1332 0.8521 -0.5061
vn 0.1097 0.8196 -0.5623
vn 0.2783 0.8833 -0.3772
vn 0.2477 0.7938 -0.5554
vn -0.0825 0.843 -0.5315
vn 0.0553 0.7213 -0.6904
vn -0.2071 0.6831 -0.7003
vn -0.1208 0.7444 -0.6567
vn -0.058 0.8059 -0.5893
vn 0.2891 0.6524 -0.7005
vn 0.1945 0.8799 -0.4335
vn -0.245 0.7766 -0.5803
vn 0.1653 0.8052 -0.5695
vn -0.0361 0.9235 -0.3819
vn -0.0933 0.795 -0.5993
vn 0.1166 0.8353 -0.5373
vn 0.12 0.7853 -0.6073
vn 0.0859 0.7614 -0.6425
vn 0.4857 0.6732 -0.5576
vn 0.0418 0.8355 -0.5478
vn -0.0828 0.7201 -0.689
vn 0.0143 0.8055 -0.5925
vn 0.1974 0.828 -0.5249
vn -0.0078 0.8058 -0.5921
vn 0.1002 0.5504 -0.8288
vn 0.0089 0.9524 -0.3047
vn 0.2213 0.7715 -0.5965
vn 0.1137 0.8429 -0.526
vn -0.1787 0.9756 -0.1275
vn -0.0867 0.9222 -0.377
vn 0.131 0.9536 -0.271
vn 0.0942 0.8015 -0.5905
vn 0.1863 0.7829 -0.5936
vn 0.0589 0.8286 -0.5567
vn -0.0235 0.8448 -0.5346
vn 0.076 0.8542 -0.5144
vn 0.0943 0.8768 -0.4716
vn 0.0245 0.8576 -0.5138
vn 0.0706 0.7673 -0.6374
vn -0.0663 0.9343 -0.3501
vn -0.215 0.6352 -0.7418
vn -0.1064 0.7324 -0.6725
vn 0.0969 0.8131 -0.5741
vn 0.1333 0.9025 -0.4096
vn 0.0428 0.8646 -0.5007
vn 0.0752 0.8203 -0.567
vn 0.123 0.8572 -0.5002
vn -0.0849 0.6573 -0.7488
vn 0.255 0.7674 -0.5882
vn 0.0762 0.8445 -0.5302
vn 0.065 0.9163 -0.3951
vn 0.0081 0.8457 -0.5336
vn 0.1045 0.8722 -0.4778
vn -0.1098 0.7646 -0.6351
vn 0.0071 0.7717 -0.6359
vn 0.2213 0.8522 -0.4741
vn 0.283 0.7249 -0.628
vn 0.1986 0.7799 -0.5935
vn 0.3277 0.7106 -0.6227
vn 0.0825 0.8967 -0.4349
vn -0.3364 0.7112 -0.6173
vn -0.2699 0.7245 -0.6343
vn 0.3352 0.7851 -0.5209
vn 0.3448 0.8002 -0.4908
vn 0.287 0.7042 -0.6494
vn 0.1078 0.9378 -0.3299
vn 0.0599 0.8799 -0.4714
vn -0.0972 0.9141 -0.3936
vn 0.0938 0.9483 -0.3032
vn 0.1928 0.7843 -0.5896
vn -0.0008 0.8763 -0.4818
vn 0.0866 0.8389 -0.5374
vn -0.1218 0.9224 -0.3665
vn -0.0934 0.9113 -0.4011
vn 0.213 0.89 -0.4032
vn 0.0499 0.8754 -0.4808
vn 0.099 0.932 -0.3488
vn 0.2506 0.8702 -0.4241
vn 0.1169 0.9197 -0.3749
vn 0.0193 0.897 -0.4417
vn 0.0833 0.8887 -0.4508
vn 0.0625 0.9123 -0.4048
vn -0.0337 0.8871 -0.4603
vn 0.1229 0.902 -0.4138
vn 0.0182 0.8323 -0.554
vn 0.493 0.8633 -0.1082
vn -0.0054 0.8713 -0.4908
vn 0.0276 0.8157 -0.5778
vn 0.0565 0.9191 -0.3901
vn 0.0772 0.8996 -0.4299
vn 0.0552 0.7424 -0.6677
vn 0.099 0.8503 -0.5168
vn 0.1329 0.9585 -0.2521
vn 0.1312 0.8876 -0.4416
vn 0.085 0.855 -0.5116
vn -0.0164 0.9114 -0.4111
vn 0.1069 0.8374 -0.536
vn -0.1325 0.8556 -0.5005
vn 0.0126 0.8272 -0.5617
vn -0.0524 0.7068 -0.7054
vn -0.064 0.8211 -0.5672
vn 0.2304 0.7825 -0.5785
vn -0.094 0.7849 -0.6125
vn -0.0043 0.822 -0.5695
vn -0.2461 0.8742 -0.4186
vn -0.0097 0.7107 -0.7034
vn -0.0269 0.9715 -0.2356
vn 0.2673 0.7918 -0.5492
vn -0.1937 0.9733 -0.1234
vn 0.3773 0.709 -0.5958
vn -0.0076 0.8066 -0.591
vn 0.6717 -0.3497 -0.6531
vn 0.5724 0.5534 -0.6052
vn -0.0863 0.9361 -0.3411
vn 0.0678 0.8313 -0.5517
vn 0.2935 0.7354 -0.6107
vn 0.2926 0.744 -0.6007
vn 0.0271 0.7596 -0.6498
vn 0.1656 0.796 -0.5822
vn 0.0557 0.8111 -0.5823
vn 0.0949 0.7485 -0.6563
vn 0.2383 0.8563 -0.4582
vn 0.1238 0.9842 -0.1265
vn -0.0014 0.9269 -0.3754
vn 0.0305 0.9401 -0.3395
vn 0.0569 0.9406 -0.3347
vn 0.2163 0.9326 -0.289
vn 0.1203 0.869 -0.4799
vn 0.2423 0.9345 -0.2609
vn 0.0278 0.9601 -0.2783
vn -0.0988 0.9014 -0.4216
vn 0.2641 0.9635 0.0449
vn 0.0536 0.852 -0.5207
vn 0.0823 0.9579 -0.2749
vn 0.0147 0.9569 -0.29
vn 0.0958 0.898 -0.4294
vn 0.2736 0.7582 -0.5918
vn 0.2159 0.7214 -0.658
vn 0.1375 0.6691 -0.7303
vn 0.2693 0.7883 -0.5533
vn 0.2515 0.756 -0.6043
vn 0.1117 0.8147 -0.5691
vn 0.0355 0.9348 -0.3534
vn 0.038 0.9236 -0.3814
vn 0.0554 0.9211 -0.3852
vn -0.0164 0.9283 -0.3715
vn 0.4218 0.5586 -0.7142
vn 0.5858 0.6358 -0.5026
vn -0.0472 0.9155 -0.3994
vn 0.0943 0.8383 -0.537
vn -0.0417 0.8903 -0.4534
vn -0.0103 0.8972 -0.4415
vn -0.0243 0.9149 -0.4029
vn -0.0473 0.9253 -0.3763
vn -0.042 0.905 -0.4233
vn -0.0104 0.873 -0.4875
vn 0.0264 0.8666 -0.4984
vn -0.0205 0.8974 -0.4407
vn 0.273 0.7157 -0.6428
vn 0.2046 0.7696 -0.6048
vn 0.2922 0.7447 -0.6001
vn 0.2756 0.804 -0.5269
vn 0.3449 0.558 -0.7547
vn 0.2902 0.9323 -0.2159
vn -0.5085 0.6782 0.5305
vn -0.1895 0.9515 -0.2423
vn 0.3978 0.8943 -0.2051
vn 0.0939 0.9403 -0.3273
vn 0.018 0.8062 -0.5913
vn 0.071 0.8593 -0.5065
vn 0.1241 0.8054 -0.5795
vn 0.1051 0.9414 -0.3204
vn -0.1705 0.9468 -0.2728
vn -0.0452 0.9601 -0.2762
vn -0.3687 0.9063 -0.2064
vn 0.2103 0.9181 -0.336
vn 0.3031 0.9011 -0.3099
vn 0.2648 0.8779 -0.399
vn 0.3188 0.9073 -0.2741
vn 0.1838 0.9791 -0.0871
vn -0.0894 0.9861 -0.1402
vn 0.2616 0.948 -0.1811
vn 0.2929 0.9397 -0.1768
vn 0.2549 0.8822 -0.3959
vn 0.227 0.9061 -0.3571
vn 0.1766 0.8701 -0.4601
vn 0.2724 0.878 -0.3936
vn 0.538 0.825 0.1728
vn 0.3102 0.8504 -0.425
vn 0.1205 0.8378 -0.5326
vn 0.2693 0.9223 -0.2771
vn 0.2527 0.9658 0.0582
vn 0.2092 0.9348 -0.2871
vn 0.3218 0.8984 -0.2989
vn -0.156 0.8142 -0.5593
vn 0.3385 0.6338 -0.6955
vn 0.1597 0.914 -0.3729
vn 0.1369 0.9628 -0.233
vn 0.1996 0.9614 -0.1891
vn 0.1711 0.9041 -0.3915
vn 0.0643 0.8708 -0.4874
vn 0.009 0.5993 -0.8005
vn 0.3236 0.889 -0.324
vn -0.0099 0.7943 -0.6074
vn 0.4657 0.8553 -0.2274
vn 0.176 0.9734 -0.1463
vn 0.2116 0.9566 -0.2001
vn 0.2119 0.9202 -0.3291
vn 0.2891 0.8304 -0.4762
vn 0.3002 0.9117 -0.2804
vn 0.1941 0.92 -0.3404
vn 0.2129 0.9446 -0.2499
vn 0.3106 0.8279 -0.467
vn 0.2104 0.856 -0.4722
vn 0.2171 0.8993 -0.3797
vn 0.1175 0.9223 -0.3682
vn 0.1903 0.9258 -0.3267
vn 0.1239 0.9119 -0.3913
vn 0.2783 0.9211 -0.2724
vn 0.2484 0.9173 -0.311
vn 0.2447 0.9124 -0.3281
vn 0.1306 0.8455 -0.5178
vn -0.2432 0.9456 -0.2162
vn -0.0512 0.9714 -0.2317
vn -0.087 0.901 -0.425
vn 0.2556 0.9401 0.2256
vn 0.1401 0.92 -0.3661
vn 0.3488 0.8409 -0.4138
vn 0.1196 0.9588 -0.2576
vn 0.4025 0.9122 -0.0764
vn 0.1989 0.9174 -0.3448
vn 0.2257 0.9415 -0.2502
vn 0.3892 0.8567 -0.3386
vn 0.0838 0.9307 -0.356
vn 0.3139 0.9023 -0.2955
vn 0.3205 0.946 -0.0491
vn 0.3687 0.8598 -0.3532
vn 0.4943 0.8489 -0.1874
vn 0.2792 0.9586 -0.0563
vn 0.1815 0.9203 -0.3466
vn 0.0933 0.8061 -0.5844
vn 0.166 0.9176 -0.3612
vn 0.2091 0.9014 -0.3791
vn 0.2959 0.9233 -0.2448
vn 0.3187 0.9126 -0.2561
vn 0.323 0.9179 -0.2305
vn 0.2803 0.8961 -0.344
vn 0.0609 0.8703 -0.4888
vn 0.2764 0.7943 -0.5411
vn -0.3149 0.9147 -0.2535
vn 0.0065 0.9654 -0.2607
vn -0.1642 0.8955 -0.4137
vn 0.421 0.7054 -0.5701
vn 0.2479 0.9678 -0.0435
vn 0.1267 0.9277 -0.3512
vn 0.2102 0.8939 -0.3958
vn -0.0752 0.9823 -0.1714
vn 0.2084 0.9496 -0.2341
vn 0.3452 0.8959 -0.2795
vn 0.4196 0.8889 -0.184
vn 0.0756 0.8542 -0.5144
vn 0.1771 0.9142 -0.3645
vn 0.1261 0.9415 -0.3126
vn 0.1339 0.9068 -0.3997
vn 0.1974 0.9425 -0.2695
vn 0.1705 0.8943 -0.4137
vn 0.1297 0.9175 -0.3761
vn 0.2317 0.9265 -0.2967
vn 0.2197 0.9109 -0.3492
vn 0.281 0.9497 -0.1382
vn 0.0784 0.6545 -0.752
vn 0.1089 0.9729 -0.2041
vn 0.0185 0.9575 -0.2878
vn 0.2337 0.9333 -0.2726
vn 0.2042 0.9257 -0.3185
vn -0.1554 0.9449 -0.2882
vn 0.2425 0.9176 -0.3151
vn 0.2234 0.8218 -0.5242
vn 0.2085 0.9523 -0.223
vn 0.0045 0.9964 -0.0842
vn 0.2308 0.9362 -0.2652
vn -0.0859 0.9956 -0.0387
vn 0.2576 0.9478 -0.1878
vn 0.1354 0.988 -0.0741
vn 0.4612 0.8795 -0.117
vn 0.0987 0.9326 -0.3471
vn 0.2313 0.8952 -0.3808
vn 0.3393 0.8765 -0.3416
vn 0.0767 0.9065 -0.4152
vn 0.1527 0.8561 -0.4937
vn 0.0219 0.8693 -0.4937
vn -0.3163 0.8224 -0.4729
vn -0.3109 0.8112 -0.4953
vn -0.1138 0.8337 -0.5403
vn 0.0897 0.9941 -0.0617
vn -0.1983 0.9549 -0.2208
vn -0.042 0.8372 -0.5454
vn -0.1554 0.9784 -0.1366
vn -0.2374 0.9225 -0.3043
vn -0.4299 0.7687 -0.4736
vn -0.3829 0.8492 -0.3635
vn 0.4269 0.5241 -0.7369
vn 0.4308 0.4873 -0.7596
vn 0.0712 0.5225 -0.8497
vn 0.098 0.6406 -0.7616
vn 0.3979 0.4638 -0.7915
vn 0.1888 0.813 -0.5507
vn -0.001 0.9626 -0.271
vn 0.2631 0.7763 -0.5727
vn -0.0533 0.8541 -0.5174
vn 0.0343 0.9791 -0.2007
vn 0.4023 0.8897 -0.2159
vn 0.3111 0.8932 -0.3246
vn -0.2793 0.9289 -0.2431
vn -0.0226 0.9843 -0.1753
vn -0.1564 0.8756 -0.4569
vn 0.0575 0.9589 -0.278
vn -0.3944 0.9045 -0.1623
vn -0.2438 0.8561 -0.4557
vn -0.1284 0.7151 -0.6872
vn 0.1945 0.9731 -0.1231
vn 0.2845 0.8484 -0.4463
vn 0.1711 0.8437 -0.5088
vn 0.1309 0.7455 -0.6535
vn -0.0631 0.8557 -0.5136
vn -0.0616 0.9079 -0.4146
vn 0.2774 0.8405 -0.4655
vn 0.2277 0.8296 -0.5098
vn 0.189 0.9355 -0.2986
vn -0.1727 0.6772 -0.7153
vn 0.2606 0.8543 -0.4496
vn 0.3001 0.8952 -0.3296
vn 0.1918 0.9292 -0.3158
vn 0.1553 0.8607 -0.4848
vn -0.1621 0.9429 -0.2911
vn 0.1638 0.7802 -0.6037
vn -0.065 0.7874 -0.6131
vn 0.0789 0.8126 -0.5775
vn 0.3864 0.9136 -0.1269
vn 0.3708 0.8501 -0.374
vn 0.264 0.9053 -0.3327
vn 0.0011 0.6474 -0.7622
vn 0.2065 0.8782 -0.4313
vn 0.2683 0.8953 -0.3556
vn -0.0929 0.9866 0.134
vn -0.0727 0.8954 -0.4392
vn -0.0242 0.9746 -0.2228
vn -0.2594 0.7578 -0.5986
vn -0.1671 0.8018 -0.5737
vn -0.2637 0.9605 -0.0894
vn 0.0148 0.9868 -0.1613
vn -0.288 0.9297 -0.2298
vn 0.1967 0.5785 -0.7916
vn 0.4393 0.6432 -0.6271
vn 0.3196 0.5938 -0.7384
vn -0.182 0.9612 -0.2073
vn 0.1646 0.96 -0.2266
vn 0.1659 0.9485 -0.2698
vn 0.2375 0.9521 -0.1925
vn 0.1833 0.8904 -0.4166
vn 0.0884 0.9062 -0.4134
vn 0.0309 0.6112 -0.7909
vn -0.0728 0.8597 -0.5057
vn -0.2561 0.7362 -0.6264
vn 0.011 0.8002 -0.5996
vn 0.0237 0.8728 -0.4874
vn -0.0608 0.7616 -0.6451
vn 0.2464 0.8037 -0.5416
vn 0.0074 0.9342 -0.3566
vn 0.0476 0.8492 -0.526
vn 0.1278 0.7202 -0.6819
vn 0.0422 0.9936 -0.1047
vn 0.2675 0.886 -0.3787
vn 0.0764 0.9598 -0.2701
vn 0.0124 0.984 -0.1779
vn -0.1228 0.9608 -0.2484
vn -0.0251 0.7838 -0.6205
vn 0.1298 0.9892 -0.0676
vn 0.5911 0.7714 -0.2359
vn 0.0894 0.9705 -0.224
vn 0.312 0.7563 -0.5751
vn -0.0724 0.9903 -0.1188
vn 0.1906 0.9679 -0.1637
vn -0.0576 0.9983 -0.0053
vn -0.1294 0.975 -0.1804
vn 0.019 0.9978 0.0633
vn 0.3207 0.9469 -0.0227
vn 0.1923 0.9412 -0.2777
vn 0.1875 0.9777 0.0948
vn -0.0031 0.9459 -0.3245
vn 0.1344 0.9463 -0.2941
vn 0.1184 0.9574 -0.2632
vn -0.0791 0.9184 -0.3876
vn 0.1688 0.958 -0.2317
vn -0.1317 0.985 -0.1114
vn 0.0712 0.9553 -0.2868
vn 0.118 0.9495 -0.2909
vn 0.0616 0.9844 -0.1651
vn -0.2578 0.966 -0.0203
vn -0.261 0.9635 0.0596
vn 0.0429 0.9933 -0.1077
vn -0.401 0.8969 -0.1867
vn -0.1592 0.9849 0.0684
vn -0.2508 0.9569 0.1462
vn -0.2125 0.953 -0.216
vn 0.0436 0.9718 0.2318
vn -0.0069 0.9846 -0.1747
vn -0.1782 0.9704 -0.1632
vn 0.1194 0.9921 -0.038
vn -0.1462 0.9866 -0.072
vn -0.0481 0.9953 -0.0842
vn -0.0587 0.9776 0.2022
vn -0.3202 0.9451 0.0657
vn -0.3215 0.9469 0.0045
vn -0.6417 0.7071 0.2969
vn 0.0892 0.9945 -0.0547
vn -0.2772 0.7793 -0.562
vn -0.1724 0.8336 -0.5248
vn -0.204 0.8151 -0.5423
vn -0.1711 0.9647 -0.2002
vn 0.0886 0.9901 -0.1086
vn 0.2155 0.9747 -0.0591
vn -0.2662 0.9635 0.03
vn 0.1875 0.9778 -0.0936
vn -0.1908 0.9813 -0.0238
vn 0.016 0.9899 0.141
vn 0.1969 0.9678 -0.157
vn 0.1252 0.9637 -0.2357
vn 0.1181 0.9804 -0.1574
vn -0.271 0.9579 -0.095
vn -0.0478 0.9979 -0.0436
vn -0.1775 0.9826 -0.0538
vn 0.1108 0.9924 0.0532
vn 0.3324 0.9403 0.073
vn 0.0649 0.9961 -0.0594
vn 0.3252 0.9306 -0.1679
vn 0.2009 0.9569 -0.2096
vn 0.4018 0.9147 0.0421
vn -0.0946 0.9908 -0.0963
vn -0.0228 0.9806 -0.1947
vn 0.1053 0.9937 -0.0388
vn 0.2189 0.9621 -0.1629
vn -0.1397 0.9852 -0.0997
vn -0.1175 0.9807 -0.1565
vn -0.2585 0.9634 -0.071
vn 0.4585 0.8696 -0.183
vn 0.2327 0.9321 -0.2775
vn 0.3302 0.9429 -0.0444
vn 0.1447 0.8318 -0.5359
vn 0.0536 0.9672 -0.2483
vn 0.1745 0.9776 -0.1173
vn -0.0886 0.9736 -0.2101
vn 0.0464 0.9863 -0.1585
vn 0.402 0.8321 -0.3821
vn 0.0787 0.9417 -0.3271
vn -0.0219 0.9638 -0.2657
vn -0.0134 0.9435 -0.3312
vn 0.0074 0.9681 -0.2504
vn 0.1639 0.9768 -0.1375
vn 0.2465 0.9255 -0.2876
vn 0.3171 0.9094 -0.2694
vn -0.0172 0.9574 -0.2882
vn 0.1415 0.9452 -0.2941
vn 0.2113 0.9414 -0.2631
vn -0.0269 0.9661 -0.2568
vn 0.1448 0.9742 -0.1731
vn -0.2848 0.9582 0.0267
vn -0.2403 0.9673 -0.0812
vn 0.1394 0.9621 -0.2342
vn 0.1762 0.9356 -0.3061
vn 0.1324 0.9174 -0.3753
vn 0.1241 0.9656 -0.2285
vn 0.4737 0.8184 -0.3253
vn 0.3258 0.8931 -0.3102
vn 0.3439 0.8739 -0.3435
vn 0.3065 0.8581 -0.412
vn 0.3271 0.933 -0.1501
vn -0.0019 0.9247 -0.3806
vn 0.5203 0.8013 -0.2953
vn 0.4911 0.779 -0.3898
vn 0.377 0.8461 -0.3768
vn 0.0905 0.9325 -0.3496
vn 0.0433 0.8374 -0.5448
vn -0.0526 0.9359 -0.3484
vn 0.1456 0.9826 -0.1154
vn 0.6515 0.7581 -0.0289
vn 0.426 0.8972 -0.1163
vn 0.4285 0.8991 -0.0895
vn 0.3647 0.8751 -0.3182
vn -0.0014 0.9849 -0.1733
vn 0.1475 0.9818 -0.12
vn 0.3113 0.9451 -0.0991
vn 0.2028 0.7674 -0.6083
vn -0.2188 0.9753 0.0306
vn -0.1779 0.9722 -0.1521
vn 0.3458 0.9294 -0.1288
vn 0.4169 0.9074 -0.0524
vn 0.4927 0.8376 -0.2358
vn 0.4656 0.8264 -0.3166
vn -0.1511 0.9765 -0.1535
vn -0.3111 0.95 -0.0277
vn 0.0671 0.8625 -0.5017
vn 0.2336 0.7737 -0.5889
vn 0.0651 0.7822 -0.6197
vn 0.169 0.9143 -0.3681
vn 0.1821 0.9659 -0.1841
vn -0.0795 0.9962 -0.0359
vn -0.0369 0.9286 -0.3691
vn 0.1505 0.9515 -0.2684
vn 0.3504 0.9287 -0.1214
vn 0.4756 0.842 -0.2546
vn 0.5249 0.8433 -0.1152
vn 0.0795 0.955 -0.2857
vn 0.1746 0.9748 -0.139
vn 0.0509 0.9825 -0.1792
vn 0.0519 0.9941 -0.0956
vn 0.1028 0.9671 -0.2327
vn -0.021 0.9943 -0.1041
vn 0.1146 0.9726 -0.2024
vn 0.1414 0.9597 -0.2429
vn 0.1064 0.9827 -0.1518
vn 0.0971 0.9766 -0.1919
vn 0.0773 0.9677 -0.24
vn 0.0156 0.9927 -0.1195
vn 0.2169 0.9521 -0.2154
vn 0.0999 0.9787 -0.1795
vn 0.1066 0.9817 -0.158
vn 0.0423 0.9215 -0.3862
vn 0.0673 0.9618 -0.2653
vn -0.0466 0.9468 -0.3184
vn 0.2298 0.9478 0.2211
vn 0.1946 0.9526 -0.234
vn -0.1405 0.9782 -0.1529
vn 0.2707 0.9563 -0.1106
vn 0.3124 0.9103 0.2716
vn 0.3949 0.7651 -0.5086
vn 0.4031 0.8736 -0.2725
vn 0.1441 0.9761 -0.163
vn 0.055 0.9832 -0.1741
vn 0.1133 0.9935 -0.0067
vn 0.2086 0.9461 -0.2478
vn -0.154 0.9821 -0.1087
vn 0.2253 0.9118 -0.3434
vn 0.0339 0.9658 -0.2572
vn -0.0563 0.954 -0.2946
vn 0.0581 0.9588 -0.2782
vn -0.0307 0.9974 0.0649
vn 0.1398 0.949 -0.2826
vn 0.3475 0.9118 -0.2189
vn 0.0839 0.9964 0.0158
vn 0.1906 0.9591 -0.2094
vn 0.414 0.9043 0.1042
vn 0.2344 0.9547 -0.1834
vn 0.283 0.9488 -0.1404
vn -0.3627 0.8103 0.4603
vn 0.2112 0.9268 -0.3105
vn 0.3707 0.9188 -0.136
vn -0.054 0.9985 0.0096
vn 0.6902 0.6694 -0.2747
vn -0.0169 0.9783 0.2065
vn 0.0975 0.9796 -0.1758
vn -0.1731 0.9832 -0.0573
vn 0.0176 0.9592 -0.2821
vn -0.2839 0.9144 -0.2885
vn 0.1739 0.9527 -0.2491
vn 0.2738 0.9002 -0.3387
vn -0.186 0.9529 -0.2396
vn -0.1159 0.9599 -0.2551
vn 0.17 0.9553 -0.2417
vn 0.0028 0.9658 -0.2594
vn 0.2255 0.9155 -0.3331
vn -0.2204 0.9654 -0.1393
vn -0.42 0.8938 -0.157
vn -0.0792 0.9829 -0.1665
vn -0.2263 0.9629 -0.1469
vn -0.0527 0.9842 -0.1691
vn -0.0017 0.9758 -0.2188
vn 0.1614 0.9541 -0.2521
vn 0.111 0.9316 -0.3462
vn 0.1084 0.9266 -0.3601
vn 0.2866 0.9245 -0.2513
vn 0.2462 0.9245 -0.2909
vn -0.0815 0.9692 -0.2322
vn 0.0932 0.9161 -0.39
vn 0.0649 0.954 -0.2926
vn -0.0992 0.9564 -0.2746
vn 0.1953 0.9104 -0.3647
vn -0.1283 0.8861 -0.4454
vn -0.1247 0.9803 -0.1533
vn -0.0855 0.9883 -0.1263
vn -0.0424 0.9621 -0.2695
vn 0.3226 0.9403 0.1081
vn 0.6387 0.6704 -0.3776
vn 0.0444 0.9789 -0.1996
vn 0.2889 0.905 -0.3124
vn 0.1012 0.9638 -0.2467
vn -0.0174 0.8855 -0.4643
vn 0.0827 0.8851 -0.4581
vn 0.2424 0.9201 -0.3075
vn -0.2095 0.9778 -0.0051
vn -0.2134 0.95 0.2279
vn -0.174 0.982 0.0729
vn 0.0028 0.976 -0.2176
vn -0.2311 0.9722 0.039
vn -0.1248 0.9892 -0.077
vn -0.202 0.9781 0.051
vn -0.0797 0.9914 -0.1033
vn 0.0599 0.9418 -0.3309
vn -0.1451 0.9892 -0.0198
vn -0.0655 0.976 -0.2079
vn -0.1287 0.9912 -0.0302
vn -0.2156 0.9726 -0.0875
vn 0.2361 0.9174 -0.3203
vn 0.1545 0.9675 -0.2
vn 0.0061 0.9935 -0.1139
vn 0.2384 0.9246 -0.2971
vn -0.1312 0.9913 0.0138
vn -0.0333 0.9992 0.0231
vn -0.2395 0.9674 -0.0823
vn 0.0327 0.9568 -0.289
vn -0.1455 0.9795 -0.1393
vn -0.0485 0.9485 -0.3129
vn 0.1099 0.9198 -0.3767
vn 0.0308 0.9036 -0.4273
vn -0.2223 0.9247 -0.3092
vn -0.1238 0.8504 -0.5113
vn -0.2824 0.9566 0.0714
vn 0.252 0.8769 -0.4093
vn 0.123 0.9014 -0.4152
vn 0.1333 0.9434 -0.3036
vn 0.2014 0.955 -0.2177
vn 0.1613 0.9512 -0.2631
vn -0.1082 0.9745 -0.1968
vn 0.1769 0.8563 -0.4853
vn -0.195 0.9642 0.1798
vn -0.3836 0.7769 -0.4992
vn -0.6358 0.7719 0.0021
vn 0.3738 0.899 0.2281
vn -0.1099 0.993 -0.044
vn -0.0518 0.5661 -0.8227
vn 0.0784 0.8874 -0.4542
vn 0.1516 0.7532 -0.64
vn 0.1009 0.71 -0.697
vn -0.0028 0.8722 -0.4892
vn 0.1366 0.8876 -0.4399
vn -0.0523 0.9588 -0.2792
vn -0.0906 0.9349 -0.343
vn -0.0111 0.9763 -0.216
vn -0.0862 0.2628 -0.961
vn -0.2536 0.6281 -0.7356
vn -0.3252 0.5724 -0.7527
vn 0.0768 0.996 -0.0455
vn -0.2484 0.8333 -0.4938
vn -0.0012 0.4796 -0.8775
vn -0.4261 0.8203 -0.3815
vn -0.2872 0.8328 -0.4733
vn -0.2717 0.959 0.081
vn -0.1192 0.9573 -0.2633
vn -0.1236 0.9672 -0.2217
vn 0.1722 0.9698 -0.1727
vn -0.1401 0.9626 -0.232
vn 0.0087 0.9774 -0.2112
vn -0.1785 0.508 -0.8427
vn -0.0268 0.9489 -0.3146
vn -0.0999 0.8085 -0.5799
vn -0.2523 0.7029 -0.6651
vn 0.1622 0.8715 -0.4628
vn 0.0218 0.9229 -0.3845
vn 0.083 0.9451 -0.3161
vn 0.011 0.9985 -0.0541
vn 0.0507 0.9886 -0.1418
vn 0.0858 0.9922 -0.0908
vn 0.0413 0.9933 -0.1082
vn 0.111 0.8358 -0.5376
vn 0.0315 0.9798 -0.1975
vn 0.0975 0.8887 -0.448
vn -0.2013 0.8724 -0.4454
vn -0.1215 0.9216 -0.3687
vn 0.1261 0.8337 -0.5377
vn -0.0867 0.9015 -0.4239
vn 0.004 0.7811 -0.6243
vn -0.2608 0.9235 -0.2812
vn -0.0916 0.8413 -0.5327
vn 0.1566 0.6984 -0.6984
vn -0.0063 0.9299 -0.3677
vn -0.1493 0.3075 -0.9398
vn -0.0346 -0.4612 -0.8866
vn -0.0658 0.9228 -0.3797
vn -0.1441 0.9529 -0.2667
vn -0.0001 0.6621 -0.7494
vn 0.3058 0.4956 -0.8129
vn 0.2477 0.9426 -0.224
vn 0.1658 0.9861 -0.0076
vn -0.2038 0.7621 -0.6146
vn 0.012 0.8604 -0.5095
vn 0.2113 0.9291 -0.3034
f 1/1/1 2/2/2 3/3/3
f 4/4/4 5/5/5 6/6/6
f 1/1/1 7/7/7 2/2/2
f 8/8/8 1/1/1 9/9/9
f 10/10/10 11/11/11 12/12/12
f 13/13/13 14/14/14 15/15/15
f 16/16/16 8/8/8 10/10/10
f 17/17/17 12/12/12 18/18/18
f 17/17/17 18/18/18 19/19/19
f 20/20/20 5/5/5 21/21/21
f 17/17/17 19/19/19 5/5/5
f 22/22/22 23/23/23 16/16/16
f 23/23/23 7/7/7 1/1/1
f 23/23/23 8/8/8 16/16/16
f 24/24/24 25/25/25 26/26/26
f 10/10/10 27/27/27 11/11/11
f 14/14/14 28/28/28 15/15/15
f 9/9/9 10/10/10 8/8/8
f 29/29/29 16/16/16 10/10/10
f 9/9/9 27/27/27 10/10/10
f 3/3/3 30/30/30 27/27/27
f 29/29/29 22/22/22 16/16/16
f 21/21/21 5/5/5 4/4/4
f 31/31/31 32/32/32 33/33/33
f 10/10/10 12/12/12 17/17/17
f 7/7/7 13/13/13 24/24/24
f 9/9/9 3/3/3 27/27/27
f 18/18/18 34/34/34 19/19/19
f 1/1/1 3/3/3 9/9/9
f 7/7/7 24/24/24 26/26/26
f 7/7/7 26/26/26 2/2/2
f 13/13/13 35/35/35 24/24/24
f 13/13/13 15/15/15 35/35/35
f 23/23/23 1/1/1 8/8/8
f 29/29/29 10/10/10 17/17/17
f 20/20/20 17/17/17 5/5/5
f 36/36/36 37/37/37 38/38/38
f 39/39/39 40/40/40 41/41/41
f 42/42/42 43/43/43 7/7/7
f 44/44/44 43/43/43 42/42/42
f 45/45/45 46/46/46 47/47/47
f 38/38/38 48/48/48 49/49/49
f 46/46/46 41/41/41 40/40/40
f 50/50/50 51/51/51 52/52/52
f 53/53/53 54/54/54 55/55/55
f 51/51/51 56/56/56 52/52/52
f 41/41/41 57/57/57 53/53/53
f 58/58/58 38/38/38 59/59/59
f 60/60/60 61/61/61 62/62/62
f 57/57/57 60/60/60 62/62/62
f 63/63/63 45/45/45 64/64/64
f 65/65/65 66/66/66 67/67/67
f 68/68/68 69/69/69 70/70/70
f 50/50/50 52/52/52 71/71/71
f 72/72/72 73/73/73 74/74/74
f 75/75/75 76/76/76 77/77/77
f 73/73/73 75/75/75 74/74/74
f 77/77/77 78/78/78 79/79/79
f 80/80/80 75/75/75 81/81/81
f 38/38/38 82/82/82 48/48/48
f 83/83/83 70/70/70 59/59/59
f 38/38/38 84/84/84 82/82/82
f 58/58/58 85/85/85 86/86/86
f 87/87/87 88/88/88 70/70/70
f 70/70/70 58/58/58 59/59/59
f 86/86/86 37/37/37 36/36/36
f 58/58/58 86/86/86 36/36/36
f 69/69/69 87/87/87 70/70/70
f 81/81/81 75/75/75 89/89/89
f 80/80/80 90/90/90 75/75/75
f 91/91/91 90/90/90 80/80/80
f 92/92/92 42/42/42 7/7/7
f 49/49/49 59/59/59 38/38/38
f 44/44/44 42/42/42 92/92/92
f 88/88/88 93/93/93 58/58/58
f 94/94/94 59/59/59 49/49/49
f 52/52/52 95/95/95 22/22/22
f 93/93/93 85/85/85 58/58/58
f 90/90/90 72/72/72 74/74/74
f 83/83/83 59/59/59 94/94/94
f 85/85/85 96/96/96 66/66/66
f 89/89/89 75/75/75 97/97/97
f 47/47/47 46/46/46 40/40/40
f 45/45/45 82/82/82 46/46/46
f 98/98/98 99/99/99 100/100/100
f 101/101/101 52/52/52 22/22/22
f 102/102/102 56/56/56 51/51/51
f 23/23/23 92/92/92 7/7/7
f 43/43/43 103/103/103 13/13/13
f 95/95/95 81/81/81 44/44/44
f 104/104/104 41/41/41 105/105/105
f 13/13/13 106/106/106 14/14/14
f 86/86/86 66/66/66 65/65/65
f 44/44/44 89/89/89 43/43/43
f 61/61/61 65/65/65 98/98/98
f 57/57/57 62/62/62 53/53/53
f 46/46/46 60/60/60 57/57/57
f 107/107/107 108/108/108 109/109/109
f 105/105/105 53/53/53 55/55/55
f 101/101/101 29/29/29 110/110/110
f 111/111/111 101/101/101 110/110/110
f 102/102/102 105/105/105 112/112/112
f 112/112/112 113/113/113 56/56/56
f 91/91/91 80/80/80 54/54/54
f 84/84/84 37/37/37 60/60/60
f 114/114/114 108/108/108 107/107/107
f 62/62/62 98/98/98 100/100/100
f 109/109/109 48/48/48 115/115/115
f 82/82/82 60/60/60 46/46/46
f 82/82/82 84/84/84 60/60/60
f 47/47/47 40/40/40 39/39/39
f 100/100/100 90/90/90 91/91/91
f 116/116/116 117/117/117 118/118/118
f 39/39/39 41/41/41 104/104/104
f 103/103/103 106/106/106 13/13/13
f 97/97/97 119/119/119 103/103/103
f 120/120/120 104/104/104 102/102/102
f 64/64/64 47/47/47 39/39/39
f 121/121/121 48/48/48 45/45/45
f 89/89/89 97/97/97 43/43/43
f 43/43/43 13/13/13 7/7/7
f 121/121/121 122/122/122 48/48/48
f 109/109/109 49/49/49 48/48/48
f 56/56/56 113/113/113 81/81/81
f 121/121/121 45/45/45 63/63/63
f 115/115/115 48/48/48 122/122/122
f 52/52/52 123/123/123 95/95/95
f 111/111/111 71/71/71 101/101/101
f 124/124/124 102/102/102 51/51/51
f 120/120/120 102/102/102 124/124/124
f 38/38/38 37/37/37 84/84/84
f 104/104/104 105/105/105 102/102/102
f 102/102/102 112/112/112 56/56/56
f 68/68/68 70/70/70 125/125/125
f 125/125/125 70/70/70 83/83/83
f 48/48/48 82/82/82 45/45/45
f 66/66/66 126/126/126 67/67/67
f 41/41/41 53/53/53 105/105/105
f 67/67/67 127/127/127 98/98/98
f 94/94/94 108/108/108 117/117/117
f 86/86/86 65/65/65 37/37/37
f 99/99/99 72/72/72 100/100/100
f 127/127/127 99/99/99 98/98/98
f 67/67/67 98/98/98 65/65/65
f 62/62/62 100/100/100 91/91/91
f 60/60/60 65/65/65 61/61/61
f 53/53/53 91/91/91 54/54/54
f 55/55/55 54/54/54 112/112/112
f 46/46/46 57/57/57 41/41/41
f 105/105/105 55/55/55 112/112/112
f 117/117/117 108/108/108 114/114/114
f 108/108/108 49/49/49 109/109/109
f 64/64/64 45/45/45 47/47/47
f 85/85/85 66/66/66 86/86/86
f 81/81/81 89/89/89 44/44/44
f 113/113/113 80/80/80 81/81/81
f 92/92/92 23/23/23 22/22/22
f 94/94/94 49/49/49 108/108/108
f 95/95/95 44/44/44 92/92/92
f 75/75/75 77/77/77 119/119/119
f 119/119/119 128/128/128 106/106/106
f 103/103/103 119/119/119 106/106/106
f 95/95/95 92/92/92 22/22/22
f 107/107/107 109/109/109 115/115/115
f 123/123/123 81/81/81 95/95/95
f 118/118/118 117/117/117 114/114/114
f 29/29/29 17/17/17 110/110/110
f 124/124/124 51/51/51 50/50/50
f 129/129/129 118/118/118 114/114/114
f 22/22/22 29/29/29 101/101/101
f 53/53/53 62/62/62 91/91/91
f 71/71/71 52/52/52 101/101/101
f 98/98/98 62/62/62 61/61/61
f 123/123/123 56/56/56 81/81/81
f 112/112/112 54/54/54 113/113/113
f 130/130/130 118/118/118 129/129/129
f 113/113/113 54/54/54 80/80/80
f 56/56/56 123/123/123 52/52/52
f 77/77/77 79/79/79 119/119/119
f 72/72/72 90/90/90 100/100/100
f 67/67/67 131/131/131 127/127/127
f 75/75/75 119/119/119 97/97/97
f 99/99/99 73/73/73 72/72/72
f 73/73/73 76/76/76 75/75/75
f 132/132/132 73/73/73 99/99/99
f 97/97/97 103/103/103 43/43/43
f 37/37/37 65/65/65 60/60/60
f 88/88/88 58/58/58 70/70/70
f 58/58/58 36/36/36 38/38/38
f 90/90/90 74/74/74 75/75/75
f 96/96/96 126/126/126 66/66/66
f 73/73/73 132/132/132 76/76/76
f 116/116/116 133/133/133 117/117/117
f 134/134/134 135/135/135 136/136/136
f 137/137/137 134/134/134 138/138/138
f 139/139/139 140/140/140 137/137/137
f 141/141/141 142/142/142 143/143/143
f 144/144/144 145/145/145 146/146/146
f 147/147/147 148/148/148 149/149/149
f 129/129/129 114/114/114 150/150/150
f 141/141/141 151/151/151 152/152/152
f 147/147/147 153/153/153 148/148/148
f 154/154/154 155/155/155 156/156/156
f 157/157/157 158/158/158 155/155/155
f 159/159/159 160/160/160 161/161/161
f 162/162/162 141/141/141 163/163/163
f 164/164/164 165/165/165 166/166/166
f 167/167/167 168/168/168 115/115/115
f 169/169/169 167/167/167 170/170/170
f 171/171/171 172/172/172 173/173/173
f 174/174/174 175/175/175 176/176/176
f 177/177/177 178/178/178 179/179/179
f 180/180/180 181/181/181 169/169/169
f 182/182/182 183/183/183 157/157/157
f 184/184/184 185/185/185 186/186/186
f 187/187/187 188/188/188 183/183/183
f 189/189/189 146/146/146 190/190/190
f 191/191/191 192/192/192 193/193/193
f 181/181/181 168/168/168 167/167/167
f 194/194/194 195/195/195 196/196/196
f 195/195/195 197/197/197 198/198/198
f 198/198/198 199/199/199 164/164/164
f 172/172/172 178/178/178 177/177/177
f 141/141/141 152/152/152 142/142/142
f 200/200/200 201/201/201 202/202/202
f 203/203/203 144/144/144 146/146/146
f 204/204/204 205/205/205 206/206/206
f 207/207/207 208/208/208 209/209/209
f 210/210/210 211/211/211 212/212/212
f 213/213/213 214/214/214 215/215/215
f 216/216/216 217/217/217 218/218/218
f 208/208/208 219/219/219 216/216/216
f 220/220/220 221/221/221 222/222/222
f 223/223/223 224/224/224 220/220/220
f 142/142/142 222/222/222 225/225/225
f 142/142/142 225/225/225 143/143/143
f 220/220/220 222/222/222 142/142/142
f 152/152/152 220/220/220 142/142/142
f 225/225/225 226/226/226 180/180/180
f 227/227/227 120/120/120 165/165/165
f 166/166/166 165/165/165 228/228/228
f 164/164/164 229/229/229 165/165/165
f 230/230/230 166/166/166 231/231/231
f 198/198/198 166/166/166 230/230/230
f 196/196/196 198/198/198 230/230/230
f 232/232/232 233/233/233 234/234/234
f 145/145/145 151/151/151 235/235/235
f 236/236/236 232/232/232 237/237/237
f 146/146/146 145/145/145 235/235/235
f 238/238/238 239/239/239 223/223/223
f 240/240/240 241/241/241 242/242/242
f 243/243/243 244/244/244 245/245/245
f 246/246/246 247/247/247 248/248/248
f 167/167/167 115/115/115 170/170/170
f 249/249/249 161/161/161 250/250/250
f 226/226/226 181/181/181 180/180/180
f 245/245/245 250/250/250 192/192/192
f 161/161/161 215/215/215 250/250/250
f 251/251/251 252/252/252 188/188/188
f 245/245/245 192/192/192 191/191/191
f 158/158/158 253/253/253 254/254/254
f 138/138/138 136/136/136 160/160/160
f 255/255/255 256/256/256 257/257/257
f 220/220/220 224/224/224 221/221/221
f 244/244/244 250/250/250 245/245/245
f 159/159/159 161/161/161 249/249/249
f 258/258/258 244/244/244 243/243/243
f 64/64/64 227/227/227 229/229/229
f 259/259/259 231/231/231 260/260/260
f 63/63/63 64/64/64 199/199/199
f 261/261/261 262/262/262 263/263/263
f 210/210/210 264/264/264 211/211/211
f 249/249/249 244/244/244 258/258/258
f 204/204/204 265/265/265 216/216/216
f 266/266/266 267/267/267 268/268/268
f 269/269/269 186/186/186 270/270/270
f 237/237/237 232/232/232 234/234/234
f 271/271/271 233/233/233 232/232/232
f 272/272/272 273/273/273 139/139/139
f 160/160/160 159/159/159 274/274/274
f 188/188/188 252/252/252 253/253/253
f 275/275/275 251/251/251 188/188/188
f 276/276/276 277/277/277 273/273/273
f 277/277/277 278/278/278 255/255/255
f 178/178/178 210/210/210 179/179/179
f 157/157/157 183/183/183 188/188/188
f 172/172/172 177/177/177 279/279/279
f 161/161/161 213/213/213 215/215/215
f 233/233/233 280/280/280 234/234/234
f 233/233/233 281/281/281 280/280/280
f 278/278/278 282/282/282 283/283/283
f 284/284/284 257/257/257 201/201/201
f 242/242/242 241/241/241 285/285/285
f 235/235/235 286/286/286 287/287/287
f 288/288/288 242/242/242 285/285/285
f 289/289/289 230/230/230 259/259/259
f 199/199/199 64/64/64 229/229/229
f 201/201/201 290/290/290 291/291/291
f 64/64/64 39/39/39 227/227/227
f 148/148/148 158/158/158 254/254/254
f 157/157/157 253/253/253 158/158/158
f 292/292/292 293/293/293 294/294/294
f 148/148/148 254/254/254 295/295/295
f 231/231/231 296/296/296 260/260/260
f 288/288/288 285/285/285 297/297/297
f 137/137/137 140/140/140 134/134/134
f 173/173/173 172/172/172 279/279/279
f 177/177/177 179/179/179 298/298/298
f 299/299/299 147/147/147 300/300/300
f 301/301/301 173/173/173 279/279/279
f 210/210/210 302/302/302 246/246/246
f 303/303/303 300/300/300 282/282/282
f 253/253/253 252/252/252 171/171/171
f 257/257/257 256/256/256 189/189/189
f 144/144/144 304/304/304 145/145/145
f 305/305/305 189/189/189 190/190/190
f 306/306/306 219/219/219 207/207/207
f 216/216/216 268/268/268 217/217/217
f 292/292/292 294/294/294 280/280/280
f 188/188/188 253/253/253 157/157/157
f 214/214/214 213/213/213 263/263/263
f 182/182/182 157/157/157 307/307/307
f 308/308/308 309/309/309 310/310/310
f 210/210/210 212/212/212 302/302/302
f 158/158/158 148/148/148 155/155/155
f 150/150/150 210/210/210 246/246/246
f 246/246/246 302/302/302 247/247/247
f 136/136/136 291/291/291 311/311/311
f 180/180/180 169/169/169 312/312/312
f 151/151/151 238/238/238 223/223/223
f 312/312/312 169/169/169 267/267/267
f 267/267/267 195/195/195 194/194/194
f 279/279/279 177/177/177 239/239/239
f 256/256/256 203/203/203 189/189/189
f 145/145/145 238/238/238 151/151/151
f 115/115/115 122/122/122 121/121/121
f 257/257/257 305/305/305 201/201/201
f 163/163/163 312/312/312 266/266/266
f 291/291/291 290/290/290 311/311/311
f 313/313/313 314/314/314 315/315/315
f 163/163/163 143/143/143 312/312/312
f 310/310/310 309/309/309 289/289/289
f 308/308/308 310/310/310 289/289/289
f 210/210/210 316/316/316 264/264/264
f 181/181/181 167/167/167 169/169/169
f 120/120/120 124/124/124 228/228/228
f 196/196/196 195/195/195 198/198/198
f 150/150/150 179/179/179 210/210/210
f 225/225/225 180/180/180 312/312/312
f 317/317/317 107/107/107 168/168/168
f 178/178/178 316/316/316 210/210/210
f 315/315/315 314/314/314 318/318/318
f 307/307/307 155/155/155 154/154/154
f 252/252/252 319/319/319 171/171/171
f 307/307/307 157/157/157 155/155/155
f 151/151/151 223/223/223 220/220/220
f 165/165/165 120/120/120 228/228/228
f 229/229/229 227/227/227 165/165/165
f 320/320/320 292/292/292 280/280/280
f 239/239/239 224/224/224 223/223/223
f 156/156/156 155/155/155 147/147/147
f 172/172/172 319/319/319 321/321/321
f 304/304/304 238/238/238 145/145/145
f 322/322/322 281/281/281 233/233/233
f 149/149/149 301/301/301 300/300/300
f 250/250/250 313/313/313 323/323/323
f 234/234/234 280/280/280 324/324/324
f 234/234/234 324/324/324 241/241/241
f 237/237/237 234/234/234 241/241/241
f 237/237/237 241/241/241 240/240/240
f 241/241/241 324/324/324 285/285/285
f 325/325/325 137/137/137 138/138/138
f 235/235/235 151/151/151 286/286/286
f 326/326/326 274/274/274 327/327/327
f 285/285/285 185/185/185 184/184/184
f 328/328/328 288/288/288 329/329/329
f 239/239/239 298/298/298 224/224/224
f 202/202/202 162/162/162 330/330/330
f 309/309/309 196/196/196 230/230/230
f 200/200/200 330/330/330 207/207/207
f 217/217/217 194/194/194 196/196/196
f 323/323/323 313/313/313 315/315/315
f 311/311/311 209/209/209 175/175/175
f 290/290/290 200/200/200 311/311/311
f 280/280/280 186/186/186 324/324/324
f 331/331/331 332/332/332 313/313/313
f 175/175/175 209/209/209 261/261/261
f 209/209/209 208/208/208 261/261/261
f 333/333/333 294/294/294 299/299/299
f 206/206/206 266/266/266 268/268/268
f 262/262/262 218/218/218 334/334/334
f 267/267/267 197/197/197 195/195/195
f 213/213/213 261/261/261 263/263/263
f 216/216/216 218/218/218 262/262/262
f 333/333/333 299/299/299 303/303/303
f 335/335/335 292/292/292 320/320/320
f 200/200/200 209/209/209 311/311/311
f 313/313/313 332/332/332 314/314/314
f 214/214/214 336/336/336 331/331/331
f 300/300/300 147/147/147 149/149/149
f 331/331/331 336/336/336 332/332/332
f 200/200/200 202/202/202 330/330/330
f 162/162/162 287/287/287 141/141/141
f 301/301/301 279/279/279 304/304/304
f 254/254/254 253/253/253 173/173/173
f 199/199/199 229/229/229 164/164/164
f 168/168/168 107/107/107 115/115/115
f 253/253/253 171/171/171 173/173/173
f 254/254/254 173/173/173 301/301/301
f 161/161/161 176/176/176 213/213/213
f 306/306/306 204/204/204 219/219/219
f 337/337/337 243/243/243 191/191/191
f 267/267/267 169/169/169 197/197/197
f 338/338/338 339/339/339 258/258/258
f 339/339/339 327/327/327 258/258/258
f 295/295/295 254/254/254 301/301/301
f 192/192/192 323/323/323 340/340/340
f 203/203/203 146/146/146 189/189/189
f 218/218/218 309/309/309 308/308/308
f 136/136/136 311/311/311 174/174/174
f 300/300/300 144/144/144 203/203/203
f 300/300/300 301/301/301 144/144/144
f 189/189/189 305/305/305 257/257/257
f 334/334/334 218/218/218 336/336/336
f 214/214/214 331/331/331 215/215/215
f 263/263/263 336/336/336 214/214/214
f 161/161/161 174/174/174 176/176/176
f 283/283/283 203/203/203 256/256/256
f 198/198/198 197/197/197 199/199/199
f 170/170/170 115/115/115 121/121/121
f 176/176/176 261/261/261 213/213/213
f 186/186/186 333/333/333 303/303/303
f 175/175/175 261/261/261 176/176/176
f 341/341/341 282/282/282 342/342/342
f 186/186/186 303/303/303 341/341/341
f 343/343/343 121/121/121 63/63/63
f 325/325/325 138/138/138 274/274/274
f 317/317/317 114/114/114 107/107/107
f 344/344/344 342/342/342 345/345/345
f 215/215/215 331/331/331 313/313/313
f 346/346/346 270/270/270 344/344/344
f 261/261/261 208/208/208 262/262/262
f 342/342/342 278/278/278 345/345/345
f 345/345/345 277/277/277 276/276/276
f 222/222/222 226/226/226 225/225/225
f 347/347/347 259/259/259 348/348/348
f 336/336/336 262/262/262 334/334/334
f 314/314/314 348/348/348 318/318/318
f 146/146/146 235/235/235 190/190/190
f 172/172/172 321/321/321 316/316/316
f 172/172/172 316/316/316 178/178/178
f 171/171/171 319/319/319 172/172/172
f 308/308/308 289/289/289 314/314/314
f 227/227/227 39/39/39 104/104/104
f 263/263/263 262/262/262 336/336/336
f 181/181/181 221/221/221 168/168/168
f 204/204/204 206/206/206 265/265/265
f 219/219/219 204/204/204 216/216/216
f 336/336/336 218/218/218 308/308/308
f 336/336/336 308/308/308 332/332/332
f 265/265/265 206/206/206 268/268/268
f 332/332/332 308/308/308 314/314/314
f 266/266/266 312/312/312 267/267/267
f 268/268/268 267/267/267 194/194/194
f 206/206/206 163/163/163 266/266/266
f 209/209/209 200/200/200 207/207/207
f 259/259/259 230/230/230 231/231/231
f 305/305/305 190/190/190 287/287/287
f 201/201/201 162/162/162 202/202/202
f 246/246/246 248/248/248 129/129/129
f 227/227/227 104/104/104 120/120/120
f 349/349/349 350/350/350 351/351/351
f 352/352/352 353/353/353 350/350/350
f 354/354/354 355/355/355 352/352/352
f 354/354/354 352/352/352 350/350/350
f 349/349/349 356/356/356 357/357/357
f 358/358/358 359/359/359 360/360/360
f 193/193/193 361/361/361 359/359/359
f 193/193/193 340/340/340 362/362/362
f 349/349/349 360/360/360 350/350/350
f 199/199/199 343/343/343 63/63/63
f 359/359/359 363/363/363 350/350/350
f 364/364/364 193/193/193 358/358/358
f 359/359/359 350/350/350 360/360/360
f 365/365/365 366/366/366 367/367/367
f 350/350/350 353/353/353 351/351/351
f 268/268/268 194/194/194 217/217/217
f 359/359/359 361/361/361 363/363/363
f 327/327/327 368/368/368 249/249/249
f 193/193/193 362/362/362 361/361/361
f 365/365/365 358/358/358 360/360/360
f 358/358/358 365/365/365 367/367/367
f 368/368/368 159/159/159 249/249/249
f 276/276/276 273/273/273 272/272/272
f 255/255/255 257/257/257 273/273/273
f 217/217/217 196/196/196 309/309/309
f 250/250/250 215/215/215 313/313/313
f 350/350/350 363/363/363 354/354/354
f 351/351/351 353/353/353 369/369/369
f 364/364/364 337/337/337 191/191/191
f 192/192/192 250/250/250 323/323/323
f 284/284/284 201/201/201 291/291/291
f 358/358/358 193/193/193 359/359/359
f 340/340/340 323/323/323 362/362/362
f 201/201/201 287/287/287 162/162/162
f 198/198/198 164/164/164 166/166/166
f 231/231/231 166/166/166 228/228/228
f 314/314/314 347/347/347 348/348/348
f 231/231/231 228/228/228 296/296/296
f 162/162/162 163/163/163 206/206/206
f 149/149/149 295/295/295 301/301/301
f 162/162/162 306/306/306 330/330/330
f 360/360/360 349/349/349 365/365/365
f 365/365/365 349/349/349 366/366/366
f 153/153/153 155/155/155 148/148/148
f 306/306/306 162/162/162 205/205/205
f 144/144/144 301/301/301 304/304/304
f 344/344/344 270/270/270 342/342/342
f 351/351/351 370/370/370 349/349/349
f 349/349/349 370/370/370 371/371/371
f 356/356/356 349/349/349 371/371/371
f 372/372/372 373/373/373 374/374/374
f 362/362/362 323/323/323 315/315/315
f 361/361/361 375/375/375 376/376/376
f 169/169/169 170/170/170 197/197/197
f 197/197/197 343/343/343 199/199/199
f 315/315/315 318/318/318 375/375/375
f 377/377/377 31/31/31 33/33/33
f 318/318/318 348/348/348 378/378/378
f 259/259/259 260/260/260 348/348/348
f 289/289/289 347/347/347 314/314/314
f 309/309/309 230/230/230 289/289/289
f 260/260/260 379/379/379 380/380/380
f 376/376/376 381/381/381 363/363/363
f 382/382/382 377/377/377 33/33/33
f 383/383/383 384/384/384 385/385/385
f 386/386/386 387/387/387 383/383/383
f 218/218/218 217/217/217 309/309/309
f 265/265/265 268/268/268 216/216/216
f 384/384/384 20/20/20 21/21/21
f 152/152/152 151/151/151 220/220/220
f 311/311/311 175/175/175 174/174/174
f 304/304/304 279/279/279 238/238/238
f 282/282/282 300/300/300 283/283/283
f 160/160/160 174/174/174 161/161/161
f 162/162/162 206/206/206 205/205/205
f 235/235/235 287/287/287 190/190/190
f 135/135/135 284/284/284 291/291/291
f 155/155/155 153/153/153 147/147/147
f 299/299/299 294/294/294 147/147/147
f 278/278/278 283/283/283 256/256/256
f 191/191/191 193/193/193 364/364/364
f 221/221/221 181/181/181 226/226/226
f 228/228/228 387/387/387 386/386/386
f 379/379/379 383/383/383 388/388/388
f 305/305/305 287/287/287 201/201/201
f 221/221/221 317/317/317 168/168/168
f 294/294/294 156/156/156 147/147/147
f 389/389/389 390/390/390 391/391/391
f 294/294/294 293/293/293 156/156/156
f 274/274/274 368/368/368 327/327/327
f 222/222/222 221/221/221 226/226/226
f 377/377/377 4/4/4 31/31/31
f 383/383/383 387/387/387 384/384/384
f 197/197/197 170/170/170 343/343/343
f 281/281/281 320/320/320 280/280/280
f 279/279/279 239/239/239 238/238/238
f 303/303/303 299/299/299 300/300/300
f 392/392/392 393/393/393 372/372/372
f 375/375/375 318/318/318 394/394/394
f 376/376/376 375/375/375 394/394/394
f 395/395/395 296/296/296 383/383/383
f 363/363/363 381/381/381 389/389/389
f 361/361/361 315/315/315 375/375/375
f 280/280/280 294/294/294 333/333/333
f 326/326/326 327/327/327 339/339/339
f 396/396/396 354/354/354 389/389/389
f 381/381/381 390/390/390 389/389/389
f 378/378/378 348/348/348 380/380/380
f 134/134/134 136/136/136 138/138/138
f 393/393/393 373/373/373 372/372/372
f 381/381/381 397/397/397 390/390/390
f 384/384/384 111/111/111 20/20/20
f 381/381/381 398/398/398 397/397/397
f 141/141/141 143/143/143 163/163/163
f 399/399/399 382/382/382 400/400/400
f 393/393/393 382/382/382 399/399/399
f 394/394/394 398/398/398 376/376/376
f 398/398/398 381/381/381 376/376/376
f 389/389/389 354/354/354 363/363/363
f 392/392/392 372/372/372 398/398/398
f 398/398/398 372/372/372 397/397/397
f 224/224/224 298/298/298 317/317/317
f 150/150/150 114/114/114 298/298/298
f 393/393/393 379/379/379 388/388/388
f 361/361/361 376/376/376 363/363/363
f 318/318/318 378/378/378 394/394/394
f 341/341/341 303/303/303 282/282/282
f 186/186/186 280/280/280 333/333/333
f 270/270/270 341/341/341 342/342/342
f 394/394/394 392/392/392 398/398/398
f 397/397/397 372/372/372 374/374/374
f 393/393/393 399/399/399 373/373/373
f 270/270/270 186/186/186 341/341/341
f 362/362/362 315/315/315 361/361/361
f 401/401/401 394/394/394 378/378/378
f 401/401/401 393/393/393 392/392/392
f 402/402/402 184/184/184 403/403/403
f 403/403/403 184/184/184 269/269/269
f 403/403/403 269/269/269 346/346/346
f 378/378/378 380/380/380 401/401/401
f 348/348/348 260/260/260 380/380/380
f 345/345/345 278/278/278 277/277/277
f 170/170/170 121/121/121 343/343/343
f 258/258/258 243/243/243 338/338/338
f 328/328/328 242/242/242 288/288/288
f 393/393/393 388/388/388 377/377/377
f 260/260/260 296/296/296 395/395/395
f 387/387/387 228/228/228 50/50/50
f 249/249/249 250/250/250 244/244/244
f 286/286/286 141/141/141 287/287/287
f 283/283/283 300/300/300 203/203/203
f 143/143/143 225/225/225 312/312/312
f 380/380/380 404/404/404 401/401/401
f 224/224/224 317/317/317 221/221/221
f 298/298/298 114/114/114 317/317/317
f 228/228/228 124/124/124 50/50/50
f 184/184/184 186/186/186 269/269/269
f 402/402/402 285/285/285 184/184/184
f 401/401/401 404/404/404 393/393/393
f 278/278/278 256/256/256 255/255/255
f 404/404/404 379/379/379 393/393/393
f 243/243/243 245/245/245 191/191/191
f 239/239/239 177/177/177 298/298/298
f 389/389/389 391/391/391 396/396/396
f 160/160/160 136/136/136 174/174/174
f 325/325/325 274/274/274 326/326/326
f 20/20/20 111/111/111 110/110/110
f 328/328/328 240/240/240 242/242/242
f 324/324/324 186/186/186 185/185/185
f 394/394/394 401/401/401 392/392/392
f 138/138/138 160/160/160 274/274/274
f 139/139/139 135/135/135 140/140/140
f 380/380/380 379/379/379 404/404/404
f 179/179/179 150/150/150 298/298/298
f 285/285/285 324/324/324 185/185/185
f 277/277/277 255/255/255 273/273/273
f 257/257/257 284/284/284 273/273/273
f 151/151/151 141/141/141 286/286/286
f 192/192/192 340/340/340 193/193/193
f 273/273/273 284/284/284 135/135/135
f 273/273/273 135/135/135 139/139/139
f 290/290/290 201/201/201 200/200/200
f 296/296/296 228/228/228 386/386/386
f 384/384/384 71/71/71 111/111/111
f 110/110/110 17/17/17 20/20/20
f 149/149/149 148/148/148 295/295/295
f 50/50/50 71/71/71 384/384/384
f 385/385/385 21/21/21 4/4/4
f 346/346/346 269/269/269 270/270/270
f 338/338/338 243/243/243 337/337/337
f 385/385/385 4/4/4 377/377/377
f 327/327/327 249/249/249 258/258/258
f 246/246/246 129/129/129 150/150/150
f 135/135/135 291/291/291 136/136/136
f 208/208/208 216/216/216 262/262/262
f 274/274/274 159/159/159 368/368/368
f 134/134/134 140/140/140 135/135/135
f 342/342/342 282/282/282 278/278/278
f 296/296/296 386/386/386 383/383/383
f 395/395/395 383/383/383 379/379/379
f 260/260/260 395/395/395 379/379/379
f 385/385/385 384/384/384 21/21/21
f 306/306/306 205/205/205 204/204/204
f 207/207/207 219/219/219 208/208/208
f 387/387/387 50/50/50 384/384/384
f 388/388/388 385/385/385 377/377/377
f 383/383/383 385/385/385 388/388/388
f 382/382/382 33/33/33 400/400/400
f 330/330/330 306/306/306 207/207/207
f 393/393/393 377/377/377 382/382/382
f 289/289/289 259/259/259 347/347/347
f 405/405/405 406/406/406 407/407/407
f 407/407/407 325/325/325 326/326/326
f 408/408/408 409/409/409 410/410/410
f 407/407/407 326/326/326 411/411/411
f 338/338/338 326/326/326 339/339/339
f 412/412/412 338/338/338 413/413/413
f 414/414/414 415/415/415 416/416/416
f 417/417/417 418/418/418 419/419/419
f 420/420/420 421/421/421 422/422/422
f 423/423/423 424/424/424 425/425/425
f 426/426/426 427/427/427 428/428/428
f 429/429/429 430/430/430 431/431/431
f 432/432/432 433/433/433 434/434/434
f 420/420/420 422/422/422 435/435/435
f 434/434/434 436/436/436 432/432/432
f 437/437/437 438/438/438 439/439/439
f 440/440/440 435/435/435 441/441/441
f 438/438/438 442/442/442 440/440/440
f 442/442/442 420/420/420 440/440/440
f 443/443/443 444/444/444 445/445/445
f 446/446/446 447/447/447 448/448/448
f 449/449/449 450/450/450 451/451/451
f 450/450/450 452/452/452 451/451/451
f 452/452/452 453/453/453 454/454/454
f 455/455/455 456/456/456 457/457/457
f 458/458/458 459/459/459 460/460/460
f 461/461/461 414/414/414 462/462/462
f 461/461/461 463/463/463 464/464/464
f 424/424/424 414/414/414 425/425/425
f 415/415/415 272/272/272 139/139/139
f 465/465/465 466/466/466 467/467/467
f 468/468/468 409/409/409 469/469/469
f 470/470/470 471/471/471 472/472/472
f 473/473/473 474/474/474 475/475/475
f 476/476/476 477/477/477 478/478/478
f 479/479/479 480/480/480 481/481/481
f 413/413/413 337/337/337 364/364/364
f 482/482/482 483/483/483 484/484/484
f 485/485/485 483/483/483 486/486/486
f 487/487/487 488/488/488 482/482/482
f 488/488/488 489/489/489 482/482/482
f 489/489/489 488/488/488 490/490/490
f 491/491/491 490/490/490 492/492/492
f 493/493/493 411/411/411 338/338/338
f 490/490/490 494/494/494 495/495/495
f 496/496/496 497/497/497 498/498/498
f 499/499/499 496/496/496 498/498/498
f 500/500/500 417/417/417 501/501/501
f 502/502/502 427/427/427 503/503/503
f 504/504/504 505/505/505 506/506/506
f 503/503/503 507/507/507 496/496/496
f 508/508/508 509/509/509 510/510/510
f 510/510/510 511/511/511 507/507/507
f 511/511/511 496/496/496 507/507/507
f 496/496/496 512/512/512 497/497/497
f 501/501/501 513/513/513 514/514/514
f 513/513/513 515/515/515 516/516/516
f 517/517/517 518/518/518 519/519/519
f 515/515/515 520/520/520 521/521/521
f 505/505/505 438/438/438 506/506/506
f 522/522/522 523/523/523 518/518/518
f 524/524/524 497/497/497 525/525/525
f 526/526/526 527/527/527 523/523/523
f 433/433/433 528/528/528 443/443/443
f 529/529/529 530/530/530 531/531/531
f 528/528/528 532/532/532 449/449/449
f 533/533/533 534/534/534 535/535/535
f 536/536/536 537/537/537 538/538/538
f 464/464/464 463/463/463 539/539/539
f 436/436/436 536/536/536 540/540/540
f 541/541/541 438/438/438 437/437/437
f 436/436/436 540/540/540 432/432/432
f 540/540/540 542/542/542 432/432/432
f 432/432/432 542/542/542 532/532/532
f 538/538/538 517/517/517 543/543/543
f 542/542/542 538/538/538 543/543/543
f 542/542/542 544/544/544 532/532/532
f 545/545/545 546/546/546 533/533/533
f 547/547/547 519/519/519 457/457/457
f 547/547/547 456/456/456 546/546/546
f 519/519/519 518/518/518 548/548/548
f 519/519/519 548/548/548 457/457/457
f 458/458/458 549/549/549 459/459/459
f 455/455/455 550/550/550 551/551/551
f 550/550/550 463/463/463 549/549/549
f 550/550/550 549/549/549 552/552/552
f 552/552/552 549/549/549 458/458/458
f 467/467/467 553/553/553 554/554/554
f 549/549/549 461/461/461 459/459/459
f 554/554/554 425/425/425 461/461/461
f 415/415/415 555/555/555 416/416/416
f 556/556/556 557/557/557 423/423/423
f 423/423/423 557/557/557 276/276/276
f 557/557/557 558/558/558 276/276/276
f 426/426/426 503/503/503 427/427/427
f 497/497/497 524/524/524 498/498/498
f 534/534/534 559/559/559 535/535/535
f 560/560/560 561/561/561 562/562/562
f 563/563/563 564/564/564 477/477/477
f 565/565/565 508/508/508 566/566/566
f 567/567/567 557/557/557 556/556/556
f 568/568/568 569/569/569 570/570/570
f 502/502/502 503/503/503 418/418/418
f 503/503/503 499/499/499 418/418/418
f 418/418/418 499/499/499 419/419/419
f 508/508/508 510/510/510 426/426/426
f 442/442/442 571/571/571 420/420/420
f 438/438/438 505/505/505 442/442/442
f 572/572/572 541/541/541 437/437/437
f 573/573/573 500/500/500 574/574/574
f 452/452/452 454/454/454 480/480/480
f 503/503/503 496/496/496 499/499/499
f 513/513/513 522/522/522 514/514/514
f 514/514/514 522/522/522 575/575/575
f 571/571/571 576/576/576 573/573/573
f 576/576/576 427/427/427 502/502/502
f 577/577/577 462/462/462 406/406/406
f 578/578/578 579/579/579 504/504/504
f 454/454/454 580/580/580 581/581/581
f 504/504/504 582/582/582 505/505/505
f 583/583/583 582/582/582 579/579/579
f 349/349/349 357/357/357 584/584/584
f 582/582/582 583/583/583 585/585/585
f 586/586/586 344/344/344 567/567/567
f 587/587/587 467/467/467 539/539/539
f 497/497/497 588/588/588 525/525/525
f 589/589/589 556/556/556 553/553/553
f 402/402/402 403/403/403 346/346/346
f 590/590/590 591/591/591 592/592/592
f 593/593/593 594/594/594 366/366/366
f 594/594/594 367/367/367 366/366/366
f 595/595/595 596/596/596 597/597/597
f 596/596/596 349/349/349 584/584/584
f 429/429/429 598/598/598 487/487/487
f 575/575/575 522/522/522 517/517/517
f 599/599/599 515/515/515 513/513/513
f 522/522/522 518/518/518 517/517/517
f 498/498/498 520/520/520 599/599/599
f 346/346/346 344/344/344 586/586/586
f 600/600/600 402/402/402 601/601/601
f 602/602/602 603/603/603 604/604/604
f 526/526/526 523/523/523 520/520/520
f 605/605/605 493/493/493 606/606/606
f 521/521/521 523/523/523 516/516/516
f 524/524/524 525/525/525 520/520/520
f 527/527/527 587/587/587 518/518/518
f 528/528/528 449/449/449 607/607/607
f 545/545/545 533/533/533 532/532/532
f 536/536/536 542/542/542 540/540/540
f 565/565/565 608/608/608 609/609/609
f 608/608/608 610/610/610 609/609/609
f 609/609/609 610/610/610 611/611/611
f 450/450/450 535/535/535 452/452/452
f 451/451/451 452/452/452 479/479/479
f 447/447/447 612/612/612 613/613/613
f 612/612/612 479/479/479 613/613/613
f 449/449/449 451/451/451 614/614/614
f 613/613/613 431/431/431 615/615/615
f 616/616/616 617/617/617 618/618/618
f 509/509/509 565/565/565 609/609/609
f 619/619/619 448/448/448 616/616/616
f 620/620/620 621/621/621 622/622/622
f 416/416/416 555/555/555 462/462/462
f 408/408/408 623/623/623 624/624/624
f 409/409/409 624/624/624 608/608/608
f 577/577/577 459/459/459 462/462/462
f 625/625/625 472/472/472 471/471/471
f 625/625/625 471/471/471 621/621/621
f 594/594/594 626/626/626 627/627/627
f 364/364/364 358/358/358 626/626/626
f 627/627/627 358/358/358 367/367/367
f 492/492/492 593/593/593 590/590/590
f 457/457/457 456/456/456 547/547/547
f 470/470/470 628/628/628 471/471/471
f 543/543/543 547/547/547 545/545/545
f 495/495/495 594/594/594 593/593/593
f 471/471/471 628/628/628 629/629/629
f 629/629/629 478/478/478 623/623/623
f 630/630/630 475/475/475 628/628/628
f 631/631/631 530/530/530 586/586/586
f 475/475/475 474/474/474 478/478/478
f 414/414/414 416/416/416 462/462/462
f 565/565/565 509/509/509 508/508/508
f 502/502/502 418/418/418 417/417/417
f 576/576/576 502/502/502 573/573/573
f 576/576/576 585/585/585 428/428/428
f 632/632/632 633/633/633 578/578/578
f 512/512/512 634/634/634 588/588/588
f 635/635/635 632/632/632 578/578/578
f 541/541/541 635/635/635 578/578/578
f 442/442/442 505/505/505 571/571/571
f 633/633/633 636/636/636 637/637/637
f 636/636/636 638/638/638 639/639/639
f 443/443/443 528/528/528 444/444/444
f 504/504/504 579/579/579 582/582/582
f 582/582/582 585/585/585 505/505/505
f 529/529/529 640/640/640 641/641/641
f 642/642/642 445/445/445 643/643/643
f 644/644/644 531/531/531 631/631/631
f 640/640/640 564/564/564 641/641/641
f 482/482/482 489/489/489 483/483/483
f 488/488/488 645/645/645 490/490/490
f 537/537/537 517/517/517 538/538/538
f 516/516/516 523/523/523 522/522/522
f 517/517/517 547/547/547 543/543/543
f 559/559/559 458/458/458 453/453/453
f 548/548/548 646/646/646 550/550/550
f 559/559/559 551/551/551 458/458/458
f 461/461/461 425/425/425 414/414/414
f 553/553/553 556/556/556 423/423/423
f 495/495/495 413/413/413 626/626/626
f 413/413/413 364/364/364 626/626/626
f 647/647/647 648/648/648 633/633/633
f 493/493/493 338/338/338 412/412/412
f 419/419/419 499/499/499 498/498/498
f 520/520/520 523/523/523 521/521/521
f 520/520/520 525/525/525 526/526/526
f 469/469/469 409/409/409 649/649/649
f 649/649/649 409/409/409 608/608/608
f 471/471/471 410/410/410 622/622/622
f 622/622/622 410/410/410 468/468/468
f 620/620/620 622/622/622 650/650/650
f 623/623/623 610/610/610 624/624/624
f 647/647/647 633/633/633 632/632/632
f 651/651/651 589/589/589 634/634/634
f 288/288/288 297/297/297 641/641/641
f 586/586/586 567/567/567 589/589/589
f 650/650/650 622/622/622 652/652/652
f 579/579/579 653/653/653 583/583/583
f 508/508/508 426/426/426 428/428/428
f 409/409/409 408/408/408 624/624/624
f 471/471/471 622/622/622 621/621/621
f 410/410/410 409/409/409 468/468/468
f 623/623/623 477/477/477 640/640/640
f 623/623/623 640/640/640 654/654/654
f 623/623/623 654/654/654 610/610/610
f 623/623/623 478/478/478 477/477/477
f 424/424/424 272/272/272 415/415/415
f 476/476/476 563/563/563 477/477/477
f 428/428/428 583/583/583 566/566/566
f 578/578/578 637/637/637 653/653/653
f 583/583/583 655/655/655 566/566/566
f 655/655/655 656/656/656 649/649/649
f 557/557/557 657/657/657 558/558/558
f 433/433/433 642/642/642 658/658/658
f 297/297/297 285/285/285 600/600/600
f 646/646/646 587/587/587 539/539/539
f 553/553/553 425/425/425 554/554/554
f 489/489/489 491/491/491 483/483/483
f 520/520/520 515/515/515 599/599/599
f 534/534/534 659/659/659 559/559/559
f 539/539/539 467/467/467 464/464/464
f 480/480/480 660/660/660 429/429/429
f 463/463/463 461/461/461 549/549/549
f 525/525/525 588/588/588 661/661/661
f 551/551/551 552/552/552 458/458/458
f 588/588/588 634/634/634 465/465/465
f 550/550/550 552/552/552 551/551/551
f 551/551/551 559/559/559 659/659/659
f 607/607/607 614/614/614 612/612/612
f 613/613/613 617/617/617 447/447/447
f 533/533/533 535/535/535 450/450/450
f 526/526/526 525/525/525 527/527/527
f 426/426/426 510/510/510 507/507/507
f 479/479/479 431/431/431 613/613/613
f 426/426/426 507/507/507 503/503/503
f 479/479/479 481/481/481 429/429/429
f 619/619/619 662/662/662 663/663/663
f 494/494/494 413/413/413 495/495/495
f 417/417/417 419/419/419 501/501/501
f 502/502/502 417/417/417 500/500/500
f 338/338/338 337/337/337 413/413/413
f 606/606/606 494/494/494 490/490/490
f 645/645/645 488/488/488 487/487/487
f 445/445/445 602/602/602 643/643/643
f 592/592/592 664/664/664 491/491/491
f 665/665/665 465/465/465 467/467/467
f 412/412/412 413/413/413 494/494/494
f 603/603/603 619/619/619 666/666/666
f 423/423/423 272/272/272 424/424/424
f 535/535/535 453/453/453 452/452/452
f 559/559/559 453/453/453 535/535/535
f 458/458/458 580/580/580 453/453/453
f 429/429/429 482/482/482 430/430/430
f 612/612/612 447/447/447 446/446/446
f 445/445/445 612/612/612 446/446/446
f 648/648/648 636/636/636 633/633/633
f 558/558/558 345/345/345 276/276/276
f 613/613/613 615/615/615 618/618/618
f 482/482/482 484/484/484 667/667/667
f 491/491/491 486/486/486 483/483/483
f 454/454/454 581/581/581 660/660/660
f 645/645/645 606/606/606 490/490/490
f 490/490/490 491/491/491 489/489/489
f 451/451/451 479/479/479 614/614/614
f 446/446/446 448/448/448 602/602/602
f 528/528/528 607/607/607 444/444/444
f 660/660/660 605/605/605 598/598/598
f 460/460/460 577/577/577 580/580/580
f 454/454/454 660/660/660 480/480/480
f 605/605/605 606/606/606 645/645/645
f 598/598/598 645/645/645 487/487/487
f 642/642/642 443/443/443 445/445/445
f 429/429/429 487/487/487 482/482/482
f 585/585/585 583/583/583 428/428/428
f 415/415/415 139/139/139 555/555/555
f 553/553/553 423/423/423 425/425/425
f 554/554/554 461/461/461 464/464/464
f 515/515/515 521/521/521 516/516/516
f 550/550/550 539/539/539 463/463/463
f 548/548/548 550/550/550 455/455/455
f 533/533/533 450/450/450 532/532/532
f 619/619/619 663/663/663 666/666/666
f 432/432/432 532/532/532 528/528/528
f 490/490/490 495/495/495 492/492/492
f 543/543/543 544/544/544 542/542/542
f 544/544/544 545/545/545 532/532/532
f 571/571/571 585/585/585 576/576/576
f 428/428/428 566/566/566 508/508/508
f 461/461/461 462/462/462 459/459/459
f 501/501/501 514/514/514 668/668/668
f 561/561/561 537/537/537 536/536/536
f 456/456/456 551/551/551 659/659/659
f 601/601/601 669/669/669 529/529/529
f 670/670/670 529/529/529 644/644/644
f 610/610/610 529/529/529 611/611/611
f 671/671/671 434/434/434 658/658/658
f 509/509/509 609/609/609 672/672/672
f 631/631/631 586/586/586 589/589/589
f 411/411/411 326/326/326 338/338/338
f 673/673/673 630/630/630 628/628/628
f 616/616/616 674/674/674 662/662/662
f 445/445/445 444/444/444 612/612/612
f 444/444/444 607/607/607 612/612/612
f 536/536/536 675/675/675 561/561/561
f 675/675/675 436/436/436 434/434/434
f 480/480/480 429/429/429 481/481/481
f 496/496/496 511/511/511 512/512/512
f 536/536/536 436/436/436 675/675/675
f 522/522/522 513/513/513 516/516/516
f 646/646/646 539/539/539 550/550/550
f 414/414/414 424/424/424 415/415/415
f 628/628/628 478/478/478 629/629/629
f 606/606/606 493/493/493 412/412/412
f 614/614/614 479/479/479 612/612/612
f 576/576/576 428/428/428 427/427/427
f 649/649/649 565/565/565 566/566/566
f 600/600/600 285/285/285 402/402/402
f 529/529/529 600/600/600 601/601/601
f 479/479/479 429/429/429 431/431/431
f 676/676/676 325/325/325 462/462/462
f 555/555/555 139/139/139 676/676/676
f 677/677/677 422/422/422 421/421/421
f 452/452/452 480/480/480 479/479/479
f 568/568/568 500/500/500 569/569/569
f 555/555/555 676/676/676 462/462/462
f 651/651/651 631/631/631 589/589/589
f 678/678/678 435/435/435 422/422/422
f 644/644/644 529/529/529 531/531/531
f 562/562/562 561/561/561 675/675/675
f 471/471/471 629/629/629 408/408/408
f 608/608/608 624/624/624 610/610/610
f 649/649/649 608/608/608 565/565/565
f 438/438/438 440/440/440 441/441/441
f 663/663/663 662/662/662 679/679/679
f 477/477/477 564/564/564 640/640/640
f 412/412/412 494/494/494 606/606/606
f 456/456/456 659/659/659 546/546/546
f 680/680/680 575/575/575 560/560/560
f 547/547/547 546/546/546 545/545/545
f 543/543/543 545/545/545 544/544/544
f 519/519/519 547/547/547 517/517/517
f 419/419/419 599/599/599 513/513/513
f 651/651/651 644/644/644 631/631/631
f 529/529/529 669/669/669 530/530/530
f 564/564/564 288/288/288 641/641/641
f 423/423/423 276/276/276 272/272/272
f 669/669/669 402/402/402 346/346/346
f 466/466/466 589/589/589 553/553/553
f 589/589/589 567/567/567 556/556/556
f 465/465/465 634/634/634 466/466/466
f 419/419/419 498/498/498 599/599/599
f 527/527/527 665/665/665 587/587/587
f 497/497/497 512/512/512 588/588/588
f 456/456/456 455/455/455 551/551/551
f 560/560/560 537/537/537 561/561/561
f 502/502/502 500/500/500 573/573/573
f 569/569/569 680/680/680 570/570/570
f 421/421/421 681/681/681 677/677/677
f 571/571/571 573/573/573 420/420/420
f 678/678/678 422/422/422 677/677/677
f 574/574/574 682/682/682 421/421/421
f 536/536/536 538/538/538 542/542/542
f 433/433/433 443/443/443 642/642/642
f 420/420/420 574/574/574 421/421/421
f 457/457/457 548/548/548 455/455/455
f 530/530/530 669/669/669 586/586/586
f 518/518/518 646/646/646 548/548/548
f 366/366/366 596/596/596 595/595/595
f 366/366/366 349/349/349 596/596/596
f 593/593/593 366/366/366 595/595/595
f 626/626/626 358/358/358 627/627/627
f 491/491/491 590/590/590 592/592/592
f 495/495/495 626/626/626 594/594/594
f 610/610/610 654/654/654 529/529/529
f 672/672/672 670/670/670 651/651/651
f 511/511/511 672/672/672 512/512/512
f 577/577/577 406/406/406 405/405/405
f 434/434/434 433/433/433 658/658/658
f 501/501/501 668/668/668 569/569/569
f 602/602/602 619/619/619 603/603/603
f 514/514/514 575/575/575 668/668/668
f 573/573/573 574/574/574 420/420/420
f 500/500/500 501/501/501 569/569/569
f 680/680/680 668/668/668 575/575/575
f 560/560/560 575/575/575 537/537/537
f 421/421/421 682/682/682 681/681/681
f 541/541/541 683/683/683 684/684/684
f 541/541/541 572/572/572 683/683/683
f 682/682/682 568/568/568 681/681/681
f 574/574/574 500/500/500 568/568/568
f 574/574/574 568/568/568 682/682/682
f 660/660/660 598/598/598 429/429/429
f 685/685/685 435/435/435 678/678/678
f 471/471/471 408/408/408 410/410/410
f 629/629/629 623/623/623 408/408/408
f 686/686/686 470/470/470 472/472/472
f 475/475/475 478/478/478 628/628/628
f 458/458/458 460/460/460 580/580/580
f 453/453/453 580/580/580 454/454/454
f 541/541/541 684/684/684 635/635/635
f 580/580/580 577/577/577 581/581/581
f 474/474/474 476/476/476 478/478/478
f 541/541/541 578/578/578 504/504/504
f 577/577/577 405/405/405 581/581/581
f 581/581/581 407/407/407 493/493/493
f 405/405/405 407/407/407 581/581/581
f 541/541/541 504/504/504 506/506/506
f 505/505/505 585/585/585 571/571/571
f 438/438/438 541/541/541 506/506/506
f 633/633/633 637/637/637 578/578/578
f 578/578/578 653/653/653 579/579/579
f 643/643/643 602/602/602 604/604/604
f 445/445/445 446/446/446 602/602/602
f 685/685/685 441/441/441 435/435/435
f 636/636/636 639/639/639 637/637/637
f 639/639/639 655/655/655 637/637/637
f 435/435/435 440/440/440 420/420/420
f 637/637/637 655/655/655 653/653/653
f 653/653/653 655/655/655 583/583/583
f 638/638/638 687/687/687 639/639/639
f 687/687/687 656/656/656 639/639/639
f 655/655/655 649/649/649 566/566/566
f 688/688/688 650/650/650 652/652/652
f 652/652/652 468/468/468 687/687/687
f 687/687/687 469/469/469 656/656/656
f 344/344/344 689/689/689 567/567/567
f 567/567/567 689/689/689 657/657/657
f 449/449/449 614/614/614 607/607/607
f 532/532/532 450/450/450 449/449/449
f 567/567/567 657/657/657 557/557/557
f 569/569/569 668/668/668 680/680/680
f 613/613/613 618/618/618 617/617/617
f 344/344/344 345/345/345 689/689/689
f 466/466/466 553/553/553 467/467/467
f 467/467/467 554/554/554 464/464/464
f 438/438/438 441/441/441 439/439/439
f 525/525/525 665/665/665 527/527/527
f 661/661/661 665/665/665 525/525/525
f 587/587/587 646/646/646 518/518/518
f 588/588/588 465/465/465 661/661/661
f 661/661/661 465/465/465 665/665/665
f 665/665/665 467/467/467 587/587/587
f 634/634/634 589/589/589 466/466/466
f 669/669/669 346/346/346 586/586/586
f 329/329/329 288/288/288 564/564/564
f 447/447/447 617/617/617 448/448/448
f 617/617/617 616/616/616 448/448/448
f 329/329/329 564/564/564 563/563/563
f 641/641/641 297/297/297 600/600/600
f 601/601/601 402/402/402 669/669/669
f 509/509/509 672/672/672 510/510/510
f 670/670/670 672/672/672 609/609/609
f 510/510/510 672/672/672 511/511/511
f 609/609/609 611/611/611 670/670/670
f 672/672/672 651/651/651 512/512/512
f 512/512/512 651/651/651 634/634/634
f 611/611/611 529/529/529 670/670/670
f 644/644/644 651/651/651 670/670/670
f 627/627/627 367/367/367 594/594/594
f 533/533/533 546/546/546 534/534/534
f 546/546/546 659/659/659 534/534/534
f 523/523/523 527/527/527 518/518/518
f 575/575/575 517/517/517 537/537/537
f 462/462/462 325/325/325 406/406/406
f 406/406/406 325/325/325 407/407/407
f 676/676/676 139/139/139 137/137/137
f 676/676/676 137/137/137 325/325/325
f 598/598/598 605/605/605 645/645/645
f 498/498/498 524/524/524 520/520/520
f 501/501/501 419/419/419 513/513/513
f 605/605/605 581/581/581 493/493/493
f 660/660/660 581/581/581 605/605/605
f 460/460/460 459/459/459 577/577/577
f 492/492/492 590/590/590 491/491/491
f 654/654/654 640/640/640 529/529/529
f 641/641/641 600/600/600 529/529/529
f 531/531/531 530/530/530 631/631/631
f 619/619/619 616/616/616 662/662/662
f 602/602/602 448/448/448 619/619/619
f 684/684/684 632/632/632 635/635/635
f 689/689/689 345/345/345 558/558/558
f 657/657/657 689/689/689 558/558/558
f 656/656/656 469/469/469 649/649/649
f 687/687/687 468/468/468 469/469/469
f 652/652/652 622/622/622 468/468/468
f 655/655/655 639/639/639 656/656/656
f 495/495/495 593/593/593 492/492/492
f 432/432/432 528/528/528 433/433/433
f 493/493/493 407/407/407 411/411/411
f 638/638/638 652/652/652 687/687/687
f 690/690/690 691/691/691 692/692/692
f 693/693/693 694/694/694 695/695/695
f 696/696/696 697/697/697 698/698/698
f 699/699/699 700/700/700 701/701/701
f 702/702/702 703/703/703 704/704/704
f 705/705/705 706/706/706 707/707/707
f 708/708/708 698/698/698 709/709/709
f 710/710/710 658/658/658 642/642/642
f 711/711/711 643/643/643 712/712/712
f 713/713/713 691/691/691 714/714/714
f 705/705/705 694/694/694 693/693/693
f 715/715/715 675/675/675 716/716/716
f 717/717/717 718/718/718 719/719/719
f 562/562/562 675/675/675 715/715/715
f 720/720/720 721/721/721 722/722/722
f 723/723/723 724/724/724 725/725/725
f 726/726/726 727/727/727 728/728/728
f 693/693/693 695/695/695 729/729/729
f 730/730/730 724/724/724 731/731/731
f 732/732/732 685/685/685 733/733/733
f 734/734/734 735/735/735 724/724/724
f 572/572/572 437/437/437 736/736/736
f 677/677/677 730/730/730 737/737/737
f 738/738/738 733/733/733 739/739/739
f 714/714/714 691/691/691 706/706/706
f 740/740/740 731/731/731 723/723/723
f 736/736/736 738/738/738 741/741/741
f 739/739/739 742/742/742 738/738/738
f 713/713/713 743/743/743 744/744/744
f 745/745/745 572/572/572 746/746/746
f 603/603/603 666/666/666 747/747/747
f 717/717/717 671/671/671 748/748/748
f 749/749/749 750/750/750 751/751/751
f 738/738/738 742/742/742 752/752/752
f 741/741/741 738/738/738 752/752/752
f 733/733/733 677/677/677 737/737/737
f 753/753/753 754/754/754 755/755/755
f 737/737/737 730/730/730 742/742/742
f 756/756/756 757/757/757 758/758/758
f 752/752/752 740/740/740 754/754/754
f 759/759/759 757/757/757 760/760/760
f 761/761/761 762/762/762 763/763/763
f 764/764/764 711/711/711 712/712/712
f 763/763/763 762/762/762 765/765/765
f 568/568/568 570/570/570 766/766/766
f 642/642/642 643/643/643 711/711/711
f 714/714/714 767/767/767 768/768/768
f 769/769/769 705/705/705 696/696/696
f 643/643/643 604/604/604 712/712/712
f 770/770/770 691/691/691 766/766/766
f 721/721/721 560/560/560 562/562/562
f 725/725/725 724/724/724 771/771/771
f 770/770/770 680/680/680 691/691/691
f 690/690/690 692/692/692 707/707/707
f 714/714/714 706/706/706 769/769/769
f 772/772/772 715/715/715 719/719/719
f 721/721/721 562/562/562 715/715/715
f 723/723/723 725/725/725 773/773/773
f 724/724/724 774/774/774 771/771/771
f 694/694/694 775/775/775 695/695/695
f 731/731/731 724/724/724 723/723/723
f 730/730/730 677/677/677 734/734/734
f 776/776/776 741/741/741 777/777/777
f 693/693/693 729/729/729 778/778/778
f 754/754/754 728/728/728 755/755/755
f 739/739/739 733/733/733 737/737/737
f 779/779/779 780/780/780 781/781/781
f 699/699/699 744/744/744 768/768/768
f 782/782/782 783/783/783 784/784/784
f 746/746/746 741/741/741 776/776/776
f 717/717/717 764/764/764 718/718/718
f 716/716/716 717/717/717 719/719/719
f 764/764/764 758/758/758 757/757/757
f 772/772/772 759/759/759 695/695/695
f 757/757/757 756/756/756 760/760/760
f 695/695/695 760/760/760 729/729/729
f 764/764/764 785/785/785 758/758/758
f 604/604/604 786/786/786 787/787/787
f 604/604/604 788/788/788 786/786/786
f 750/750/750 789/789/789 751/751/751
f 750/750/750 790/790/790 789/789/789
f 750/750/750 791/791/791 790/790/790
f 701/701/701 702/702/702 792/792/792
f 698/698/698 703/703/703 701/701/701
f 699/699/699 793/793/793 794/794/794
f 767/767/767 700/700/700 699/699/699
f 693/693/693 778/778/778 705/705/705
f 779/779/779 794/794/794 780/780/780
f 795/795/795 796/796/796 797/797/797
f 796/796/796 798/798/798 797/797/797
f 699/699/699 701/701/701 793/793/793
f 796/796/796 799/799/799 798/798/798
f 727/727/727 795/795/795 782/782/782
f 713/713/713 744/744/744 800/800/800
f 773/773/773 796/796/796 795/795/795
f 801/801/801 802/802/802 803/803/803
f 797/797/797 804/804/804 783/783/783
f 761/761/761 763/763/763 804/804/804
f 773/773/773 725/725/725 799/799/799
f 782/782/782 795/795/795 783/783/783
f 700/700/700 698/698/698 701/701/701
f 704/704/704 703/703/703 708/708/708
f 780/780/780 792/792/792 805/805/805
f 804/804/804 806/806/806 801/801/801
f 802/802/802 801/801/801 807/807/807
f 695/695/695 759/759/759 760/760/760
f 719/719/719 808/808/808 772/772/772
f 733/733/733 678/678/678 677/677/677
f 727/727/727 773/773/773 795/795/795
f 771/771/771 774/774/774 809/809/809
f 806/806/806 810/810/810 807/807/807
f 797/797/797 761/761/761 804/804/804
f 811/811/811 728/728/728 727/727/727
f 697/697/697 705/705/705 778/778/778
f 780/780/780 793/793/793 792/792/792
f 812/812/812 708/708/708 813/813/813
f 791/791/791 814/814/814 790/790/790
f 798/798/798 762/762/762 761/761/761
f 812/812/812 813/813/813 815/815/815
f 816/816/816 799/799/799 796/796/796
f 763/763/763 810/810/810 806/806/806
f 763/763/763 806/806/806 804/804/804
f 785/785/785 750/750/750 749/749/749
f 764/764/764 750/750/750 785/785/785
f 712/712/712 791/791/791 750/750/750
f 603/603/603 747/747/747 604/604/604
f 813/813/813 709/709/709 817/817/817
f 727/727/727 723/723/723 773/773/773
f 811/811/811 727/727/727 782/782/782
f 780/780/780 805/805/805 818/818/818
f 697/697/697 709/709/709 698/698/698
f 696/696/696 698/698/698 767/767/767
f 798/798/798 781/781/781 762/762/762
f 748/748/748 658/658/658 710/710/710
f 691/691/691 720/720/720 692/692/692
f 766/766/766 713/713/713 735/735/735
f 794/794/794 793/793/793 780/780/780
f 697/697/697 778/778/778 819/819/819
f 697/697/697 819/819/819 709/709/709
f 762/762/762 781/781/781 818/818/818
f 792/792/792 702/702/702 820/820/820
f 701/701/701 703/703/703 702/702/702
f 793/793/793 701/701/701 792/792/792
f 767/767/767 698/698/698 700/700/700
f 699/699/699 768/768/768 767/767/767
f 696/696/696 705/705/705 697/697/697
f 809/809/809 821/821/821 794/794/794
f 821/821/821 809/809/809 699/699/699
f 794/794/794 821/821/821 699/699/699
f 774/774/774 744/744/744 699/699/699
f 795/795/795 797/797/797 783/783/783
f 797/797/797 798/798/798 761/761/761
f 799/799/799 779/779/779 798/798/798
f 773/773/773 816/816/816 796/796/796
f 816/816/816 773/773/773 799/799/799
f 604/604/604 787/787/787 712/712/712
f 710/710/710 642/642/642 711/711/711
f 724/724/724 735/735/735 774/774/774
f 772/772/772 808/808/808 759/759/759
f 785/785/785 749/749/749 758/758/758
f 735/735/735 713/713/713 774/774/774
f 726/726/726 723/723/723 727/727/727
f 714/714/714 769/769/769 696/696/696
f 714/714/714 696/696/696 767/767/767
f 768/768/768 744/744/744 714/714/714
f 777/777/777 752/752/752 754/754/754
f 741/741/741 752/752/752 777/777/777
f 822/822/822 754/754/754 753/753/753
f 754/754/754 726/726/726 728/728/728
f 441/441/441 685/685/685 732/732/732
f 572/572/572 736/736/736 746/746/746
f 736/736/736 732/732/732 738/738/738
f 736/736/736 439/439/439 732/732/732
f 741/741/741 746/746/746 736/736/736
f 744/744/744 743/743/743 714/714/714
f 752/752/752 742/742/742 740/740/740
f 739/739/739 737/737/737 742/742/742
f 742/742/742 730/730/730 731/731/731
f 681/681/681 568/568/568 766/766/766
f 734/734/734 766/766/766 735/735/735
f 677/677/677 766/766/766 734/734/734
f 730/730/730 734/734/734 724/724/724
f 570/570/570 680/680/680 770/770/770
f 823/823/823 770/770/770 766/766/766
f 774/774/774 800/800/800 744/744/744
f 713/713/713 800/800/800 774/774/774
f 823/823/823 570/570/570 770/770/770
f 720/720/720 680/680/680 560/560/560
f 722/722/722 721/721/721 775/775/775
f 692/692/692 720/720/720 722/722/722
f 694/694/694 707/707/707 775/775/775
f 706/706/706 690/690/690 707/707/707
f 705/705/705 707/707/707 694/694/694
f 777/777/777 754/754/754 822/822/822
f 706/706/706 691/691/691 690/690/690
f 743/743/743 713/713/713 714/714/714
f 721/721/721 715/715/715 772/772/772
f 742/742/742 731/731/731 740/740/740
f 798/798/798 779/779/779 781/781/781
f 755/755/755 811/811/811 782/782/782
f 728/728/728 811/811/811 755/755/755
f 754/754/754 740/740/740 726/726/726
f 441/441/441 732/732/732 439/439/439
f 716/716/716 675/675/675 434/434/434
f 437/437/437 439/439/439 736/736/736
f 604/604/604 747/747/747 788/788/788
f 712/712/712 787/787/787 791/791/791
f 766/766/766 691/691/691 713/713/713
f 764/764/764 712/712/712 750/750/750
f 692/692/692 775/775/775 707/707/707
f 692/692/692 722/722/722 775/775/775
f 775/775/775 772/772/772 695/695/695
f 779/779/779 809/809/809 794/794/794
f 738/738/738 732/732/732 733/733/733
f 725/725/725 771/771/771 799/799/799
f 806/806/806 807/807/807 801/801/801
f 802/802/802 824/824/824 825/825/825
f 717/717/717 434/434/434 671/671/671
f 740/740/740 723/723/723 726/726/726
f 721/721/721 772/772/772 775/775/775
f 716/716/716 434/434/434 717/717/717
f 733/733/733 685/685/685 678/678/678
f 717/717/717 748/748/748 764/764/764
f 719/719/719 718/718/718 808/808/808
f 715/715/715 716/716/716 719/719/719
f 766/766/766 570/570/570 823/823/823
f 718/718/718 764/764/764 757/757/757
f 704/704/704 708/708/708 812/812/812
f 799/799/799 771/771/771 809/809/809
f 799/799/799 809/809/809 779/779/779
f 757/757/757 808/808/808 718/718/718
f 759/759/759 808/808/808 757/757/757
f 812/812/812 815/815/815 826/826/826
f 760/760/760 756/756/756 827/827/827
f 671/671/671 658/658/658 748/748/748
f 677/677/677 681/681/681 766/766/766
f 703/703/703 698/698/698 708/708/708
f 710/710/710 711/711/711 764/764/764
f 708/708/708 709/709/709 813/813/813
f 720/720/720 560/560/560 721/721/721
f 691/691/691 680/680/680 720/720/720
f 780/780/780 818/818/818 781/781/781
f 805/805/805 828/828/828 818/818/818
f 748/748/748 710/710/710 764/764/764
f 820/820/820 704/704/704 829/829/829
f 820/820/820 702/702/702 704/704/704
f 774/774/774 699/699/699 809/809/809
f 803/803/803 802/802/802 825/825/825
f 769/769/769 706/706/706 705/705/705
f 830/830/830 831/831/831 832/832/832
f 833/833/833 834/834/834 835/835/835
f 833/833/833 836/836/836 837/837/837
f 838/838/838 803/803/803 839/839/839
f 840/840/840 841/841/841 842/842/842
f 843/843/843 844/844/844 845/845/845
f 683/683/683 846/846/846 847/847/847
f 831/831/831 848/848/848 849/849/849
f 850/850/850 851/851/851 852/852/852
f 853/853/853 854/854/854 855/855/855
f 856/856/856 857/857/857 858/858/858
f 859/859/859 851/851/851 850/850/850
f 860/860/860 861/861/861 862/862/862
f 863/863/863 864/864/864 865/865/865
f 866/866/866 860/860/860 863/863/863
f 572/572/572 745/745/745 683/683/683
f 867/867/867 683/683/683 847/847/847
f 868/868/868 869/869/869 870/870/870
f 871/871/871 859/859/859 872/872/872
f 851/851/851 873/873/873 874/874/874
f 857/857/857 875/875/875 876/876/876
f 877/877/877 853/853/853 855/855/855
f 878/878/878 879/879/879 880/880/880
f 855/855/855 881/881/881 882/882/882
f 883/883/883 884/884/884 885/885/885
f 886/886/886 855/855/855 854/854/854
f 887/887/887 886/886/886 888/888/888
f 865/865/865 889/889/889 869/869/869
f 890/890/890 891/891/891 892/892/892
f 683/683/683 867/867/867 684/684/684
f 684/684/684 867/867/867 893/893/893
f 894/894/894 895/895/895 887/887/887
f 896/896/896 897/897/897 898/898/898
f 899/899/899 900/900/900 901/901/901
f 830/830/830 902/902/902 903/903/903
f 904/904/904 905/905/905 906/906/906
f 876/876/876 875/875/875 907/907/907
f 854/854/854 904/904/904 908/908/908
f 898/898/898 897/897/897 909/909/909
f 854/854/854 908/908/908 888/888/888
f 903/903/903 910/910/910 911/911/911
f 912/912/912 784/784/784 913/913/913
f 899/899/899 901/901/901 914/914/914
f 915/915/915 916/916/916 917/917/917
f 684/684/684 893/893/893 632/632/632
f 918/918/918 919/919/919 920/920/920
f 919/919/919 921/921/921 922/922/922
f 889/889/889 920/920/920 869/869/869
f 881/881/881 923/923/923 882/882/882
f 924/924/924 880/880/880 925/925/925
f 926/926/926 927/927/927 928/928/928
f 784/784/784 929/929/929 913/913/913
f 928/928/928 930/930/930 926/926/926
f 931/931/931 932/932/932 933/933/933
f 934/934/934 882/882/882 935/935/935
f 852/852/852 851/851/851 842/842/842
f 936/936/936 937/937/937 938/938/938
f 886/886/886 939/939/939 940/940/940
f 941/941/941 942/942/942 943/943/943
f 944/944/944 938/938/938 945/945/945
f 946/946/946 782/782/782 784/784/784
f 947/947/947 948/948/948 862/862/862
f 949/949/949 950/950/950 890/890/890
f 951/951/951 952/952/952 953/953/953
f 855/855/855 934/934/934 948/948/948
f 846/846/846 861/861/861 860/860/860
f 865/865/865 920/920/920 889/889/889
f 864/864/864 920/920/920 865/865/865
f 954/954/954 877/877/877 947/947/947
f 955/955/955 916/916/916 915/915/915
f 956/956/956 890/890/890 864/864/864
f 887/887/887 888/888/888 894/894/894
f 888/888/888 908/908/908 894/894/894
f 928/928/928 957/957/957 958/958/958
f 908/908/908 906/906/906 959/959/959
f 959/959/959 906/906/906 912/912/912
f 745/745/745 947/947/947 861/861/861
f 862/862/862 863/863/863 860/860/860
f 906/906/906 946/946/946 912/912/912
f 822/822/822 753/753/753 904/904/904
f 753/753/753 755/755/755 904/904/904
f 911/911/911 960/960/960 848/848/848
f 897/897/897 902/902/902 830/830/830
f 913/913/913 929/929/929 961/961/961
f 962/962/962 830/830/830 832/832/832
f 962/962/962 897/897/897 830/830/830
f 887/887/887 895/895/895 963/963/963
f 894/894/894 959/959/959 895/895/895
f 964/964/964 831/831/831 849/849/849
f 956/956/956 864/864/864 863/863/863
f 890/890/890 950/950/950 965/965/965
f 884/884/884 966/966/966 967/967/967
f 968/968/968 969/969/969 951/951/951
f 970/970/970 839/839/839 899/899/899
f 971/971/971 843/843/843 845/845/845
f 970/970/970 899/899/899 972/972/972
f 973/973/973 974/974/974 975/975/975
f 910/910/910 970/970/970 972/972/972
f 831/831/831 911/911/911 848/848/848
f 841/841/841 843/843/843 971/971/971
f 964/964/964 849/849/849 844/844/844
f 842/842/842 841/841/841 852/852/852
f 976/976/976 951/951/951 953/953/953
f 833/833/833 835/835/835 836/836/836
f 977/977/977 941/941/941 978/978/978
f 979/979/979 886/886/886 887/887/887
f 932/932/932 876/876/876 933/933/933
f 931/931/931 933/933/933 859/859/859
f 980/980/980 885/885/885 952/952/952
f 981/981/981 648/648/648 982/982/982
f 962/962/962 832/832/832 841/841/841
f 911/911/911 983/983/983 984/984/984
f 930/930/930 917/917/917 985/985/985
f 903/903/903 911/911/911 831/831/831
f 930/930/930 915/915/915 917/917/917
f 915/915/915 943/943/943 986/986/986
f 879/879/879 941/941/941 915/915/915
f 876/876/876 907/907/907 987/987/987
f 876/876/876 873/873/873 851/851/851
f 988/988/988 945/945/945 987/987/987
f 989/989/989 981/981/981 982/982/982
f 982/982/982 990/990/990 868/868/868
f 945/945/945 835/835/835 987/987/987
f 991/991/991 982/982/982 870/870/870
f 835/835/835 992/992/992 993/993/993
f 982/982/982 868/868/868 870/870/870
f 994/994/994 870/870/870 922/922/922
f 836/836/836 995/995/995 939/939/939
f 873/873/873 833/833/833 874/874/874
f 995/995/995 978/978/978 996/996/996
f 988/988/988 987/987/987 907/907/907
f 978/978/978 941/941/941 879/879/879
f 997/997/997 978/978/978 879/879/879
f 886/886/886 940/940/940 855/855/855
f 880/880/880 923/923/923 878/878/878
f 979/979/979 939/939/939 886/886/886
f 837/837/837 874/874/874 833/833/833
f 873/873/873 987/987/987 834/834/834
f 873/873/873 834/834/834 833/833/833
f 979/979/979 998/998/998 939/939/939
f 993/993/993 992/992/992 999/999/999
f 944/944/944 936/936/936 938/938/938
f 1000/1000/1000 856/856/856 858/858/858
f 928/928/928 879/879/879 930/930/930
f 923/923/923 997/997/997 878/878/878
f 857/857/857 876/876/876 932/932/932
f 683/683/683 745/745/745 846/846/846
f 871/871/871 858/858/858 931/931/931
f 871/871/871 931/931/931 859/859/859
f 938/938/938 937/937/937 1001/1001/1001
f 988/988/988 944/944/944 945/945/945
f 877/877/877 776/776/776 777/777/777
f 877/877/877 777/777/777 853/853/853
f 853/853/853 777/777/777 822/822/822
f 945/945/945 938/938/938 835/835/835
f 957/957/957 1002/1002/1002 1003/1003/1003
f 998/998/998 836/836/836 939/939/939
f 745/745/745 861/861/861 846/846/846
f 632/632/632 868/868/868 990/990/990
f 836/836/836 993/993/993 995/995/995
f 947/947/947 776/776/776 954/954/954
f 924/924/924 925/925/925 956/956/956
f 934/934/934 862/862/862 948/948/948
f 890/890/890 1004/1004/1004 1005/1005/1005
f 836/836/836 835/835/835 993/993/993
f 949/949/949 890/890/890 925/925/925
f 866/866/866 863/863/863 865/865/865
f 847/847/847 893/893/893 867/867/867
f 892/892/892 1006/1006/1006 918/918/918
f 924/924/924 882/882/882 880/880/880
f 877/877/877 855/855/855 948/948/948
f 1007/1007/1007 688/688/688 967/967/967
f 996/996/996 997/997/997 940/940/940
f 939/939/939 996/996/996 940/940/940
f 879/879/879 915/915/915 930/930/930
f 688/688/688 1008/1008/1008 650/650/650
f 934/934/934 855/855/855 882/882/882
f 930/930/930 1009/1009/1009 926/926/926
f 941/941/941 943/943/943 915/915/915
f 930/930/930 985/985/985 1009/1009/1009
f 899/899/899 914/914/914 972/972/972
f 972/972/972 914/914/914 1010/1010/1010
f 882/882/882 923/923/923 880/880/880
f 911/911/911 984/984/984 960/960/960
f 632/632/632 893/893/893 868/868/868
f 869/869/869 920/920/920 922/922/922
f 976/976/976 953/953/953 1011/1011/1011
f 952/952/952 981/981/981 989/989/989
f 982/982/982 647/647/647 990/990/990
f 890/890/890 892/892/892 918/918/918
f 864/864/864 890/890/890 918/918/918
f 636/636/636 648/648/648 981/981/981
f 969/969/969 980/980/980 951/951/951
f 884/884/884 1012/1012/1012 885/885/885
f 864/864/864 918/918/918 920/920/920
f 893/893/893 869/869/869 868/868/868
f 893/893/893 847/847/847 865/865/865
f 893/893/893 865/865/865 869/869/869
f 847/847/847 866/866/866 865/865/865
f 847/847/847 846/846/846 866/866/866
f 861/861/861 947/947/947 862/862/862
f 879/879/879 928/928/928 949/949/949
f 920/920/920 919/919/919 922/922/922
f 869/869/869 922/922/922 870/870/870
f 952/952/952 885/885/885 981/981/981
f 991/991/991 952/952/952 989/989/989
f 934/934/934 935/935/935 862/862/862
f 880/880/880 879/879/879 925/925/925
f 925/925/925 879/879/879 949/949/949
f 947/947/947 745/745/745 746/746/746
f 994/994/994 991/991/991 870/870/870
f 890/890/890 1005/1005/1005 891/891/891
f 1011/1011/1011 953/953/953 994/994/994
f 967/967/967 652/652/652 1012/1012/1012
f 1012/1012/1012 652/652/652 638/638/638
f 1012/1012/1012 638/638/638 636/636/636
f 883/883/883 885/885/885 980/980/980
f 885/885/885 636/636/636 981/981/981
f 991/991/991 953/953/953 952/952/952
f 885/885/885 1012/1012/1012 636/636/636
f 989/989/989 982/982/982 991/991/991
f 853/853/853 822/822/822 854/854/854
f 954/954/954 776/776/776 877/877/877
f 947/947/947 746/746/746 776/776/776
f 872/872/872 859/859/859 850/850/850
f 838/838/838 970/970/970 1013/1013/1013
f 803/803/803 825/825/825 839/839/839
f 956/956/956 925/925/925 890/890/890
f 857/857/857 1014/1014/1014 875/875/875
f 972/972/972 1010/1010/1010 983/983/983
f 976/976/976 1015/1015/1015 951/951/951
f 951/951/951 980/980/980 952/952/952
f 969/969/969 883/883/883 980/980/980
f 987/987/987 835/835/835 834/834/834
f 804/804/804 838/838/838 1016/1016/1016
f 783/783/783 804/804/804 929/929/929
f 784/784/784 783/783/783 929/929/929
f 822/822/822 904/904/904 854/854/854
f 755/755/755 782/782/782 904/904/904
f 977/977/977 942/942/942 941/941/941
f 907/907/907 875/875/875 988/988/988
f 830/830/830 903/903/903 831/831/831
f 966/966/966 1017/1017/1017 967/967/967
f 1001/1001/1001 977/977/977 978/978/978
f 835/835/835 938/938/938 992/992/992
f 992/992/992 938/938/938 1001/1001/1001
f 1001/1001/1001 937/937/937 977/977/977
f 855/855/855 923/923/923 881/881/881
f 888/888/888 886/886/886 854/854/854
f 940/940/940 997/997/997 923/923/923
f 1004/1004/1004 890/890/890 965/965/965
f 832/832/832 964/964/964 841/841/841
f 964/964/964 844/844/844 843/843/843
f 927/927/927 926/926/926 1018/1018/1018
f 897/897/897 961/961/961 902/902/902
f 896/896/896 913/913/913 961/961/961
f 909/909/909 897/897/897 962/962/962
f 990/990/990 647/647/647 632/632/632
f 895/895/895 913/913/913 896/896/896
f 973/973/973 958/958/958 974/974/974
f 949/949/949 928/928/928 958/958/958
f 971/971/971 845/845/845 1019/1019/1019
f 852/852/852 841/841/841 971/971/971
f 832/832/832 831/831/831 964/964/964
f 993/993/993 999/999/999 995/995/995
f 862/862/862 882/882/882 924/924/924
f 968/968/968 883/883/883 969/969/969
f 902/902/902 1013/1013/1013 910/910/910
f 852/852/852 971/971/971 850/850/850
f 839/839/839 900/900/900 899/899/899
f 902/902/902 838/838/838 1013/1013/1013
f 838/838/838 839/839/839 970/970/970
f 838/838/838 801/801/801 803/803/803
f 971/971/971 1019/1019/1019 850/850/850
f 961/961/961 929/929/929 1016/1016/1016
f 929/929/929 804/804/804 1016/1016/1016
f 904/904/904 782/782/782 905/905/905
f 979/979/979 898/898/898 909/909/909
f 963/963/963 895/895/895 896/896/896
f 883/883/883 1020/1020/1020 884/884/884
f 905/905/905 782/782/782 946/946/946
f 912/912/912 913/913/913 895/895/895
f 963/963/963 898/898/898 979/979/979
f 959/959/959 912/912/912 895/895/895
f 963/963/963 896/896/896 898/898/898
f 909/909/909 962/962/962 840/840/840
f 957/957/957 928/928/928 1002/1002/1002
f 926/926/926 1009/1009/1009 1018/1018/1018
f 908/908/908 959/959/959 894/894/894
f 947/947/947 877/877/877 948/948/948
f 909/909/909 840/840/840 837/837/837
f 858/858/858 857/857/857 932/932/932
f 896/896/896 961/961/961 897/897/897
f 902/902/902 910/910/910 903/903/903
f 902/902/902 1016/1016/1016 838/838/838
f 1021/1021/1021 1000/1000/1000 858/858/858
f 905/905/905 946/946/946 906/906/906
f 910/910/910 972/972/972 983/983/983
f 884/884/884 967/967/967 1012/1012/1012
f 953/953/953 991/991/991 994/994/994
f 982/982/982 648/648/648 647/647/647
f 1002/1002/1002 928/928/928 927/927/927
f 973/973/973 949/949/949 958/958/958
f 910/910/910 983/983/983 911/911/911
f 949/949/949 973/973/973 950/950/950
f 956/956/956 862/862/862 924/924/924
f 967/967/967 688/688/688 652/652/652
f 909/909/909 837/837/837 979/979/979
f 842/842/842 851/851/851 874/874/874
f 840/840/840 842/842/842 837/837/837
f 999/999/999 992/992/992 978/978/978
f 995/995/995 999/999/999 978/978/978
f 876/876/876 987/987/987 873/873/873
f 946/946/946 784/784/784 912/912/912
f 1013/1013/1013 970/970/970 910/910/910
f 837/837/837 998/998/998 979/979/979
f 862/862/862 935/935/935 882/882/882
f 837/837/837 836/836/836 998/998/998
f 842/842/842 874/874/874 837/837/837
f 839/839/839 825/825/825 900/900/900
f 992/992/992 1001/1001/1001 978/978/978
f 887/887/887 963/963/963 979/979/979
f 995/995/995 996/996/996 939/939/939
f 904/904/904 906/906/906 908/908/908
f 840/840/840 962/962/962 841/841/841
f 841/841/841 964/964/964 843/843/843
f 1017/1017/1017 1007/1007/1007 967/967/967
f 846/846/846 860/860/860 866/866/866
f 862/862/862 956/956/956 863/863/863
f 859/859/859 933/933/933 851/851/851
f 961/961/961 1016/1016/1016 902/902/902
f 804/804/804 801/801/801 838/838/838
f 851/851/851 933/933/933 876/876/876
f 931/931/931 858/858/858 932/932/932
f 940/940/940 923/923/923 855/855/855
f 997/997/997 879/879/879 878/878/878
f 996/996/996 978/978/978 997/997/997
f 1022/1022/1022 1023/1023/1023 1024/1024/1024
f 1025/1025/1025 1026/1026/1026 1027/1027/1027
f 1026/1026/1026 1028/1028/1028 1029/1029/1029
f 1030/1030/1030 1031/1031/1031 1032/1032/1032
f 1033/1033/1033 1030/1030/1030 1034/1034/1034
f 1026/1026/1026 1029/1029/1029 1027/1027/1027
f 1035/1035/1035 1025/1025/1025 1027/1027/1027
f 1036/1036/1036 1037/1037/1037 1038/1038/1038
f 1037/1037/1037 1039/1039/1039 1038/1038/1038
f 1040/1040/1040 1041/1041/1041 1042/1042/1042
f 1042/1042/1042 1041/1041/1041 1043/1043/1043
f 1030/1030/1030 1044/1044/1044 1025/1025/1025
f 1045/1045/1045 1034/1034/1034 1035/1035/1035
f 1046/1046/1046 1042/1042/1042 1047/1047/1047
f 1042/1042/1042 1043/1043/1043 1047/1047/1047
f 1033/1033/1033 1041/1041/1041 1040/1040/1040
f 1036/1036/1036 1047/1047/1047 1037/1037/1037
f 1025/1025/1025 1028/1028/1028 1026/1026/1026
f 1030/1030/1030 1025/1025/1025 1034/1034/1034
f 1022/1022/1022 1035/1035/1035 1023/1023/1023
f 1045/1045/1045 1022/1022/1022 1024/1024/1024
f 1043/1043/1043 1048/1048/1048 1039/1039/1039
f 1049/1049/1049 1050/1050/1050 1051/1051/1051
f 1043/1043/1043 1045/1045/1045 1048/1048/1048
f 1047/1047/1047 1043/1043/1043 1039/1039/1039
f 1025/1025/1025 1044/1044/1044 1028/1028/1028
f 1034/1034/1034 1025/1025/1025 1035/1035/1035
f 1033/1033/1033 1034/1034/1034 1041/1041/1041
f 1036/1036/1036 1046/1046/1046 1047/1047/1047
f 1051/1051/1051 1036/1036/1036 1038/1038/1038
f 1050/1050/1050 1036/1036/1036 1051/1051/1051
f 1045/1045/1045 1024/1024/1024 1048/1048/1048
f 1041/1041/1041 1045/1045/1045 1043/1043/1043
f 1041/1041/1041 1034/1034/1034 1045/1045/1045
f 1045/1045/1045 1035/1035/1035 1022/1022/1022
f 1035/1035/1035 1027/1027/1027 1023/1023/1023
f 1037/1037/1037 1047/1047/1047 1039/1039/1039
f 1052/1052/1052 1053/1053/1053 1054/1054/1054
f 1055/1055/1055 1056/1056/1056 1057/1057/1057
f 1058/1058/1058 1059/1059/1059 1060/1060/1060
f 1061/1061/1061 1062/1062/1062 1063/1063/1063
f 1064/1064/1064 1065/1065/1065 1066/1066/1066
f 1067/1067/1067 1068/1068/1068 1069/1069/1069
f 858/858/858 871/871/871 1070/1070/1070
f 1071/1071/1071 1072/1072/1072 1073/1073/1073
f 1074/1074/1074 1075/1075/1075 1076/1076/1076
f 848/848/848 960/960/960 1077/1077/1077
f 1078/1078/1078 1079/1079/1079 1080/1080/1080
f 1081/1081/1081 1082/1082/1082 1083/1083/1083
f 1084/1084/1084 1085/1085/1085 1086/1086/1086
f 1087/1087/1087 1082/1082/1082 1088/1088/1088
f 1089/1089/1089 1085/1085/1085 1084/1084/1084
f 1090/1090/1090 1080/1080/1080 1089/1089/1089
f 1091/1091/1091 1092/1092/1092 1093/1093/1093
f 1094/1094/1094 1095/1095/1095 1096/1096/1096
f 1097/1097/1097 1098/1098/1098 1099/1099/1099
f 1100/1100/1100 1101/1101/1101 1102/1102/1102
f 1103/1103/1103 1104/1104/1104 1105/1105/1105
f 1071/1071/1071 1073/1073/1073 1106/1106/1106
f 1107/1107/1107 1108/1108/1108 1102/1102/1102
f 1109/1109/1109 1069/1069/1069 1110/1110/1110
f 1111/1111/1111 1112/1112/1112 1070/1070/1070
f 1113/1113/1113 1114/1114/1114 1115/1115/1115
f 1115/1115/1115 1114/1114/1114 1116/1116/1116
f 1117/1117/1117 1116/1116/1116 1118/1118/1118
f 1077/1077/1077 1119/1119/1119 1120/1120/1120
f 1121/1121/1121 1103/1103/1103 1122/1122/1122
f 1119/1119/1119 1091/1091/1091 1120/1120/1120
f 1123/1123/1123 1094/1094/1094 1124/1124/1124
f 960/960/960 1074/1074/1074 1077/1077/1077
f 1010/1010/1010 1125/1125/1125 1126/1126/1126
f 849/849/849 848/848/848 1077/1077/1077
f 872/872/872 850/850/850 1127/1127/1127
f 1019/1019/1019 845/845/845 1121/1121/1121
f 1103/1103/1103 1128/1128/1128 1104/1104/1104
f 1129/1129/1129 1130/1130/1130 1131/1131/1131
f 1132/1132/1132 1133/1133/1133 1134/1134/1134
f 1135/1135/1135 1136/1136/1136 1137/1137/1137
f 1138/1138/1138 1139/1139/1139 1061/1061/1061
f 1140/1140/1140 1141/1141/1141 1058/1058/1058
f 1140/1140/1140 1129/1129/1129 1141/1141/1141
f 1142/1142/1142 1063/1063/1063 1064/1064/1064
f 1142/1142/1142 1064/1064/1064 1066/1066/1066
f 1143/1143/1143 1059/1059/1059 1063/1063/1063
f 1064/1064/1064 1063/1063/1063 1139/1139/1139
f 1143/1143/1143 1144/1144/1144 1059/1059/1059
f 850/850/850 1019/1019/1019 1127/1127/1127
f 1059/1059/1059 1061/1061/1061 1063/1063/1063
f 1058/1058/1058 1141/1141/1141 1059/1059/1059
f 1145/1145/1145 1146/1146/1146 1142/1142/1142
f 1147/1147/1147 1148/1148/1148 1149/1149/1149
f 1098/1098/1098 1081/1081/1081 1067/1067/1067
f 1150/1150/1150 1151/1151/1151 1152/1152/1152
f 1107/1107/1107 1153/1153/1153 1108/1108/1108
f 1154/1154/1154 1071/1071/1071 1155/1155/1155
f 1086/1086/1086 1154/1154/1154 1156/1156/1156
f 1151/1151/1151 1157/1157/1157 1158/1158/1158
f 1159/1159/1159 1068/1068/1068 1160/1160/1160
f 1155/1155/1155 1071/1071/1071 1106/1106/1106
f 1148/1148/1148 1161/1161/1161 1146/1146/1146
f 1162/1162/1162 1163/1163/1163 1164/1164/1164
f 1165/1165/1165 1166/1166/1166 1167/1167/1167
f 1168/1168/1168 1169/1169/1169 1170/1170/1170
f 1171/1171/1171 1122/1122/1122 1172/1172/1172
f 1161/1161/1161 1144/1144/1144 1143/1143/1143
f 1102/1102/1102 1101/1101/1101 1173/1173/1173
f 1174/1174/1174 1089/1089/1089 1084/1084/1084
f 1137/1137/1137 1175/1175/1175 1148/1148/1148
f 1176/1176/1176 1177/1177/1177 1178/1178/1178
f 1175/1175/1175 1060/1060/1060 1144/1144/1144
f 1068/1068/1068 1152/1152/1152 1160/1160/1160
f 1179/1179/1179 1170/1170/1170 1165/1165/1165
f 1152/1152/1152 1158/1158/1158 1160/1160/1160
f 1083/1083/1083 1150/1150/1150 1180/1180/1180
f 1181/1181/1181 1182/1182/1182 1169/1169/1169
f 1183/1183/1183 1184/1184/1184 1134/1134/1134
f 1048/1048/1048 1135/1135/1135 1039/1039/1039
f 1133/1133/1133 1168/1168/1168 1134/1134/1134
f 1133/1133/1133 1164/1164/1164 1181/1181/1181
f 1039/1039/1039 1135/1135/1135 1147/1147/1147
f 1162/1162/1162 1164/1164/1164 1133/1133/1133
f 1184/1184/1184 1139/1139/1139 1132/1132/1132
f 1173/1173/1173 1185/1185/1185 1107/1107/1107
f 1121/1121/1121 1128/1128/1128 1103/1103/1103
f 960/960/960 984/984/984 1074/1074/1074
f 1077/1077/1077 1186/1186/1186 1119/1119/1119
f 1135/1135/1135 1137/1137/1137 1147/1147/1147
f 914/914/914 1187/1187/1187 1188/1188/1188
f 1189/1189/1189 1058/1058/1058 1060/1060/1060
f 1070/1070/1070 1021/1021/1021 858/858/858
f 1139/1139/1139 1133/1133/1133 1132/1132/1132
f 1189/1189/1189 1140/1140/1140 1058/1058/1058
f 845/845/845 844/844/844 1128/1128/1128
f 1148/1148/1148 1175/1175/1175 1161/1161/1161
f 1059/1059/1059 1141/1141/1141 1061/1061/1061
f 1064/1064/1064 1139/1139/1139 1190/1190/1190
f 1065/1065/1065 1118/1118/1118 1191/1191/1191
f 1192/1192/1192 1193/1193/1193 1115/1115/1115
f 1094/1094/1094 1194/1194/1194 1095/1095/1095
f 1111/1111/1111 1070/1070/1070 1108/1108/1108
f 1067/1067/1067 1081/1081/1081 1180/1180/1180
f 1096/1096/1096 1095/1095/1095 1195/1195/1195
f 1196/1196/1196 1056/1056/1056 1055/1055/1055
f 1111/1111/1111 1057/1057/1057 1112/1112/1112
f 1165/1165/1165 1167/1167/1167 1197/1197/1197
f 1169/1169/1169 1198/1198/1198 1196/1196/1196
f 1130/1130/1130 1199/1199/1199 1131/1131/1131
f 1185/1185/1185 1153/1153/1153 1107/1107/1107
f 1052/1052/1052 1200/1200/1200 1130/1130/1130
f 1197/1197/1197 1185/1185/1185 1173/1173/1173
f 1182/1182/1182 1201/1201/1201 1202/1202/1202
f 1048/1048/1048 1203/1203/1203 1135/1135/1135
f 1204/1204/1204 1205/1205/1205 1140/1140/1140
f 1164/1164/1164 1163/1163/1163 1201/1201/1201
f 1165/1165/1165 1170/1170/1170 1166/1166/1166
f 1024/1024/1024 1023/1023/1023 1203/1203/1203
f 1203/1203/1203 1206/1206/1206 1204/1204/1204
f 1207/1207/1207 1183/1183/1183 1179/1179/1179
f 1179/1179/1179 1168/1168/1168 1170/1170/1170
f 1205/1205/1205 1052/1052/1052 1140/1140/1140
f 1184/1184/1184 1132/1132/1132 1134/1134/1134
f 1206/1206/1206 1027/1027/1027 1208/1208/1208
f 1027/1027/1027 1206/1206/1206 1023/1023/1023
f 1118/1118/1118 1065/1065/1065 1190/1190/1190
f 1183/1183/1183 1118/1118/1118 1184/1184/1184
f 1138/1138/1138 1061/1061/1061 1162/1162/1162
f 1206/1206/1206 1208/1208/1208 1205/1205/1205
f 1138/1138/1138 1162/1162/1162 1133/1133/1133
f 1184/1184/1184 1190/1190/1190 1139/1139/1139
f 1139/1139/1139 1138/1138/1138 1133/1133/1133
f 1061/1061/1061 1141/1141/1141 1209/1209/1209
f 1196/1196/1196 1198/1198/1198 1056/1056/1056
f 1167/1167/1167 1166/1166/1166 1197/1197/1197
f 1140/1140/1140 1052/1052/1052 1130/1130/1130
f 1052/1052/1052 1208/1208/1208 1053/1053/1053
f 1203/1203/1203 1023/1023/1023 1206/1206/1206
f 1061/1061/1061 1209/1209/1209 1162/1162/1162
f 1181/1181/1181 1164/1164/1164 1182/1182/1182
f 1168/1168/1168 1181/1181/1181 1169/1169/1169
f 1162/1162/1162 1210/1210/1210 1163/1163/1163
f 1164/1164/1164 1201/1201/1201 1182/1182/1182
f 1169/1169/1169 1182/1182/1182 1198/1198/1198
f 1065/1065/1065 1191/1191/1191 1066/1066/1066
f 1148/1148/1148 1146/1146/1146 1145/1145/1145
f 1137/1137/1137 1189/1189/1189 1175/1175/1175
f 1211/1211/1211 1210/1210/1210 1162/1162/1162
f 1183/1183/1183 1134/1134/1134 1179/1179/1179
f 1056/1056/1056 1212/1212/1212 1213/1213/1213
f 1205/1205/1205 1208/1208/1208 1052/1052/1052
f 1209/1209/1209 1211/1211/1211 1162/1162/1162
f 1129/1129/1129 1211/1211/1211 1209/1209/1209
f 1175/1175/1175 1144/1144/1144 1161/1161/1161
f 1139/1139/1139 1063/1063/1063 1062/1062/1062
f 1064/1064/1064 1190/1190/1190 1065/1065/1065
f 1179/1179/1179 1165/1165/1165 1207/1207/1207
f 1206/1206/1206 1205/1205/1205 1204/1204/1204
f 1140/1140/1140 1130/1130/1130 1129/1129/1129
f 1170/1170/1170 1196/1196/1196 1166/1166/1166
f 1118/1118/1118 1190/1190/1190 1184/1184/1184
f 1134/1134/1134 1168/1168/1168 1179/1179/1179
f 1136/1136/1136 1189/1189/1189 1137/1137/1137
f 1085/1085/1085 1080/1080/1080 1071/1071/1071
f 1090/1090/1090 1214/1214/1214 1078/1078/1078
f 1090/1090/1090 1215/1215/1215 1214/1214/1214
f 1216/1216/1216 1195/1195/1195 1177/1177/1177
f 1082/1082/1082 1084/1084/1084 1150/1150/1150
f 1086/1086/1086 1071/1071/1071 1154/1154/1154
f 1082/1082/1082 1174/1174/1174 1084/1084/1084
f 1085/1085/1085 1089/1089/1089 1080/1080/1080
f 1087/1087/1087 1174/1174/1174 1082/1082/1082
f 1174/1174/1174 1176/1176/1176 1089/1089/1089
f 1176/1176/1176 1090/1090/1090 1089/1089/1089
f 1176/1176/1176 1178/1178/1178 1090/1090/1090
f 1217/1217/1217 1176/1176/1176 1174/1174/1174
f 1218/1218/1218 1216/1216/1216 1176/1176/1176
f 1219/1219/1219 1091/1091/1091 1218/1218/1218
f 1081/1081/1081 1083/1083/1083 1180/1180/1180
f 1220/1220/1220 1145/1145/1145 1221/1221/1221
f 1222/1222/1222 1088/1088/1088 1081/1081/1081
f 1223/1223/1223 1224/1224/1224 1088/1088/1088
f 1224/1224/1224 1087/1087/1087 1088/1088/1088
f 1197/1197/1197 1099/1099/1099 1109/1109/1109
f 1066/1066/1066 1191/1191/1191 1225/1225/1225
f 1099/1099/1099 1098/1098/1098 1109/1109/1109
f 1069/1069/1069 1159/1159/1159 1113/1113/1113
f 1191/1191/1191 1114/1114/1114 1226/1226/1226
f 1105/1105/1105 1104/1104/1104 1223/1223/1223
f 1116/1116/1116 1114/1114/1114 1191/1191/1191
f 1227/1227/1227 1228/1228/1228 1229/1229/1229
f 1100/1100/1100 1105/1105/1105 1223/1223/1223
f 1173/1173/1173 1099/1099/1099 1197/1197/1197
f 1173/1173/1173 1101/1101/1101 1097/1097/1097
f 1173/1173/1173 1097/1097/1097 1099/1099/1099
f 1097/1097/1097 1222/1222/1222 1098/1098/1098
f 1100/1100/1100 1223/1223/1223 1097/1097/1097
f 1102/1102/1102 1172/1172/1172 1100/1100/1100
f 1097/1097/1097 1223/1223/1223 1222/1222/1222
f 1224/1224/1224 1217/1217/1217 1087/1087/1087
f 1124/1124/1124 1094/1094/1094 1096/1096/1096
f 1172/1172/1172 1105/1105/1105 1100/1100/1100
f 1172/1172/1172 1122/1122/1122 1105/1105/1105
f 1066/1066/1066 1225/1225/1225 1230/1230/1230
f 1093/1093/1093 1096/1096/1096 1216/1216/1216
f 1219/1219/1219 1218/1218/1218 1217/1217/1217
f 1104/1104/1104 1231/1231/1231 1224/1224/1224
f 1232/1232/1232 1220/1220/1220 1233/1233/1233
f 1109/1109/1109 1067/1067/1067 1069/1069/1069
f 1234/1234/1234 1155/1155/1155 1106/1106/1106
f 1106/1106/1106 1073/1073/1073 1235/1235/1235
f 1075/1075/1075 1125/1125/1125 1236/1236/1236
f 1145/1145/1145 1142/1142/1142 1221/1221/1221
f 1119/1119/1119 1076/1076/1076 1091/1091/1091
f 1027/1027/1027 1029/1029/1029 1237/1237/1237
f 1171/1171/1171 871/871/871 1127/1127/1127
f 1146/1146/1146 1063/1063/1063 1142/1142/1142
f 1147/1147/1147 1149/1149/1149 1228/1228/1228
f 1161/1161/1161 1143/1143/1143 1146/1146/1146
f 1039/1039/1039 1147/1147/1147 1038/1038/1038
f 1147/1147/1147 1137/1137/1137 1148/1148/1148
f 1165/1165/1165 1109/1109/1109 1110/1110/1110
f 1193/1193/1193 1069/1069/1069 1113/1113/1113
f 1110/1110/1110 1069/1069/1069 1193/1193/1193
f 1060/1060/1060 1059/1059/1059 1144/1144/1144
f 1118/1118/1118 1116/1116/1116 1191/1191/1191
f 1117/1117/1117 1115/1115/1115 1116/1116/1116
f 1183/1183/1183 1192/1192/1192 1117/1117/1117
f 1127/1127/1127 1019/1019/1019 1121/1121/1121
f 1128/1128/1128 844/844/844 1120/1120/1120
f 844/844/844 849/849/849 1077/1077/1077
f 1088/1088/1088 1082/1082/1082 1081/1081/1081
f 1084/1084/1084 1086/1086/1086 1150/1150/1150
f 1196/1196/1196 1055/1055/1055 1153/1153/1153
f 1196/1196/1196 1153/1153/1153 1185/1185/1185
f 1153/1153/1153 1111/1111/1111 1108/1108/1108
f 1102/1102/1102 1108/1108/1108 1171/1171/1171
f 1057/1057/1057 1238/1238/1238 1021/1021/1021
f 1113/1113/1113 1239/1239/1239 1240/1240/1240
f 1150/1150/1150 1156/1156/1156 1151/1151/1151
f 1156/1156/1156 1154/1154/1154 1155/1155/1155
f 1156/1156/1156 1155/1155/1155 1151/1151/1151
f 1150/1150/1150 1152/1152/1152 1180/1180/1180
f 1155/1155/1155 1234/1234/1234 1151/1151/1151
f 1152/1152/1152 1151/1151/1151 1158/1158/1158
f 1180/1180/1180 1152/1152/1152 1068/1068/1068
f 1189/1189/1189 1060/1060/1060 1175/1175/1175
f 1038/1038/1038 1147/1147/1147 1228/1228/1228
f 1143/1143/1143 1063/1063/1063 1146/1146/1146
f 1170/1170/1170 1169/1169/1169 1196/1196/1196
f 1057/1057/1057 1056/1056/1056 1213/1213/1213
f 1136/1136/1136 1204/1204/1204 1189/1189/1189
f 1203/1203/1203 1204/1204/1204 1136/1136/1136
f 1129/1129/1129 1209/1209/1209 1141/1141/1141
f 1027/1027/1027 1237/1237/1237 1208/1208/1208
f 1151/1151/1151 1234/1234/1234 1157/1157/1157
f 1159/1159/1159 1160/1160/1160 1113/1113/1113
f 1038/1038/1038 1228/1228/1228 1227/1227/1227
f 1098/1098/1098 1067/1067/1067 1109/1109/1109
f 1104/1104/1104 1224/1224/1224 1223/1223/1223
f 1228/1228/1228 1149/1149/1149 1232/1232/1232
f 1228/1228/1228 1232/1232/1232 1229/1229/1229
f 1229/1229/1229 1232/1232/1232 1241/1241/1241
f 1142/1142/1142 1230/1230/1230 1221/1221/1221
f 1171/1171/1171 1172/1172/1172 1102/1102/1102
f 1220/1220/1220 1221/1221/1221 1233/1233/1233
f 1100/1100/1100 1097/1097/1097 1101/1101/1101
f 1092/1092/1092 1096/1096/1096 1093/1093/1093
f 1091/1091/1091 1093/1093/1093 1218/1218/1218
f 1216/1216/1216 1177/1177/1177 1176/1176/1176
f 1217/1217/1217 1174/1174/1174 1087/1087/1087
f 1239/1239/1239 1242/1242/1242 1240/1240/1240
f 1085/1085/1085 1071/1071/1071 1086/1086/1086
f 1082/1082/1082 1150/1150/1150 1083/1083/1083
f 1096/1096/1096 1195/1195/1195 1216/1216/1216
f 1178/1178/1178 1215/1215/1215 1090/1090/1090
f 1177/1177/1177 1215/1215/1215 1178/1178/1178
f 1106/1106/1106 1243/1243/1243 1157/1157/1157
f 1149/1149/1149 1148/1148/1148 1145/1145/1145
f 1090/1090/1090 1078/1078/1078 1080/1080/1080
f 1240/1240/1240 1244/1244/1244 1245/1245/1245
f 1080/1080/1080 1079/1079/1079 1071/1071/1071
f 1160/1160/1160 1246/1246/1246 1239/1239/1239
f 1079/1079/1079 1072/1072/1072 1071/1071/1071
f 1239/1239/1239 1246/1246/1246 1247/1247/1247
f 1234/1234/1234 1106/1106/1106 1157/1157/1157
f 1165/1165/1165 1110/1110/1110 1207/1207/1207
f 1114/1114/1114 1248/1248/1248 1226/1226/1226
f 1183/1183/1183 1117/1117/1117 1118/1118/1118
f 1066/1066/1066 1230/1230/1230 1142/1142/1142
f 1191/1191/1191 1226/1226/1226 1225/1225/1225
f 1106/1106/1106 1235/1235/1235 1243/1243/1243
f 1207/1207/1207 1110/1110/1110 1192/1192/1192
f 1230/1230/1230 1225/1225/1225 1221/1221/1221
f 1197/1197/1197 1109/1109/1109 1165/1165/1165
f 1192/1192/1192 1115/1115/1115 1117/1117/1117
f 1240/1240/1240 1242/1242/1242 1244/1244/1244
f 1193/1193/1193 1113/1113/1113 1115/1115/1115
f 1207/1207/1207 1192/1192/1192 1183/1183/1183
f 1110/1110/1110 1193/1193/1193 1192/1192/1192
f 1242/1242/1242 1247/1247/1247 1244/1244/1244
f 1246/1246/1246 1158/1158/1158 1157/1157/1157
f 1168/1168/1168 1133/1133/1133 1181/1181/1181
f 1242/1242/1242 1239/1239/1239 1247/1247/1247
f 1139/1139/1139 1062/1062/1062 1061/1061/1061
f 1048/1048/1048 1024/1024/1024 1203/1203/1203
f 1114/1114/1114 1245/1245/1245 1248/1248/1248
f 1112/1112/1112 1057/1057/1057 1021/1021/1021
f 1021/1021/1021 1238/1238/1238 1000/1000/1000
f 1052/1052/1052 1054/1054/1054 1200/1200/1200
f 1057/1057/1057 1213/1213/1213 1238/1238/1238
f 1128/1128/1128 1120/1120/1120 1104/1104/1104
f 845/845/845 1128/1128/1128 1121/1121/1121
f 1103/1103/1103 1105/1105/1105 1122/1122/1122
f 1127/1127/1127 1121/1121/1121 1122/1122/1122
f 844/844/844 1077/1077/1077 1120/1120/1120
f 1150/1150/1150 1086/1086/1086 1156/1156/1156
f 1160/1160/1160 1239/1239/1239 1113/1113/1113
f 1223/1223/1223 1088/1088/1088 1222/1222/1222
f 1108/1108/1108 1070/1070/1070 1171/1171/1171
f 1070/1070/1070 1112/1112/1112 1021/1021/1021
f 1102/1102/1102 1173/1173/1173 1107/1107/1107
f 1153/1153/1153 1055/1055/1055 1111/1111/1111
f 1055/1055/1055 1057/1057/1057 1111/1111/1111
f 1120/1120/1120 1231/1231/1231 1104/1104/1104
f 1185/1185/1185 1166/1166/1166 1196/1196/1196
f 1197/1197/1197 1166/1166/1166 1185/1185/1185
f 983/983/983 1010/1010/1010 1126/1126/1126
f 1076/1076/1076 1124/1124/1124 1092/1092/1092
f 984/984/984 1125/1125/1125 1074/1074/1074
f 1075/1075/1075 1123/1123/1123 1076/1076/1076
f 1074/1074/1074 1076/1076/1076 1186/1186/1186
f 1075/1075/1075 1236/1236/1236 1123/1123/1123
f 1232/1232/1232 1145/1145/1145 1220/1220/1220
f 1241/1241/1241 1232/1232/1232 1233/1233/1233
f 1114/1114/1114 1113/1113/1113 1245/1245/1245
f 1051/1051/1051 1038/1038/1038 1227/1227/1227
f 1160/1160/1160 1158/1158/1158 1246/1246/1246
f 1149/1149/1149 1145/1145/1145 1232/1232/1232
f 1231/1231/1231 1219/1219/1219 1217/1217/1217
f 1067/1067/1067 1180/1180/1180 1068/1068/1068
f 1092/1092/1092 1124/1124/1124 1096/1096/1096
f 1077/1077/1077 1074/1074/1074 1186/1186/1186
f 1072/1072/1072 1249/1249/1249 1073/1073/1073
f 1194/1194/1194 1250/1250/1250 1095/1095/1095
f 1122/1122/1122 1171/1171/1171 1127/1127/1127
f 1127/1127/1127 871/871/871 872/872/872
f 1171/1171/1171 1070/1070/1070 871/871/871
f 1123/1123/1123 1236/1236/1236 1194/1194/1194
f 1123/1123/1123 1194/1194/1194 1094/1094/1094
f 1125/1125/1125 1188/1188/1188 1236/1236/1236
f 1010/1010/1010 914/914/914 1188/1188/1188
f 1125/1125/1125 1010/1010/1010 1188/1188/1188
f 1219/1219/1219 1120/1120/1120 1091/1091/1091
f 1076/1076/1076 1092/1092/1092 1091/1091/1091
f 1119/1119/1119 1186/1186/1186 1076/1076/1076
f 1076/1076/1076 1123/1123/1123 1124/1124/1124
f 984/984/984 1126/1126/1126 1125/1125/1125
f 1074/1074/1074 1125/1125/1125 1075/1075/1075
f 984/984/984 983/983/983 1126/1126/1126
f 1218/1218/1218 1176/1176/1176 1217/1217/1217
f 1093/1093/1093 1216/1216/1216 1218/1218/1218
f 1222/1222/1222 1081/1081/1081 1098/1098/1098
f 1231/1231/1231 1217/1217/1217 1224/1224/1224
f 1068/1068/1068 1159/1159/1159 1069/1069/1069
f 1113/1113/1113 1240/1240/1240 1245/1245/1245
f 1231/1231/1231 1120/1120/1120 1219/1219/1219
f 1203/1203/1203 1136/1136/1136 1135/1135/1135
f 1204/1204/1204 1140/1140/1140 1189/1189/1189
f 1251/1251/1251 1252/1252/1252 1253/1253/1253
f 1254/1254/1254 1255/1255/1255 1256/1256/1256
f 1257/1257/1257 1258/1258/1258 1259/1259/1259
f 1248/1248/1248 1254/1254/1254 1226/1226/1226
f 1260/1260/1260 1245/1245/1245 1255/1255/1255
f 1261/1261/1261 1257/1257/1257 1262/1262/1262
f 1263/1263/1263 1264/1264/1264 1265/1265/1265
f 1244/1244/1244 1266/1266/1266 1267/1267/1267
f 1268/1268/1268 1269/1269/1269 1270/1270/1270
f 1271/1271/1271 1272/1272/1272 1273/1273/1273
f 1274/1274/1274 1275/1275/1275 1271/1271/1271
f 1276/1276/1276 1277/1277/1277 1251/1251/1251
f 1241/1241/1241 1233/1233/1233 1278/1278/1278
f 1279/1279/1279 1280/1280/1280 1281/1281/1281
f 1282/1282/1282 1283/1283/1283 1284/1284/1284
f 1285/1285/1285 1286/1286/1286 1287/1287/1287
f 1256/1256/1256 1288/1288/1288 1272/1272/1272
f 1289/1289/1289 1290/1290/1290 1291/1291/1291
f 1292/1292/1292 1293/1293/1293 1294/1294/1294
f 1289/1289/1289 1291/1291/1291 1295/1295/1295
f 1296/1296/1296 1297/1297/1297 1298/1298/1298
f 1299/1299/1299 1300/1300/1300 1301/1301/1301
f 1285/1285/1285 1302/1302/1302 1286/1286/1286
f 1297/1297/1297 1290/1290/1290 1303/1303/1303
f 1246/1246/1246 1304/1304/1304 1266/1266/1266
f 1243/1243/1243 1305/1305/1305 1306/1306/1306
f 1272/1272/1272 1302/1302/1302 1287/1287/1287
f 1296/1296/1296 1298/1298/1298 1307/1307/1307
f 1297/1297/1297 1299/1299/1299 1308/1308/1308
f 1264/1264/1264 1282/1282/1282 1284/1284/1284
f 1292/1292/1292 1309/1309/1309 1293/1293/1293
f 1292/1292/1292 1310/1310/1310 1309/1309/1309
f 1266/1266/1266 1292/1292/1292 1311/1311/1311
f 1247/1247/1247 1266/1266/1266 1244/1244/1244
f 1274/1274/1274 1256/1256/1256 1275/1275/1275
f 1310/1310/1310 1266/1266/1266 1304/1304/1304
f 1246/1246/1246 1157/1157/1157 1304/1304/1304
f 1312/1312/1312 1313/1313/1313 1314/1314/1314
f 1315/1315/1315 1284/1284/1284 1316/1316/1316
f 1317/1317/1317 1262/1262/1262 1318/1318/1318
f 1319/1319/1319 1320/1320/1320 1321/1321/1321
f 1284/1284/1284 1283/1283/1283 1316/1316/1316
f 1286/1286/1286 1282/1282/1282 1263/1263/1263
f 1322/1322/1322 1323/1323/1323 1300/1300/1300
f 1324/1324/1324 1325/1325/1325 1323/1323/1323
f 1323/1323/1323 1301/1301/1301 1300/1300/1300
f 1290/1290/1290 1301/1301/1301 1326/1326/1326
f 1324/1324/1324 1327/1327/1327 1328/1328/1328
f 1325/1325/1325 1324/1324/1324 1312/1312/1312
f 1312/1312/1312 1314/1314/1314 1329/1329/1329
f 1244/1244/1244 1267/1267/1267 1255/1255/1255
f 1260/1260/1260 1255/1255/1255 1254/1254/1254
f 1255/1255/1255 1267/1267/1267 1256/1256/1256
f 1330/1330/1330 1331/1331/1331 1332/1332/1332
f 1281/1281/1281 1333/1333/1333 1334/1334/1334
f 1335/1335/1335 1334/1334/1334 1333/1333/1333
f 1336/1336/1336 1337/1337/1337 1283/1283/1283
f 1297/1297/1297 1308/1308/1308 1290/1290/1290
f 1270/1270/1270 1338/1338/1338 1258/1258/1258
f 1270/1270/1270 1339/1339/1339 1340/1340/1340
f 1226/1226/1226 1254/1254/1254 1341/1341/1341
f 1342/1342/1342 1322/1322/1322 1336/1336/1336
f 1337/1337/1337 1343/1343/1343 1296/1296/1296
f 1315/1315/1315 1332/1332/1332 1284/1284/1284
f 1344/1344/1344 1326/1326/1326 1345/1345/1345
f 1273/1273/1273 1287/1287/1287 1346/1346/1346
f 1277/1277/1277 1347/1347/1347 1252/1252/1252
f 1340/1340/1340 1346/1346/1346 1276/1276/1276
f 1252/1252/1252 1347/1347/1347 1253/1253/1253
f 1347/1347/1347 1265/1265/1265 1253/1253/1253
f 1348/1348/1348 1349/1349/1349 1350/1350/1350
f 1351/1351/1351 1316/1316/1316 1352/1352/1352
f 1353/1353/1353 1307/1307/1307 1303/1303/1303
f 1354/1354/1354 1303/1303/1303 1355/1355/1355
f 1245/1245/1245 1244/1244/1244 1255/1255/1255
f 1288/1288/1288 1356/1356/1356 1342/1342/1342
f 1356/1356/1356 1324/1324/1324 1322/1322/1322
f 1294/1294/1294 1356/1356/1356 1288/1288/1288
f 1357/1357/1357 1257/1257/1257 1261/1261/1261
f 1288/1288/1288 1302/1302/1302 1272/1272/1272
f 1343/1343/1343 1297/1297/1297 1296/1296/1296
f 1328/1328/1328 1313/1313/1313 1324/1324/1324
f 1301/1301/1301 1358/1358/1358 1326/1326/1326
f 1325/1325/1325 1301/1301/1301 1323/1323/1323
f 1300/1300/1300 1299/1299/1299 1343/1343/1343
f 1289/1289/1289 1295/1295/1295 1359/1359/1359
f 1288/1288/1288 1342/1342/1342 1302/1302/1302
f 1302/1302/1302 1342/1342/1342 1286/1286/1286
f 1360/1360/1360 1361/1361/1361 1362/1362/1362
f 1307/1307/1307 1298/1298/1298 1303/1303/1303
f 1335/1335/1335 1363/1363/1363 1334/1334/1334
f 1254/1254/1254 1256/1256/1256 1274/1274/1274
f 1263/1263/1263 1282/1282/1282 1264/1264/1264
f 1364/1364/1364 1348/1348/1348 1350/1350/1350
f 1352/1352/1352 1316/1316/1316 1283/1283/1283
f 1301/1301/1301 1365/1365/1365 1358/1358/1358
f 1325/1325/1325 1312/1312/1312 1301/1301/1301
f 1320/1320/1320 1335/1335/1335 1333/1333/1333
f 1348/1348/1348 1253/1253/1253 1349/1349/1349
f 1051/1051/1051 1227/1227/1227 1366/1366/1366
f 1268/1268/1268 1341/1341/1341 1367/1367/1367
f 1319/1319/1319 1368/1368/1368 1320/1320/1320
f 1335/1335/1335 1369/1369/1369 1363/1363/1363
f 1258/1258/1258 1338/1338/1338 1370/1370/1370
f 1369/1369/1369 1364/1364/1364 1363/1363/1363
f 1357/1357/1357 1371/1371/1371 1268/1268/1268
f 1254/1254/1254 1274/1274/1274 1271/1271/1271
f 1273/1273/1273 1272/1272/1272 1287/1287/1287
f 1346/1346/1346 1287/1287/1287 1277/1277/1277
f 1347/1347/1347 1263/1263/1263 1265/1265/1265
f 1267/1267/1267 1294/1294/1294 1256/1256/1256
f 1349/1349/1349 1253/1253/1253 1372/1372/1372
f 1373/1373/1373 1279/1279/1279 1363/1363/1363
f 1330/1330/1330 1374/1374/1374 1372/1372/1372
f 1332/1332/1332 1375/1375/1375 1330/1330/1330
f 1284/1284/1284 1332/1332/1332 1331/1331/1331
f 1376/1376/1376 1377/1377/1377 1350/1350/1350
f 1377/1377/1377 1363/1363/1363 1350/1350/1350
f 1375/1375/1375 1374/1374/1374 1330/1330/1330
f 1372/1372/1372 1331/1331/1331 1330/1330/1330
f 1378/1378/1378 1341/1341/1341 1268/1268/1268
f 1225/1225/1225 1226/1226/1226 1378/1378/1378
f 1248/1248/1248 1260/1260/1260 1254/1254/1254
f 1259/1259/1259 1258/1258/1258 1370/1370/1370
f 1270/1270/1270 1340/1340/1340 1338/1338/1338
f 1320/1320/1320 1379/1379/1379 1335/1335/1335
f 1257/1257/1257 1270/1270/1270 1258/1258/1258
f 1341/1341/1341 1254/1254/1254 1367/1367/1367
f 1380/1380/1380 1381/1381/1381 1241/1241/1241
f 1382/1382/1382 1380/1380/1380 1383/1383/1383
f 1283/1283/1283 1337/1337/1337 1352/1352/1352
f 1357/1357/1357 1268/1268/1268 1257/1257/1257
f 1290/1290/1290 1326/1326/1326 1344/1344/1344
f 1221/1221/1221 1225/1225/1225 1384/1384/1384
f 1384/1384/1384 1371/1371/1371 1357/1357/1357
f 1253/1253/1253 1331/1331/1331 1372/1372/1372
f 1356/1356/1356 1293/1293/1293 1327/1327/1327
f 1256/1256/1256 1294/1294/1294 1288/1288/1288
f 1287/1287/1287 1302/1302/1302 1285/1285/1285
f 1318/1318/1318 1385/1385/1385 1319/1319/1319
f 1385/1385/1385 1259/1259/1259 1368/1368/1368
f 1383/1383/1383 1317/1317/1317 1386/1386/1386
f 1157/1157/1157 1243/1243/1243 1306/1306/1306
f 1363/1363/1363 1279/1279/1279 1281/1281/1281
f 1373/1373/1373 1363/1363/1363 1377/1377/1377
f 1269/1269/1269 1367/1367/1367 1340/1340/1340
f 1281/1281/1281 1334/1334/1334 1363/1363/1363
f 1387/1387/1387 1376/1376/1376 1374/1374/1374
f 1304/1304/1304 1388/1388/1388 1310/1310/1310
f 1376/1376/1376 1350/1350/1350 1374/1374/1374
f 1276/1276/1276 1251/1251/1251 1338/1338/1338
f 1346/1346/1346 1277/1277/1277 1276/1276/1276
f 1233/1233/1233 1384/1384/1384 1278/1278/1278
f 1225/1225/1225 1378/1378/1378 1384/1384/1384
f 1226/1226/1226 1341/1341/1341 1378/1378/1378
f 1359/1359/1359 1361/1361/1361 1360/1360/1360
f 1340/1340/1340 1276/1276/1276 1338/1338/1338
f 1304/1304/1304 1306/1306/1306 1388/1388/1388
f 1268/1268/1268 1270/1270/1270 1257/1257/1257
f 1304/1304/1304 1157/1157/1157 1306/1306/1306
f 1356/1356/1356 1327/1327/1327 1324/1324/1324
f 1354/1354/1354 1353/1353/1353 1303/1303/1303
f 1322/1322/1322 1324/1324/1324 1323/1323/1323
f 1049/1049/1049 1381/1381/1381 1382/1382/1382
f 1301/1301/1301 1290/1290/1290 1299/1299/1299
f 1322/1322/1322 1300/1300/1300 1337/1337/1337
f 1299/1299/1299 1290/1290/1290 1308/1308/1308
f 1324/1324/1324 1313/1313/1313 1312/1312/1312
f 1299/1299/1299 1297/1297/1297 1343/1343/1343
f 1300/1300/1300 1343/1343/1343 1337/1337/1337
f 1322/1322/1322 1337/1337/1337 1336/1336/1336
f 1337/1337/1337 1296/1296/1296 1352/1352/1352
f 1264/1264/1264 1284/1284/1284 1331/1331/1331
f 1370/1370/1370 1348/1348/1348 1364/1364/1364
f 1286/1286/1286 1342/1342/1342 1336/1336/1336
f 1286/1286/1286 1336/1336/1336 1282/1282/1282
f 1245/1245/1245 1260/1260/1260 1248/1248/1248
f 1257/1257/1257 1259/1259/1259 1385/1385/1385
f 1364/1364/1364 1350/1350/1350 1363/1363/1363
f 1349/1349/1349 1374/1374/1374 1350/1350/1350
f 1349/1349/1349 1372/1372/1372 1374/1374/1374
f 1389/1389/1389 1253/1253/1253 1348/1348/1348
f 1265/1265/1265 1331/1331/1331 1253/1253/1253
f 1265/1265/1265 1264/1264/1264 1331/1331/1331
f 1338/1338/1338 1348/1348/1348 1370/1370/1370
f 1338/1338/1338 1389/1389/1389 1348/1348/1348
f 1251/1251/1251 1389/1389/1389 1338/1338/1338
f 1251/1251/1251 1253/1253/1253 1389/1389/1389
f 1287/1287/1287 1347/1347/1347 1277/1277/1277
f 1367/1367/1367 1346/1346/1346 1340/1340/1340
f 1268/1268/1268 1367/1367/1367 1269/1269/1269
f 1254/1254/1254 1271/1271/1271 1367/1367/1367
f 1278/1278/1278 1357/1357/1357 1261/1261/1261
f 1278/1278/1278 1384/1384/1384 1357/1357/1357
f 1251/1251/1251 1277/1277/1277 1252/1252/1252
f 1347/1347/1347 1287/1287/1287 1263/1263/1263
f 1367/1367/1367 1273/1273/1273 1346/1346/1346
f 1384/1384/1384 1378/1378/1378 1371/1371/1371
f 1358/1358/1358 1390/1390/1390 1326/1326/1326
f 1356/1356/1356 1322/1322/1322 1342/1342/1342
f 1355/1355/1355 1359/1359/1359 1360/1360/1360
f 1269/1269/1269 1340/1340/1340 1339/1339/1339
f 1307/1307/1307 1351/1351/1351 1352/1352/1352
f 1267/1267/1267 1266/1266/1266 1311/1311/1311
f 1294/1294/1294 1311/1311/1311 1292/1292/1292
f 1267/1267/1267 1311/1311/1311 1294/1294/1294
f 1275/1275/1275 1256/1256/1256 1272/1272/1272
f 1266/1266/1266 1310/1310/1310 1292/1292/1292
f 1294/1294/1294 1293/1293/1293 1356/1356/1356
f 1359/1359/1359 1355/1355/1355 1289/1289/1289
f 1247/1247/1247 1246/1246/1246 1266/1266/1266
f 1378/1378/1378 1268/1268/1268 1371/1371/1371
f 1221/1221/1221 1384/1384/1384 1233/1233/1233
f 1287/1287/1287 1286/1286/1286 1263/1263/1263
f 1290/1290/1290 1289/1289/1289 1303/1303/1303
f 1290/1290/1290 1344/1344/1344 1291/1291/1291
f 1296/1296/1296 1307/1307/1307 1352/1352/1352
f 1379/1379/1379 1370/1370/1370 1364/1364/1364
f 1379/1379/1379 1364/1364/1364 1369/1369/1369
f 1259/1259/1259 1370/1370/1370 1379/1379/1379
f 1368/1368/1368 1379/1379/1379 1320/1320/1320
f 1379/1379/1379 1369/1369/1369 1335/1335/1335
f 1385/1385/1385 1368/1368/1368 1319/1319/1319
f 1336/1336/1336 1283/1283/1283 1282/1282/1282
f 1301/1301/1301 1312/1312/1312 1365/1365/1365
f 1303/1303/1303 1289/1289/1289 1355/1355/1355
f 1297/1297/1297 1303/1303/1303 1298/1298/1298
f 1380/1380/1380 1241/1241/1241 1261/1261/1261
f 1227/1227/1227 1229/1229/1229 1241/1241/1241
f 1366/1366/1366 1241/1241/1241 1381/1381/1381
f 1366/1366/1366 1227/1227/1227 1241/1241/1241
f 1383/1383/1383 1380/1380/1380 1317/1317/1317
f 1049/1049/1049 1366/1366/1366 1381/1381/1381
f 1049/1049/1049 1051/1051/1051 1366/1366/1366
f 1382/1382/1382 1381/1381/1381 1380/1380/1380
f 1380/1380/1380 1261/1261/1261 1317/1317/1317
f 1241/1241/1241 1278/1278/1278 1261/1261/1261
f 1275/1275/1275 1272/1272/1272 1271/1271/1271
f 1271/1271/1271 1273/1273/1273 1367/1367/1367
f 1269/1269/1269 1339/1339/1339 1270/1270/1270
f 1261/1261/1261 1262/1262/1262 1317/1317/1317
f 1257/1257/1257 1385/1385/1385 1262/1262/1262
f 1317/1317/1317 1318/1318/1318 1386/1386/1386
f 1259/1259/1259 1379/1379/1379 1368/1368/1368
f 1262/1262/1262 1385/1385/1385 1318/1318/1318
f 1391/1391/1391 1333/1333/1333 1281/1281/1281
f 1392/1392/1392 1393/1393/1393 1281/1281/1281
f 1394/1394/1394 1046/1046/1046 1036/1036/1036
f 1386/1386/1386 1318/1318/1318 1395/1395/1395
f 1396/1396/1396 1397/1397/1397 1398/1398/1398
f 1383/1383/1383 1386/1386/1386 1399/1399/1399
f 1318/1318/1318 1319/1319/1319 1395/1395/1395
f 1400/1400/1400 1401/1401/1401 1402/1402/1402
f 1403/1403/1403 1404/1404/1404 1405/1405/1405
f 1406/1406/1406 1407/1407/1407 1404/1404/1404
f 1406/1406/1406 1408/1408/1408 1033/1033/1033
f 1400/1400/1400 1404/1404/1404 1401/1401/1401
f 1409/1409/1409 1400/1400/1400 1402/1402/1402
f 1401/1401/1401 1410/1410/1410 1402/1402/1402
f 1411/1411/1411 1412/1412/1412 1413/1413/1413
f 1402/1402/1402 1412/1412/1412 1414/1414/1414
f 1410/1410/1410 1040/1040/1040 1042/1042/1042
f 1402/1402/1402 1410/1410/1410 1412/1412/1412
f 1415/1415/1415 1416/1416/1416 1417/1417/1417
f 1416/1416/1416 1402/1402/1402 1414/1414/1414
f 1412/1412/1412 1042/1042/1042 1413/1413/1413
f 1413/1413/1413 1042/1042/1042 1046/1046/1046
f 1418/1418/1418 1417/1417/1417 1414/1414/1414
f 1411/1411/1411 1413/1413/1413 1419/1419/1419
f 1407/1407/1407 1033/1033/1033 1040/1040/1040
f 1406/1406/1406 1033/1033/1033 1407/1407/1407
f 1403/1403/1403 1406/1406/1406 1404/1404/1404
f 1408/1408/1408 1031/1031/1031 1030/1030/1030
f 1394/1394/1394 1413/1413/1413 1046/1046/1046
f 1420/1420/1420 1421/1421/1421 1422/1422/1422
f 1423/1423/1423 1411/1411/1411 1424/1424/1424
f 1421/1421/1421 1425/1425/1425 1399/1399/1399
f 1408/1408/1408 1030/1030/1030 1033/1033/1033
f 1419/1419/1419 1413/1413/1413 1394/1394/1394
f 1425/1425/1425 1426/1426/1426 1383/1383/1383
f 1426/1426/1426 1425/1425/1425 1382/1382/1382
f 1399/1399/1399 1425/1425/1425 1383/1383/1383
f 1427/1427/1427 1425/1425/1425 1428/1428/1428
f 1429/1429/1429 1423/1423/1423 1430/1430/1430
f 1395/1395/1395 1319/1319/1319 1321/1321/1321
f 1431/1431/1431 1432/1432/1432 1422/1422/1422
f 1433/1433/1433 1434/1434/1434 1422/1422/1422
f 1395/1395/1395 1321/1321/1321 1434/1434/1434
f 1418/1418/1418 1414/1414/1414 1412/1412/1412
f 1404/1404/1404 1410/1410/1410 1401/1401/1401
f 1405/1405/1405 1404/1404/1404 1400/1400/1400
f 1386/1386/1386 1395/1395/1395 1435/1435/1435
f 1410/1410/1410 1407/1407/1407 1040/1040/1040
f 1418/1418/1418 1423/1423/1423 1436/1436/1436
f 1428/1428/1428 1421/1421/1421 1420/1420/1420
f 1321/1321/1321 1320/1320/1320 1391/1391/1391
f 1420/1420/1420 1422/1422/1422 1432/1432/1432
f 1437/1437/1437 1049/1049/1049 1382/1382/1382
f 1438/1438/1438 1439/1439/1439 1050/1050/1050
f 1440/1440/1440 1441/1441/1441 1393/1393/1393
f 1392/1392/1392 1281/1281/1281 1442/1442/1442
f 1279/1279/1279 1442/1442/1442 1280/1280/1280
f 1393/1393/1393 1434/1434/1434 1443/1443/1443
f 1393/1393/1393 1441/1441/1441 1434/1434/1434
f 1444/1444/1444 1431/1431/1431 1441/1441/1441
f 1445/1445/1445 1444/1444/1444 1446/1446/1446
f 1391/1391/1391 1320/1320/1320 1333/1333/1333
f 1447/1447/1447 1448/1448/1448 1449/1449/1449
f 1436/1436/1436 1423/1423/1423 1429/1429/1429
f 1411/1411/1411 1419/1419/1419 1424/1424/1424
f 1421/1421/1421 1433/1433/1433 1422/1422/1422
f 1433/1433/1433 1399/1399/1399 1435/1435/1435
f 1435/1435/1435 1395/1395/1395 1434/1434/1434
f 1398/1398/1398 1428/1428/1428 1396/1396/1396
f 1450/1450/1450 1398/1398/1398 1397/1397/1397
f 1450/1450/1450 1449/1449/1449 1398/1398/1398
f 1396/1396/1396 1420/1420/1420 1451/1451/1451
f 1434/1434/1434 1391/1391/1391 1443/1443/1443
f 1445/1445/1445 1446/1446/1446 1440/1440/1440
f 1440/1440/1440 1446/1446/1446 1441/1441/1441
f 1417/1417/1417 1418/1418/1418 1436/1436/1436
f 1404/1404/1404 1407/1407/1407 1410/1410/1410
f 1447/1447/1447 1449/1449/1449 1450/1450/1450
f 1398/1398/1398 1449/1449/1449 1428/1428/1428
f 1449/1449/1449 1427/1427/1427 1428/1428/1428
f 1418/1418/1418 1412/1412/1412 1411/1411/1411
f 1428/1428/1428 1425/1425/1425 1421/1421/1421
f 1452/1452/1452 1437/1437/1437 1425/1425/1425
f 1416/1416/1416 1414/1414/1414 1417/1417/1417
f 1421/1421/1421 1399/1399/1399 1433/1433/1433
f 1426/1426/1426 1382/1382/1382 1383/1383/1383
f 1050/1050/1050 1049/1049/1049 1437/1437/1437
f 1437/1437/1437 1382/1382/1382 1425/1425/1425
f 1453/1453/1453 1427/1427/1427 1448/1448/1448
f 1452/1452/1452 1425/1425/1425 1427/1427/1427
f 1454/1454/1454 1438/1438/1438 1452/1452/1452
f 1438/1438/1438 1050/1050/1050 1437/1437/1437
f 1430/1430/1430 1423/1423/1423 1454/1454/1454
f 1410/1410/1410 1042/1042/1042 1412/1412/1412
f 1424/1424/1424 1439/1439/1439 1438/1438/1438
f 1409/1409/1409 1402/1402/1402 1416/1416/1416
f 1443/1443/1443 1391/1391/1391 1281/1281/1281
f 1439/1439/1439 1036/1036/1036 1050/1050/1050
f 1419/1419/1419 1394/1394/1394 1439/1439/1439
f 1453/1453/1453 1452/1452/1452 1427/1427/1427
f 1453/1453/1453 1455/1455/1455 1430/1430/1430
f 1452/1452/1452 1438/1438/1438 1437/1437/1437
f 1453/1453/1453 1430/1430/1430 1454/1454/1454
f 1424/1424/1424 1419/1419/1419 1439/1439/1439
f 1321/1321/1321 1391/1391/1391 1434/1434/1434
f 1444/1444/1444 1441/1441/1441 1446/1446/1446
f 1393/1393/1393 1443/1443/1443 1281/1281/1281
f 1442/1442/1442 1281/1281/1281 1280/1280/1280
f 1431/1431/1431 1422/1422/1422 1441/1441/1441
f 1441/1441/1441 1422/1422/1422 1434/1434/1434
f 1440/1440/1440 1393/1393/1393 1392/1392/1392
f 1453/1453/1453 1454/1454/1454 1452/1452/1452
f 1439/1439/1439 1394/1394/1394 1036/1036/1036
f 1423/1423/1423 1424/1424/1424 1454/1454/1454
f 1454/1454/1454 1424/1424/1424 1438/1438/1438
f 1448/1448/1448 1427/1427/1427 1449/1449/1449
f 1396/1396/1396 1428/1428/1428 1420/1420/1420
f 1418/1418/1418 1411/1411/1411 1423/1423/1423
f 1399/1399/1399 1386/1386/1386 1435/1435/1435
f 1433/1433/1433 1435/1435/1435 1434/1434/1434
f 1456/1456/1456 1457/1457/1457 1458/1458/1458
f 1459/1459/1459 1460/1460/1460 1461/1461/1461
f 1462/1462/1462 1463/1463/1463 1464/1464/1464
f 1456/1456/1456 1458/1458/1458 1459/1459/1459
f 1465/1465/1465 1466/1466/1466 1467/1467/1467
f 1465/1465/1465 1467/1467/1467 1468/1468/1468
f 1469/1469/1469 1470/1470/1470 1459/1459/1459
f 1471/1471/1471 1472/1472/1472 1473/1473/1473
f 1462/1462/1462 1474/1474/1474 1475/1475/1475
f 1476/1476/1476 1477/1477/1477 1463/1463/1463
f 1463/1463/1463 1478/1478/1478 1464/1464/1464
f 1476/1476/1476 1460/1460/1460 1458/1458/1458
f 1460/1460/1460 1475/1475/1475 1461/1461/1461
f 1469/1469/1469 1479/1479/1479 1470/1470/1470
f 1457/1457/1457 1480/1480/1480 1476/1476/1476
f 1481/1481/1481 1461/1461/1461 1466/1466/1466
f 1461/1461/1461 1475/1475/1475 1466/1466/1466
f 1482/1482/1482 1459/1459/1459 1461/1461/1461
f 1466/1466/1466 1474/1474/1474 1483/1483/1483
f 1484/1484/1484 1461/1461/1461 1481/1481/1481
f 1475/1475/1475 1474/1474/1474 1466/1466/1466
f 1471/1471/1471 1473/1473/1473 1477/1477/1477
f 1474/1474/1474 1485/1485/1485 1483/1483/1483
f 1457/1457/1457 1476/1476/1476 1458/1458/1458
f 1486/1486/1486 1469/1469/1469 1459/1459/1459
f 1460/1460/1460 1463/1463/1463 1462/1462/1462
f 1470/1470/1470 1456/1456/1456 1459/1459/1459
f 1481/1481/1481 1466/1466/1466 1487/1487/1487
f 1487/1487/1487 1466/1466/1466 1465/1465/1465
f 1486/1486/1486 1459/1459/1459 1482/1482/1482
f 1466/1466/1466 1483/1483/1483 1467/1467/1467
f 1484/1484/1484 1482/1482/1482 1461/1461/1461
f 1488/1488/1488 1486/1486/1486 1482/1482/1482
f 1460/1460/1460 1462/1462/1462 1475/1475/1475
f 1459/1459/1459 1458/1458/1458 1460/1460/1460
f 1477/1477/1477 1478/1478/1478 1463/1463/1463
f 1473/1473/1473 1478/1478/1478 1477/1477/1477
f 1476/1476/1476 1463/1463/1463 1460/1460/1460
f 1488/1488/1488 1482/1482/1482 1484/1484/1484
f 1464/1464/1464 1474/1474/1474 1462/1462/1462
f 1489/1489/1489 1490/1490/1490 1491/1491/1491
f 1492/1492/1492 1493/1493/1493 1489/1489/1489
f 1494/1494/1494 1495/1495/1495 1496/1496/1496
f 1497/1497/1497 1498/1498/1498 1489/1489/1489
f 1499/1499/1499 1500/1500/1500 1496/1496/1496
f 1489/1489/1489 1498/1498/1498 1501/1501/1501
f 1499/1499/1499 1489/1489/1489 1500/1500/1500
f 1500/1500/1500 1489/1489/1489 1491/1491/1491
f 1502/1502/1502 1492/1492/1492 1499/1499/1499
f 1489/1489/1489 1501/1501/1501 1490/1490/1490
f 1497/1497/1497 1503/1503/1503 1498/1498/1498
f 1494/1494/1494 1496/1496/1496 1504/1504/1504
f 1505/1505/1505 1504/1504/1504 1506/1506/1506
f 1507/1507/1507 1497/1497/1497 1489/1489/1489
f 1499/1499/1499 1496/1496/1496 1495/1495/1495
f 1504/1504/1504 1496/1496/1496 1506/1506/1506
f 1499/1499/1499 1492/1492/1492 1489/1489/1489
f 1489/1489/1489 1493/1493/1493 1507/1507/1507
f 1490/1490/1490 1508/1508/1508 1491/1491/1491
f 1509/1509/1509 1510/1510/1510 1511/1511/1511
f 1512/1512/1512 1502/1502/1502 1510/1510/1510
f 1510/1510/1510 1499/1499/1499 1495/1495/1495
f 1513/1513/1513 1514/1514/1514 1515/1515/1515
f 1516/1516/1516 1517/1517/1517 1518/1518/1518
f 1519/1519/1519 1518/1518/1518 1520/1520/1520
f 1521/1521/1521 1522/1522/1522 1523/1523/1523
f 1524/1524/1524 1525/1525/1525 1518/1518/1518
f 1518/1518/1518 1525/1525/1525 1520/1520/1520
f 1526/1526/1526 1527/1527/1527 1528/1528/1528
f 1529/1529/1529 1526/1526/1526 1528/1528/1528
f 1530/1530/1530 1529/1529/1529 1531/1531/1531
f 1532/1532/1532 1509/1509/1509 1533/1533/1533
f 1534/1534/1534 1535/1535/1535 1536/1536/1536
f 1537/1537/1537 1538/1538/1538 1539/1539/1539
f 1540/1540/1540 1528/1528/1528 1541/1541/1541
f 1542/1542/1542 1543/1543/1543 1544/1544/1544
f 1545/1545/1545 1546/1546/1546 1547/1547/1547
f 1546/1546/1546 1548/1548/1548 1549/1549/1549
f 1550/1550/1550 1551/1551/1551 1552/1552/1552
f 1553/1553/1553 1550/1550/1550 1554/1554/1554
f 1555/1555/1555 1550/1550/1550 1553/1553/1553
f 1556/1556/1556 1557/1557/1557 1558/1558/1558
f 1559/1559/1559 1560/1560/1560 1561/1561/1561
f 1554/1554/1554 1550/1550/1550 1552/1552/1552
f 1554/1554/1554 1552/1552/1552 1562/1562/1562
f 1557/1557/1557 1559/1559/1559 1561/1561/1561
f 1556/1556/1556 1531/1531/1531 1554/1554/1554
f 1555/1555/1555 1563/1563/1563 1550/1550/1550
f 1563/1563/1563 1564/1564/1564 1565/1565/1565
f 1559/1559/1559 1552/1552/1552 1566/1566/1566
f 1558/1558/1558 1530/1530/1530 1556/1556/1556
f 1556/1556/1556 1559/1559/1559 1557/1557/1557
f 1554/1554/1554 1562/1562/1562 1556/1556/1556
f 1530/1530/1530 1531/1531/1531 1556/1556/1556
f 1556/1556/1556 1562/1562/1562 1559/1559/1559
f 1567/1567/1567 1568/1568/1568 1569/1569/1569
f 1562/1562/1562 1552/1552/1552 1559/1559/1559
f 1570/1570/1570 1571/1571/1571 1572/1572/1572
f 1573/1573/1573 1574/1574/1574 1575/1575/1575
f 1575/1575/1575 1576/1576/1576 1543/1543/1543
f 1577/1577/1577 1578/1578/1578 1570/1570/1570
f 1579/1579/1579 1580/1580/1580 1581/1581/1581
f 1525/1525/1525 1582/1582/1582 1520/1520/1520
f 1583/1583/1583 1584/1584/1584 1585/1585/1585
f 1579/1579/1579 1581/1581/1581 1586/1586/1586
f 1586/1586/1586 1581/1581/1581 1543/1543/1543
f 1587/1587/1587 1588/1588/1588 1584/1584/1584
f 1543/1543/1543 1589/1589/1589 1590/1590/1590
f 1591/1591/1591 1592/1592/1592 1590/1590/1590
f 1590/1590/1590 1592/1592/1592 1578/1578/1578
f 1519/1519/1519 1520/1520/1520 1593/1593/1593
f 1581/1581/1581 1594/1594/1594 1595/1595/1595
f 1589/1589/1589 1588/1588/1588 1587/1587/1587
f 1596/1596/1596 1597/1597/1597 1524/1524/1524
f 1517/1517/1517 1596/1596/1596 1524/1524/1524
f 1531/1531/1531 1529/1529/1529 1540/1540/1540
f 1598/1598/1598 1571/1571/1571 1521/1521/1521
f 1599/1599/1599 1516/1516/1516 1518/1518/1518
f 1516/1516/1516 1596/1596/1596 1517/1517/1517
f 1600/1600/1600 1563/1563/1563 1555/1555/1555
f 1572/1572/1572 1571/1571/1571 1598/1598/1598
f 1600/1600/1600 1601/1601/1601 1564/1564/1564
f 1602/1602/1602 1536/1536/1536 1535/1535/1535
f 1603/1603/1603 1604/1604/1604 1527/1527/1527
f 1516/1516/1516 1605/1605/1605 1596/1596/1596
f 1536/1536/1536 1605/1605/1605 1516/1516/1516
f 1606/1606/1606 1598/1598/1598 1521/1521/1521
f 1607/1607/1607 1599/1599/1599 1608/1608/1608
f 1609/1609/1609 1608/1608/1608 1610/1610/1610
f 1609/1609/1609 1610/1610/1610 1514/1514/1514
f 1513/1513/1513 1609/1609/1609 1514/1514/1514
f 1528/1528/1528 1611/1611/1611 1541/1541/1541
f 1527/1527/1527 1604/1604/1604 1528/1528/1528
f 1611/1611/1611 1612/1612/1612 1600/1600/1600
f 1613/1613/1613 1602/1602/1602 1535/1535/1535
f 1509/1509/1509 1614/1614/1614 1512/1512/1512
f 1509/1509/1509 1512/1512/1512 1510/1510/1510
f 1615/1615/1615 1567/1567/1567 1611/1611/1611
f 1571/1571/1571 1578/1578/1578 1522/1522/1522
f 1616/1616/1616 1548/1548/1548 1546/1546/1546
f 1592/1592/1592 1617/1617/1617 1578/1578/1578
f 1595/1595/1595 1618/1618/1618 1589/1589/1589
f 1618/1618/1618 1588/1588/1588 1589/1589/1589
f 1619/1619/1619 1620/1620/1620 1618/1618/1618
f 1568/1568/1568 1621/1621/1621 1569/1569/1569
f 1622/1622/1622 1576/1576/1576 1574/1574/1574
f 1600/1600/1600 1555/1555/1555 1553/1553/1553
f 1623/1623/1623 1533/1533/1533 1624/1624/1624
f 1623/1623/1623 1624/1624/1624 1625/1625/1625
f 1511/1511/1511 1510/1510/1510 1494/1494/1494
f 1534/1534/1534 1626/1626/1626 1601/1601/1601
f 1546/1546/1546 1549/1549/1549 1547/1547/1547
f 1547/1547/1547 1568/1568/1568 1615/1615/1615
f 1627/1627/1627 1574/1574/1574 1573/1573/1573
f 1574/1574/1574 1576/1576/1576 1575/1575/1575
f 1577/1577/1577 1572/1572/1572 1621/1621/1621
f 1622/1622/1622 1586/1586/1586 1576/1576/1576
f 1544/1544/1544 1590/1590/1590 1578/1578/1578
f 1577/1577/1577 1570/1570/1570 1572/1572/1572
f 1544/1544/1544 1578/1578/1578 1577/1577/1577
f 1558/1558/1558 1628/1628/1628 1530/1530/1530
f 1607/1607/1607 1608/1608/1608 1534/1534/1534
f 1628/1628/1628 1529/1529/1529 1530/1530/1530
f 1540/1540/1540 1554/1554/1554 1531/1531/1531
f 1618/1618/1618 1629/1629/1629 1588/1588/1588
f 1541/1541/1541 1553/1553/1553 1554/1554/1554
f 1608/1608/1608 1630/1630/1630 1610/1610/1610
f 1588/1588/1588 1631/1631/1631 1584/1584/1584
f 1511/1511/1511 1624/1624/1624 1533/1533/1533
f 1632/1632/1632 1527/1527/1527 1526/1526/1526
f 1510/1510/1510 1502/1502/1502 1499/1499/1499
f 1632/1632/1632 1603/1603/1603 1527/1527/1527
f 1529/1529/1529 1528/1528/1528 1540/1540/1540
f 1625/1625/1625 1537/1537/1537 1525/1525/1525
f 1502/1502/1502 1512/1512/1512 1633/1633/1633
f 1514/1514/1514 1634/1634/1634 1635/1635/1635
f 1636/1636/1636 1538/1538/1538 1537/1537/1537
f 1536/1536/1536 1607/1607/1607 1534/1534/1534
f 1534/1534/1534 1608/1608/1608 1609/1609/1609
f 1534/1534/1534 1513/1513/1513 1626/1626/1626
f 1610/1610/1610 1637/1637/1637 1634/1634/1634
f 1515/1515/1515 1626/1626/1626 1513/1513/1513
f 1537/1537/1537 1505/1505/1505 1636/1636/1636
f 1610/1610/1610 1638/1638/1638 1637/1637/1637
f 1494/1494/1494 1510/1510/1510 1495/1495/1495
f 1584/1584/1584 1631/1631/1631 1614/1614/1614
f 1584/1584/1584 1509/1509/1509 1585/1585/1585
f 1639/1639/1639 1509/1509/1509 1532/1532/1532
f 1617/1617/1617 1583/1583/1583 1585/1585/1585
f 1523/1523/1523 1640/1640/1640 1639/1639/1639
f 1578/1578/1578 1617/1617/1617 1640/1640/1640
f 1640/1640/1640 1523/1523/1523 1522/1522/1522
f 1537/1537/1537 1504/1504/1504 1505/1505/1505
f 1624/1624/1624 1504/1504/1504 1537/1537/1537
f 1624/1624/1624 1494/1494/1494 1504/1504/1504
f 1536/1536/1536 1641/1641/1641 1605/1605/1605
f 1521/1521/1521 1523/1523/1523 1597/1597/1597
f 1606/1606/1606 1521/1521/1521 1597/1597/1597
f 1597/1597/1597 1623/1623/1623 1524/1524/1524
f 1523/1523/1523 1639/1639/1639 1597/1597/1597
f 1625/1625/1625 1624/1624/1624 1537/1537/1537
f 1629/1629/1629 1642/1642/1642 1588/1588/1588
f 1541/1541/1541 1600/1600/1600 1553/1553/1553
f 1581/1581/1581 1595/1595/1595 1589/1589/1589
f 1589/1589/1589 1591/1591/1591 1590/1590/1590
f 1594/1594/1594 1618/1618/1618 1595/1595/1595
f 1620/1620/1620 1629/1629/1629 1618/1618/1618
f 1601/1601/1601 1626/1626/1626 1643/1643/1643
f 1621/1621/1621 1598/1598/1598 1641/1641/1641
f 1644/1644/1644 1547/1547/1547 1603/1603/1603
f 1611/1611/1611 1535/1535/1535 1612/1612/1612
f 1616/1616/1616 1575/1575/1575 1548/1548/1548
f 1567/1567/1567 1569/1569/1569 1602/1602/1602
f 1623/1623/1623 1625/1625/1625 1524/1524/1524
f 1524/1524/1524 1625/1625/1625 1525/1525/1525
f 1542/1542/1542 1544/1544/1544 1577/1577/1577
f 1617/1617/1617 1585/1585/1585 1640/1640/1640
f 1640/1640/1640 1585/1585/1585 1639/1639/1639
f 1639/1639/1639 1532/1532/1532 1623/1623/1623
f 1533/1533/1533 1623/1623/1623 1532/1532/1532
f 1543/1543/1543 1590/1590/1590 1544/1544/1544
f 1526/1526/1526 1529/1529/1529 1628/1628/1628
f 1540/1540/1540 1541/1541/1541 1554/1554/1554
f 1509/1509/1509 1511/1511/1511 1533/1533/1533
f 1537/1537/1537 1582/1582/1582 1525/1525/1525
f 1537/1537/1537 1539/1539/1539 1582/1582/1582
f 1494/1494/1494 1624/1624/1624 1511/1511/1511
f 1588/1588/1588 1642/1642/1642 1631/1631/1631
f 1631/1631/1631 1633/1633/1633 1614/1614/1614
f 1599/1599/1599 1518/1518/1518 1519/1519/1519
f 1614/1614/1614 1633/1633/1633 1512/1512/1512
f 1630/1630/1630 1638/1638/1638 1610/1610/1610
f 1514/1514/1514 1635/1635/1635 1515/1515/1515
f 1633/1633/1633 1492/1492/1492 1502/1502/1502
f 1534/1534/1534 1609/1609/1609 1513/1513/1513
f 1536/1536/1536 1516/1516/1516 1607/1607/1607
f 1516/1516/1516 1599/1599/1599 1607/1607/1607
f 1599/1599/1599 1630/1630/1630 1608/1608/1608
f 1641/1641/1641 1606/1606/1606 1605/1605/1605
f 1605/1605/1605 1606/1606/1606 1596/1596/1596
f 1519/1519/1519 1630/1630/1630 1599/1599/1599
f 1571/1571/1571 1522/1522/1522 1521/1521/1521
f 1606/1606/1606 1597/1597/1597 1596/1596/1596
f 1517/1517/1517 1524/1524/1524 1518/1518/1518
f 1580/1580/1580 1645/1645/1645 1581/1581/1581
f 1597/1597/1597 1639/1639/1639 1623/1623/1623
f 1585/1585/1585 1509/1509/1509 1639/1639/1639
f 1584/1584/1584 1614/1614/1614 1509/1509/1509
f 1578/1578/1578 1640/1640/1640 1522/1522/1522
f 1592/1592/1592 1583/1583/1583 1617/1617/1617
f 1638/1638/1638 1646/1646/1646 1637/1637/1637
f 1630/1630/1630 1647/1647/1647 1638/1638/1638
f 1626/1626/1626 1515/1515/1515 1643/1643/1643
f 1594/1594/1594 1619/1619/1619 1618/1618/1618
f 1592/1592/1592 1587/1587/1587 1583/1583/1583
f 1641/1641/1641 1598/1598/1598 1606/1606/1606
f 1587/1587/1587 1584/1584/1584 1583/1583/1583
f 1543/1543/1543 1581/1581/1581 1589/1589/1589
f 1581/1581/1581 1645/1645/1645 1594/1594/1594
f 1644/1644/1644 1545/1545/1545 1547/1547/1547
f 1616/1616/1616 1573/1573/1573 1575/1575/1575
f 1592/1592/1592 1591/1591/1591 1587/1587/1587
f 1591/1591/1591 1589/1589/1589 1587/1587/1587
f 1600/1600/1600 1612/1612/1612 1601/1601/1601
f 1563/1563/1563 1600/1600/1600 1564/1564/1564
f 1612/1612/1612 1535/1535/1535 1601/1601/1601
f 1601/1601/1601 1535/1535/1535 1534/1534/1534
f 1602/1602/1602 1569/1569/1569 1536/1536/1536
f 1621/1621/1621 1572/1572/1572 1598/1598/1598
f 1536/1536/1536 1569/1569/1569 1641/1641/1641
f 1569/1569/1569 1621/1621/1621 1641/1641/1641
f 1603/1603/1603 1547/1547/1547 1604/1604/1604
f 1528/1528/1528 1604/1604/1604 1611/1611/1611
f 1541/1541/1541 1611/1611/1611 1600/1600/1600
f 1604/1604/1604 1547/1547/1547 1615/1615/1615
f 1611/1611/1611 1613/1613/1613 1535/1535/1535
f 1611/1611/1611 1567/1567/1567 1613/1613/1613
f 1547/1547/1547 1549/1549/1549 1568/1568/1568
f 1567/1567/1567 1615/1615/1615 1568/1568/1568
f 1613/1613/1613 1567/1567/1567 1602/1602/1602
f 1627/1627/1627 1622/1622/1622 1574/1574/1574
f 1548/1548/1548 1542/1542/1542 1549/1549/1549
f 1548/1548/1548 1575/1575/1575 1542/1542/1542
f 1549/1549/1549 1542/1542/1542 1577/1577/1577
f 1549/1549/1549 1577/1577/1577 1568/1568/1568
f 1568/1568/1568 1577/1577/1577 1621/1621/1621
f 1604/1604/1604 1615/1615/1615 1611/1611/1611
f 1564/1564/1564 1601/1601/1601 1643/1643/1643
f 1582/1582/1582 1593/1593/1593 1520/1520/1520
f 1514/1514/1514 1610/1610/1610 1634/1634/1634
f 1631/1631/1631 1642/1642/1642 1633/1633/1633
f 1575/1575/1575 1543/1543/1543 1542/1542/1542
f 1622/1622/1622 1579/1579/1579 1586/1586/1586
f 1570/1570/1570 1578/1578/1578 1571/1571/1571
f 1576/1576/1576 1586/1586/1586 1543/1543/1543
f 1648/1648/1648 1649/1649/1649 1650/1650/1650
f 1651/1651/1651 1652/1652/1652 1653/1653/1653
f 1654/1654/1654 1655/1655/1655 1651/1651/1651
f 1655/1655/1655 1656/1656/1656 1657/1657/1657
f 1658/1658/1658 1659/1659/1659 1660/1660/1660
f 1661/1661/1661 1662/1662/1662 1663/1663/1663
f 1664/1664/1664 1665/1665/1665 1666/1666/1666
f 1667/1667/1667 1668/1668/1668 1376/1376/1376
f 1669/1669/1669 1667/1667/1667 1387/1387/1387
f 1670/1670/1670 1671/1671/1671 1668/1668/1668
f 1375/1375/1375 1332/1332/1332 1672/1672/1672
f 1673/1673/1673 1674/1674/1674 1675/1675/1675
f 1676/1676/1676 1674/1674/1674 1673/1673/1673
f 1677/1677/1677 1678/1678/1678 1679/1679/1679
f 1680/1680/1680 1681/1681/1681 1682/1682/1682
f 1683/1683/1683 1684/1684/1684 1685/1685/1685
f 1683/1683/1683 1685/1685/1685 1686/1686/1686
f 1687/1687/1687 1688/1688/1688 1677/1677/1677
f 1680/1680/1680 1689/1689/1689 1681/1681/1681
f 1690/1690/1690 1691/1691/1691 1692/1692/1692
f 1693/1693/1693 1694/1694/1694 1691/1691/1691
f 1676/1676/1676 1673/1673/1673 1675/1675/1675
f 1695/1695/1695 1670/1670/1670 1669/1669/1669
f 1669/1669/1669 1668/1668/1668 1667/1667/1667
f 1696/1696/1696 1697/1697/1697 1698/1698/1698
f 1685/1685/1685 1664/1664/1664 1666/1666/1666
f 1699/1699/1699 1700/1700/1700 1701/1701/1701
f 1702/1702/1702 1683/1683/1683 1703/1703/1703
f 1704/1704/1704 1705/1705/1705 1706/1706/1706
f 1707/1707/1707 1708/1708/1708 1700/1700/1700
f 1709/1709/1709 1710/1710/1710 1707/1707/1707
f 1711/1711/1711 1712/1712/1712 1680/1680/1680
f 1708/1708/1708 1711/1711/1711 1713/1713/1713
f 1714/1714/1714 1715/1715/1715 1716/1716/1716
f 1717/1717/1717 1718/1718/1718 1719/1719/1719
f 1706/1706/1706 1688/1688/1688 1687/1687/1687
f 1659/1659/1659 1649/1649/1649 1648/1648/1648
f 1668/1668/1668 1698/1698/1698 1376/1376/1376
f 1688/1688/1688 1663/1663/1663 1677/1677/1677
f 1691/1691/1691 1658/1658/1658 1692/1692/1692
f 1670/1670/1670 1668/1668/1668 1669/1669/1669
f 1666/1666/1666 1720/1720/1720 1686/1686/1686
f 1721/1721/1721 1722/1722/1722 1723/1723/1723
f 1724/1724/1724 1725/1725/1725 1661/1661/1661
f 1699/1699/1699 1701/1701/1701 1726/1726/1726
f 1699/1699/1699 1726/1726/1726 1649/1649/1649
f 1727/1727/1727 1728/1728/1728 1729/1729/1729
f 1726/1726/1726 1725/1725/1725 1650/1650/1650
f 1725/1725/1725 1702/1702/1702 1662/1662/1662
f 1684/1684/1684 1702/1702/1702 1730/1730/1730
f 1731/1731/1731 1732/1732/1732 1682/1682/1682
f 1733/1733/1733 1734/1734/1734 1735/1735/1735
f 1680/1680/1680 1682/1682/1682 1713/1713/1713
f 1507/1507/1507 1736/1736/1736 1737/1737/1737
f 1493/1493/1493 1492/1492/1492 1736/1736/1736
f 1737/1737/1737 1719/1719/1719 1507/1507/1507
f 1738/1738/1738 1714/1714/1714 1739/1739/1739
f 1740/1740/1740 1694/1694/1694 1693/1693/1693
f 1741/1741/1741 1715/1715/1715 1714/1714/1714
f 1742/1742/1742 1743/1743/1743 1736/1736/1736
f 1744/1744/1744 1655/1655/1655 1745/1745/1745
f 1651/1651/1651 1727/1727/1727 1652/1652/1652
f 1723/1723/1723 1687/1687/1687 1746/1746/1746
f 1655/1655/1655 1747/1747/1747 1651/1651/1651
f 1748/1748/1748 1744/1744/1744 1743/1743/1743
f 1736/1736/1736 1748/1748/1748 1742/1742/1742
f 1749/1749/1749 1750/1750/1750 1728/1728/1728
f 1751/1751/1751 1744/1744/1744 1748/1748/1748
f 1744/1744/1744 1656/1656/1656 1655/1655/1655
f 1651/1651/1651 1747/1747/1747 1727/1727/1727
f 1752/1752/1752 1753/1753/1753 1754/1754/1754
f 1739/1739/1739 1716/1716/1716 1755/1755/1755
f 1651/1651/1651 1653/1653/1653 1654/1654/1654
f 1756/1756/1756 1751/1751/1751 1748/1748/1748
f 1757/1757/1757 1722/1722/1722 1758/1758/1758
f 1715/1715/1715 1757/1757/1757 1716/1716/1716
f 1759/1759/1759 1754/1754/1754 1760/1760/1760
f 1716/1716/1716 1761/1761/1761 1755/1755/1755
f 1723/1723/1723 1746/1746/1746 1762/1762/1762
f 1739/1739/1739 1755/1755/1755 1763/1763/1763
f 1764/1764/1764 1765/1765/1765 1766/1766/1766
f 1767/1767/1767 1715/1715/1715 1741/1741/1741
f 1655/1655/1655 1657/1657/1657 1747/1747/1747
f 1751/1751/1751 1768/1768/1768 1744/1744/1744
f 1769/1769/1769 1740/1740/1740 1693/1693/1693
f 1770/1770/1770 1689/1689/1689 1680/1680/1680
f 1710/1710/1710 1708/1708/1708 1707/1707/1707
f 1709/1709/1709 1707/1707/1707 1771/1771/1771
f 1772/1772/1772 1709/1709/1709 1771/1771/1771
f 1694/1694/1694 1773/1773/1773 1691/1691/1691
f 1706/1706/1706 1705/1705/1705 1688/1688/1688
f 1658/1658/1658 1648/1648/1648 1774/1774/1774
f 1692/1692/1692 1658/1658/1658 1774/1774/1774
f 1690/1690/1690 1774/1774/1774 1704/1704/1704
f 1775/1775/1775 1685/1685/1685 1684/1684/1684
f 1735/1735/1735 1776/1776/1776 1777/1777/1777
f 1493/1493/1493 1736/1736/1736 1507/1507/1507
f 1736/1736/1736 1743/1743/1743 1745/1745/1745
f 1776/1776/1776 1775/1775/1775 1777/1777/1777
f 1778/1778/1778 1779/1779/1779 1780/1780/1780
f 1732/1732/1732 1733/1733/1733 1781/1781/1781
f 1780/1780/1780 1782/1782/1782 1783/1783/1783
f 1781/1781/1781 1735/1735/1735 1777/1777/1777
f 1784/1784/1784 1777/1777/1777 1684/1684/1684
f 1781/1781/1781 1777/1777/1777 1784/1784/1784
f 1713/1713/1713 1781/1781/1781 1700/1700/1700
f 1713/1713/1713 1682/1682/1682 1781/1781/1781
f 1726/1726/1726 1730/1730/1730 1702/1702/1702
f 1650/1650/1650 1725/1725/1725 1785/1785/1785
f 1705/1705/1705 1661/1661/1661 1688/1688/1688
f 1702/1702/1702 1703/1703/1703 1662/1662/1662
f 1786/1786/1786 1787/1787/1787 1751/1751/1751
f 1681/1681/1681 1731/1731/1731 1682/1682/1682
f 1734/1734/1734 1665/1665/1665 1664/1664/1664
f 1776/1776/1776 1734/1734/1734 1664/1664/1664
f 1697/1697/1697 1788/1788/1788 1698/1698/1698
f 1739/1739/1739 1714/1714/1714 1716/1716/1716
f 1686/1686/1686 1720/1720/1720 1789/1789/1789
f 1696/1696/1696 1698/1698/1698 1790/1790/1790
f 1686/1686/1686 1697/1697/1697 1791/1791/1791
f 1790/1790/1790 1698/1698/1698 1668/1668/1668
f 1671/1671/1671 1790/1790/1790 1668/1668/1668
f 1791/1791/1791 1790/1790/1790 1671/1671/1671
f 1387/1387/1387 1374/1374/1374 1375/1375/1375
f 1671/1671/1671 1670/1670/1670 1792/1792/1792
f 1662/1662/1662 1703/1703/1703 1671/1671/1671
f 1703/1703/1703 1791/1791/1791 1671/1671/1671
f 1674/1674/1674 1669/1669/1669 1675/1675/1675
f 1678/1678/1678 1792/1792/1792 1674/1674/1674
f 1662/1662/1662 1792/1792/1792 1678/1678/1678
f 1678/1678/1678 1676/1676/1676 1679/1679/1679
f 1693/1693/1693 1691/1691/1691 1690/1690/1690
f 1793/1793/1793 1794/1794/1794 1795/1795/1795
f 1661/1661/1661 1663/1663/1663 1688/1688/1688
f 1672/1672/1672 1332/1332/1332 1315/1315/1315
f 1675/1675/1675 1672/1672/1672 1315/1315/1315
f 1792/1792/1792 1695/1695/1695 1674/1674/1674
f 1698/1698/1698 1377/1377/1377 1376/1376/1376
f 1711/1711/1711 1680/1680/1680 1713/1713/1713
f 1694/1694/1694 1772/1772/1772 1771/1771/1771
f 1771/1771/1771 1707/1707/1707 1700/1700/1700
f 1773/1773/1773 1771/1771/1771 1659/1659/1659
f 1699/1699/1699 1649/1649/1649 1659/1659/1659
f 1694/1694/1694 1771/1771/1771 1773/1773/1773
f 1649/1649/1649 1726/1726/1726 1650/1650/1650
f 1704/1704/1704 1785/1785/1785 1705/1705/1705
f 1701/1701/1701 1781/1781/1781 1784/1784/1784
f 1774/1774/1774 1648/1648/1648 1704/1704/1704
f 1701/1701/1701 1684/1684/1684 1730/1730/1730
f 1690/1690/1690 1692/1692/1692 1774/1774/1774
f 1664/1664/1664 1685/1685/1685 1775/1775/1775
f 1776/1776/1776 1664/1664/1664 1775/1775/1775
f 1735/1735/1735 1734/1734/1734 1776/1776/1776
f 1682/1682/1682 1732/1732/1732 1781/1781/1781
f 1701/1701/1701 1784/1784/1784 1684/1684/1684
f 1700/1700/1700 1781/1781/1781 1701/1701/1701
f 1701/1701/1701 1730/1730/1730 1726/1726/1726
f 1743/1743/1743 1744/1744/1744 1745/1745/1745
f 1751/1751/1751 1787/1787/1787 1768/1768/1768
f 1654/1654/1654 1783/1783/1783 1717/1717/1717
f 1700/1700/1700 1699/1699/1699 1659/1659/1659
f 1737/1737/1737 1745/1745/1745 1719/1719/1719
f 1705/1705/1705 1724/1724/1724 1661/1661/1661
f 1648/1648/1648 1650/1650/1650 1785/1785/1785
f 1658/1658/1658 1660/1660/1660 1648/1648/1648
f 1658/1658/1658 1773/1773/1773 1659/1659/1659
f 1661/1661/1661 1725/1725/1725 1662/1662/1662
f 1733/1733/1733 1735/1735/1735 1781/1781/1781
f 1771/1771/1771 1700/1700/1700 1659/1659/1659
f 1796/1796/1796 1693/1693/1693 1690/1690/1690
f 1797/1797/1797 1763/1763/1763 1759/1759/1759
f 1767/1767/1767 1693/1693/1693 1796/1796/1796
f 1798/1798/1798 1739/1739/1739 1763/1763/1763
f 1799/1799/1799 1759/1759/1759 1800/1800/1800
f 1749/1749/1749 1766/1766/1766 1801/1801/1801
f 1766/1766/1766 1799/1799/1799 1800/1800/1800
f 1770/1770/1770 1802/1802/1802 1689/1689/1689
f 1652/1652/1652 1780/1780/1780 1653/1653/1653
f 1723/1723/1723 1706/1706/1706 1687/1687/1687
f 1765/1765/1765 1799/1799/1799 1766/1766/1766
f 1803/1803/1803 1723/1723/1723 1762/1762/1762
f 1722/1722/1722 1704/1704/1704 1706/1706/1706
f 1766/1766/1766 1800/1800/1800 1801/1801/1801
f 1747/1747/1747 1804/1804/1804 1749/1749/1749
f 1801/1801/1801 1805/1805/1805 1806/1806/1806
f 1722/1722/1722 1757/1757/1757 1704/1704/1704
f 1796/1796/1796 1690/1690/1690 1757/1757/1757
f 1676/1676/1676 1678/1678/1678 1674/1674/1674
f 1807/1807/1807 1808/1808/1808 1809/1809/1809
f 1810/1810/1810 1811/1811/1811 1812/1812/1812
f 1813/1813/1813 1810/1810/1810 1807/1807/1807
f 1814/1814/1814 1815/1815/1815 1813/1813/1813
f 1760/1760/1760 1753/1753/1753 1816/1816/1816
f 1754/1754/1754 1803/1803/1803 1752/1752/1752
f 1717/1717/1717 1817/1817/1817 1818/1818/1818
f 1819/1819/1819 1354/1354/1354 1820/1820/1820
f 1816/1816/1816 1821/1821/1821 1819/1819/1819
f 1822/1822/1822 1823/1823/1823 1824/1824/1824
f 1821/1821/1821 1825/1825/1825 1826/1826/1826
f 1746/1746/1746 1679/1679/1679 1823/1823/1823
f 1752/1752/1752 1762/1762/1762 1822/1822/1822
f 1808/1808/1808 1810/1810/1810 1812/1812/1812
f 1827/1827/1827 1675/1675/1675 1828/1828/1828
f 1828/1828/1828 1316/1316/1316 1351/1351/1351
f 1728/1728/1728 1808/1808/1808 1829/1829/1829
f 1830/1830/1830 1831/1831/1831 1810/1810/1810
f 1752/1752/1752 1824/1824/1824 1753/1753/1753
f 1826/1826/1826 1825/1825/1825 1307/1307/1307
f 1679/1679/1679 1676/1676/1676 1827/1827/1827
f 1828/1828/1828 1315/1315/1315 1316/1316/1316
f 1736/1736/1736 1832/1832/1832 1748/1748/1748
f 1745/1745/1745 1655/1655/1655 1654/1654/1654
f 1663/1663/1663 1678/1678/1678 1677/1677/1677
f 1675/1675/1675 1375/1375/1375 1672/1672/1672
f 1792/1792/1792 1662/1662/1662 1671/1671/1671
f 1674/1674/1674 1695/1695/1695 1669/1669/1669
f 1773/1773/1773 1658/1658/1658 1691/1691/1691
f 1742/1742/1742 1748/1748/1748 1743/1743/1743
f 1780/1780/1780 1654/1654/1654 1653/1653/1653
f 1669/1669/1669 1387/1387/1387 1375/1375/1375
f 1731/1731/1731 1833/1833/1833 1732/1732/1732
f 1763/1763/1763 1755/1755/1755 1803/1803/1803
f 1492/1492/1492 1834/1834/1834 1736/1736/1736
f 1819/1819/1819 1826/1826/1826 1353/1353/1353
f 1821/1821/1821 1823/1823/1823 1825/1825/1825
f 1746/1746/1746 1677/1677/1677 1679/1679/1679
f 1828/1828/1828 1675/1675/1675 1315/1315/1315
f 1755/1755/1755 1758/1758/1758 1803/1803/1803
f 1750/1750/1750 1809/1809/1809 1728/1728/1728
f 1812/1812/1812 1835/1835/1835 1836/1836/1836
f 1652/1652/1652 1778/1778/1778 1780/1780/1780
f 1719/1719/1719 1718/1718/1718 1497/1497/1497
f 1497/1497/1497 1718/1718/1718 1503/1503/1503
f 1717/1717/1717 1818/1818/1818 1718/1718/1718
f 1768/1768/1768 1764/1764/1764 1656/1656/1656
f 1752/1752/1752 1803/1803/1803 1762/1762/1762
f 1724/1724/1724 1785/1785/1785 1725/1725/1725
f 1725/1725/1725 1726/1726/1726 1702/1702/1702
f 1702/1702/1702 1684/1684/1684 1683/1683/1683
f 1747/1747/1747 1728/1728/1728 1727/1727/1727
f 1656/1656/1656 1764/1764/1764 1766/1766/1766
f 1837/1837/1837 1795/1795/1795 1764/1764/1764
f 1764/1764/1764 1797/1797/1797 1765/1765/1765
f 1801/1801/1801 1800/1800/1800 1805/1805/1805
f 1704/1704/1704 1648/1648/1648 1785/1785/1785
f 1799/1799/1799 1797/1797/1797 1759/1759/1759
f 1759/1759/1759 1763/1763/1763 1803/1803/1803
f 1787/1787/1787 1764/1764/1764 1768/1768/1768
f 1656/1656/1656 1766/1766/1766 1804/1804/1804
f 1705/1705/1705 1785/1785/1785 1724/1724/1724
f 1749/1749/1749 1806/1806/1806 1750/1750/1750
f 1795/1795/1795 1798/1798/1798 1764/1764/1764
f 1795/1795/1795 1794/1794/1794 1798/1798/1798
f 1708/1708/1708 1713/1713/1713 1700/1700/1700
f 1712/1712/1712 1770/1770/1770 1680/1680/1680
f 1759/1759/1759 1803/1803/1803 1754/1754/1754
f 1760/1760/1760 1754/1754/1754 1753/1753/1753
f 1767/1767/1767 1796/1796/1796 1715/1715/1715
f 1800/1800/1800 1759/1759/1759 1760/1760/1760
f 1738/1738/1738 1741/1741/1741 1714/1714/1714
f 1727/1727/1727 1729/1729/1729 1652/1652/1652
f 1652/1652/1652 1729/1729/1729 1778/1778/1778
f 1738/1738/1738 1739/1739/1739 1838/1838/1838
f 1798/1798/1798 1763/1763/1763 1797/1797/1797
f 1764/1764/1764 1798/1798/1798 1797/1797/1797
f 1793/1793/1793 1838/1838/1838 1794/1794/1794
f 1837/1837/1837 1793/1793/1793 1795/1795/1795
f 1794/1794/1794 1838/1838/1838 1739/1739/1739
f 1804/1804/1804 1766/1766/1766 1749/1749/1749
f 1657/1657/1657 1804/1804/1804 1747/1747/1747
f 1768/1768/1768 1656/1656/1656 1744/1744/1744
f 1497/1497/1497 1507/1507/1507 1719/1719/1719
f 1717/1717/1717 1783/1783/1783 1817/1817/1817
f 1737/1737/1737 1736/1736/1736 1745/1745/1745
f 1719/1719/1719 1654/1654/1654 1717/1717/1717
f 1654/1654/1654 1780/1780/1780 1783/1783/1783
f 1803/1803/1803 1721/1721/1721 1723/1723/1723
f 1758/1758/1758 1721/1721/1721 1803/1803/1803
f 1758/1758/1758 1722/1722/1722 1721/1721/1721
f 1777/1777/1777 1775/1775/1775 1684/1684/1684
f 1802/1802/1802 1681/1681/1681 1689/1689/1689
f 1732/1732/1732 1833/1833/1833 1733/1733/1733
f 1685/1685/1685 1666/1666/1666 1686/1686/1686
f 1666/1666/1666 1665/1665/1665 1839/1839/1839
f 1373/1373/1373 1788/1788/1788 1279/1279/1279
f 1722/1722/1722 1706/1706/1706 1723/1723/1723
f 1698/1698/1698 1788/1788/1788 1373/1373/1373
f 1697/1697/1697 1789/1789/1789 1788/1788/1788
f 1686/1686/1686 1789/1789/1789 1697/1697/1697
f 1761/1761/1761 1757/1757/1757 1758/1758/1758
f 1656/1656/1656 1804/1804/1804 1657/1657/1657
f 1715/1715/1715 1796/1796/1796 1757/1757/1757
f 1747/1747/1747 1749/1749/1749 1728/1728/1728
f 1377/1377/1377 1698/1698/1698 1373/1373/1373
f 1791/1791/1791 1697/1697/1697 1696/1696/1696
f 1786/1786/1786 1837/1837/1837 1787/1787/1787
f 1683/1683/1683 1686/1686/1686 1791/1791/1791
f 1790/1790/1790 1791/1791/1791 1696/1696/1696
f 1837/1837/1837 1764/1764/1764 1787/1787/1787
f 1703/1703/1703 1683/1683/1683 1791/1791/1791
f 1749/1749/1749 1801/1801/1801 1806/1806/1806
f 1832/1832/1832 1756/1756/1756 1748/1748/1748
f 1387/1387/1387 1667/1667/1667 1376/1376/1376
f 1757/1757/1757 1690/1690/1690 1704/1704/1704
f 1792/1792/1792 1670/1670/1670 1695/1695/1695
f 1719/1719/1719 1745/1745/1745 1654/1654/1654
f 1675/1675/1675 1669/1669/1669 1375/1375/1375
f 1659/1659/1659 1648/1648/1648 1660/1660/1660
f 1761/1761/1761 1716/1716/1716 1757/1757/1757
f 1755/1755/1755 1761/1761/1761 1758/1758/1758
f 1797/1797/1797 1799/1799/1799 1765/1765/1765
f 1794/1794/1794 1739/1739/1739 1798/1798/1798
f 1663/1663/1663 1662/1662/1662 1678/1678/1678
f 1808/1808/1808 1812/1812/1812 1840/1840/1840
f 1808/1808/1808 1840/1840/1840 1829/1829/1829
f 1360/1360/1360 1362/1362/1362 1841/1841/1841
f 1360/1360/1360 1841/1841/1841 1830/1830/1830
f 1811/1811/1811 1835/1835/1835 1812/1812/1812
f 1823/1823/1823 1679/1679/1679 1827/1827/1827
f 1825/1825/1825 1823/1823/1823 1351/1351/1351
f 1752/1752/1752 1822/1822/1822 1824/1824/1824
f 1762/1762/1762 1746/1746/1746 1822/1822/1822
f 1820/1820/1820 1354/1354/1354 1355/1355/1355
f 1820/1820/1820 1355/1355/1355 1360/1360/1360
f 1813/1813/1813 1819/1819/1819 1820/1820/1820
f 1806/1806/1806 1814/1814/1814 1750/1750/1750
f 1815/1815/1815 1816/1816/1816 1819/1819/1819
f 1842/1842/1842 1805/1805/1805 1815/1815/1815
f 1805/1805/1805 1816/1816/1816 1815/1815/1815
f 1813/1813/1813 1830/1830/1830 1810/1810/1810
f 1813/1813/1813 1820/1820/1820 1830/1830/1830
f 1728/1728/1728 1809/1809/1809 1808/1808/1808
f 1676/1676/1676 1675/1675/1675 1827/1827/1827
f 1823/1823/1823 1828/1828/1828 1351/1351/1351
f 1824/1824/1824 1823/1823/1823 1821/1821/1821
f 1815/1815/1815 1819/1819/1819 1813/1813/1813
f 1807/1807/1807 1810/1810/1810 1808/1808/1808
f 1827/1827/1827 1828/1828/1828 1823/1823/1823
f 1825/1825/1825 1351/1351/1351 1307/1307/1307
f 1810/1810/1810 1831/1831/1831 1811/1811/1811
f 1841/1841/1841 1843/1843/1843 1831/1831/1831
f 1806/1806/1806 1842/1842/1842 1814/1814/1814
f 1844/1844/1844 1809/1809/1809 1750/1750/1750
f 1841/1841/1841 1362/1362/1362 1845/1845/1845
f 1746/1746/1746 1687/1687/1687 1677/1677/1677
f 1822/1822/1822 1746/1746/1746 1823/1823/1823
f 1353/1353/1353 1826/1826/1826 1307/1307/1307
f 1753/1753/1753 1824/1824/1824 1821/1821/1821
f 1729/1729/1729 1728/1728/1728 1829/1829/1829
f 1831/1831/1831 1830/1830/1830 1841/1841/1841
f 1844/1844/1844 1807/1807/1807 1809/1809/1809
f 1750/1750/1750 1814/1814/1814 1844/1844/1844
f 1844/1844/1844 1814/1814/1814 1813/1813/1813
f 1844/1844/1844 1813/1813/1813 1807/1807/1807
f 1805/1805/1805 1800/1800/1800 1816/1816/1816
f 1819/1819/1819 1353/1353/1353 1354/1354/1354
f 1819/1819/1819 1821/1821/1821 1826/1826/1826
f 1806/1806/1806 1805/1805/1805 1842/1842/1842
f 1814/1814/1814 1842/1842/1842 1815/1815/1815
f 1820/1820/1820 1360/1360/1360 1830/1830/1830
f 1800/1800/1800 1760/1760/1760 1816/1816/1816
f 1816/1816/1816 1753/1753/1753 1821/1821/1821
f 1846/1846/1846 1847/1847/1847 1848/1848/1848
f 1849/1849/1849 1850/1850/1850 1851/1851/1851
f 1849/1849/1849 1852/1852/1852 1850/1850/1850
f 1853/1853/1853 1847/1847/1847 1854/1854/1854
f 1855/1855/1855 1849/1849/1849 1856/1856/1856
f 1857/1857/1857 1849/1849/1849 1858/1858/1858
f 1859/1859/1859 1860/1860/1860 1861/1861/1861
f 1862/1862/1862 1859/1859/1859 1863/1863/1863
f 1864/1864/1864 1863/1863/1863 1645/1645/1645
f 1865/1865/1865 1866/1866/1866 1867/1867/1867
f 1868/1868/1868 1869/1869/1869 1870/1870/1870
f 1871/1871/1871 1872/1872/1872 1832/1832/1832
f 1873/1873/1873 1874/1874/1874 1869/1869/1869
f 1875/1875/1875 1876/1876/1876 1877/1877/1877
f 1878/1878/1878 1855/1855/1855 1879/1879/1879
f 1880/1880/1880 1881/1881/1881 1882/1882/1882
f 1883/1883/1883 1884/1884/1884 1857/1857/1857
f 1883/1883/1883 1857/1857/1857 1885/1885/1885
f 1886/1886/1886 1876/1876/1876 1884/1884/1884
f 1887/1887/1887 1876/1876/1876 1886/1886/1886
f 1888/1888/1888 1884/1884/1884 1883/1883/1883
f 1888/1888/1888 1886/1886/1886 1884/1884/1884
f 1889/1889/1889 1890/1890/1890 1878/1878/1878
f 1891/1891/1891 1892/1892/1892 1868/1868/1868
f 1872/1872/1872 1893/1893/1893 1756/1756/1756
f 1894/1894/1894 1869/1869/1869 1895/1895/1895
f 1869/1869/1869 1874/1874/1874 1895/1895/1895
f 1896/1896/1896 1871/1871/1871 1832/1832/1832
f 1897/1897/1897 1898/1898/1898 1873/1873/1873
f 1892/1892/1892 1897/1897/1897 1868/1868/1868
f 1899/1899/1899 1896/1896/1896 1900/1900/1900
f 1866/1866/1866 1899/1899/1899 1900/1900/1900
f 1901/1901/1901 1902/1902/1902 1903/1903/1903
f 1900/1900/1900 1896/1896/1896 1832/1832/1832
f 1904/1904/1904 1870/1870/1870 1871/1871/1871
f 1492/1492/1492 1867/1867/1867 1834/1834/1834
f 1867/1867/1867 1866/1866/1866 1834/1834/1834
f 1904/1904/1904 1899/1899/1899 1865/1865/1865
f 1888/1888/1888 1883/1883/1883 1905/1905/1905
f 1882/1882/1882 1904/1904/1904 1865/1865/1865
f 1834/1834/1834 1900/1900/1900 1736/1736/1736
f 1882/1882/1882 1867/1867/1867 1633/1633/1633
f 1906/1906/1906 1907/1907/1907 1908/1908/1908
f 1872/1872/1872 1756/1756/1756 1832/1832/1832
f 1909/1909/1909 1910/1910/1910 1906/1906/1906
f 1910/1910/1910 1911/1911/1911 1912/1912/1912
f 1913/1913/1913 1876/1876/1876 1887/1887/1887
f 1645/1645/1645 1914/1914/1914 1594/1594/1594
f 1915/1915/1915 1889/1889/1889 1916/1916/1916
f 1856/1856/1856 1908/1908/1908 1898/1898/1898
f 1645/1645/1645 1863/1863/1863 1914/1914/1914
f 1594/1594/1594 1914/1914/1914 1619/1619/1619
f 1914/1914/1914 1915/1915/1915 1916/1916/1916
f 1860/1860/1860 1901/1901/1901 1905/1905/1905
f 1880/1880/1880 1891/1891/1891 1881/1881/1881
f 1847/1847/1847 1917/1917/1917 1918/1918/1918
f 1847/1847/1847 1919/1919/1919 1854/1854/1854
f 1920/1920/1920 1921/1921/1921 1922/1922/1922
f 1923/1923/1923 1924/1924/1924 1925/1925/1925
f 1850/1850/1850 1926/1926/1926 1909/1909/1909
f 1879/1879/1879 1892/1892/1892 1891/1891/1891
f 1891/1891/1891 1868/1868/1868 1870/1870/1870
f 1863/1863/1863 1927/1927/1927 1915/1915/1915
f 1923/1923/1923 1925/1925/1925 1921/1921/1921
f 1856/1856/1856 1898/1898/1898 1897/1897/1897
f 1856/1856/1856 1897/1897/1897 1892/1892/1892
f 1885/1885/1885 1857/1857/1857 1855/1855/1855
f 1849/1849/1849 1857/1857/1857 1875/1875/1875
f 1889/1889/1889 1878/1878/1878 1928/1928/1928
f 1642/1642/1642 1882/1882/1882 1633/1633/1633
f 1929/1929/1929 1930/1930/1930 1931/1931/1931
f 1902/1902/1902 1888/1888/1888 1905/1905/1905
f 1932/1932/1932 1886/1886/1886 1888/1888/1888
f 1883/1883/1883 1885/1885/1885 1890/1890/1890
f 1895/1895/1895 1933/1933/1933 1893/1893/1893
f 1894/1894/1894 1895/1895/1895 1893/1893/1893
f 1868/1868/1868 1873/1873/1873 1869/1869/1869
f 1916/1916/1916 1889/1889/1889 1928/1928/1928
f 1913/1913/1913 1848/1848/1848 1853/1853/1853
f 1902/1902/1902 1932/1932/1932 1888/1888/1888
f 1898/1898/1898 1907/1907/1907 1873/1873/1873
f 1897/1897/1897 1873/1873/1873 1868/1868/1868
f 1910/1910/1910 1934/1934/1934 1935/1935/1935
f 1936/1936/1936 1937/1937/1937 1910/1910/1910
f 1929/1929/1929 1938/1938/1938 1930/1930/1930
f 1919/1919/1919 1939/1939/1939 1936/1936/1936
f 1919/1919/1919 1940/1940/1940 1939/1939/1939
f 1909/1909/1909 1926/1926/1926 1910/1910/1910
f 1936/1936/1936 1939/1939/1939 1937/1937/1937
f 1848/1848/1848 1847/1847/1847 1853/1853/1853
f 1937/1937/1937 1934/1934/1934 1910/1910/1910
f 1918/1918/1918 1941/1941/1941 1919/1919/1919
f 1866/1866/1866 1900/1900/1900 1834/1834/1834
f 1935/1935/1935 1929/1929/1929 1931/1931/1931
f 1910/1910/1910 1931/1931/1931 1911/1911/1911
f 1924/1924/1924 1942/1942/1942 1925/1925/1925
f 1943/1943/1943 1944/1944/1944 1945/1945/1945
f 1850/1850/1850 1936/1936/1936 1926/1926/1926
f 1877/1877/1877 1936/1936/1936 1850/1850/1850
f 1904/1904/1904 1896/1896/1896 1899/1899/1899
f 1846/1846/1846 1917/1917/1917 1847/1847/1847
f 1904/1904/1904 1871/1871/1871 1896/1896/1896
f 1933/1933/1933 1751/1751/1751 1756/1756/1756
f 1867/1867/1867 1492/1492/1492 1633/1633/1633
f 1941/1941/1941 1940/1940/1940 1919/1919/1919
f 1900/1900/1900 1832/1832/1832 1736/1736/1736
f 1918/1918/1918 1946/1946/1946 1941/1941/1941
f 1860/1860/1860 1905/1905/1905 1890/1890/1890
f 1882/1882/1882 1881/1881/1881 1904/1904/1904
f 1851/1851/1851 1909/1909/1909 1908/1908/1908
f 1885/1885/1885 1855/1855/1855 1878/1878/1878
f 1922/1922/1922 1933/1933/1933 1895/1895/1895
f 1874/1874/1874 1922/1922/1922 1895/1895/1895
f 1873/1873/1873 1912/1912/1912 1874/1874/1874
f 1849/1849/1849 1851/1851/1851 1856/1856/1856
f 1853/1853/1853 1854/1854/1854 1877/1877/1877
f 1921/1921/1921 1943/1943/1943 1922/1922/1922
f 1863/1863/1863 1915/1915/1915 1914/1914/1914
f 1947/1947/1947 1887/1887/1887 1932/1932/1932
f 1850/1850/1850 1909/1909/1909 1851/1851/1851
f 1855/1855/1855 1856/1856/1856 1892/1892/1892
f 1891/1891/1891 1870/1870/1870 1881/1881/1881
f 1877/1877/1877 1852/1852/1852 1849/1849/1849
f 1893/1893/1893 1872/1872/1872 1871/1871/1871
f 1882/1882/1882 1865/1865/1865 1867/1867/1867
f 1863/1863/1863 1859/1859/1859 1861/1861/1861
f 1859/1859/1859 1901/1901/1901 1860/1860/1860
f 1948/1948/1948 1949/1949/1949 1901/1901/1901
f 1932/1932/1932 1887/1887/1887 1886/1886/1886
f 1947/1947/1947 1950/1950/1950 1887/1887/1887
f 1906/1906/1906 1910/1910/1910 1912/1912/1912
f 1945/1945/1945 1951/1951/1951 1838/1838/1838
f 1942/1942/1942 1952/1952/1952 1925/1925/1925
f 1930/1930/1930 1938/1938/1938 1924/1924/1924
f 1877/1877/1877 1850/1850/1850 1852/1852/1852
f 1851/1851/1851 1908/1908/1908 1856/1856/1856
f 1893/1893/1893 1933/1933/1933 1756/1756/1756
f 1902/1902/1902 1947/1947/1947 1932/1932/1932
f 1908/1908/1908 1909/1909/1909 1906/1906/1906
f 1928/1928/1928 1953/1953/1953 1880/1880/1880
f 1921/1921/1921 1925/1925/1925 1943/1943/1943
f 1910/1910/1910 1935/1935/1935 1931/1931/1931
f 1914/1914/1914 1916/1916/1916 1619/1619/1619
f 1922/1922/1922 1943/1943/1943 1954/1954/1954
f 1912/1912/1912 1921/1921/1921 1920/1920/1920
f 1921/1921/1921 1931/1931/1931 1923/1923/1923
f 1901/1901/1901 1903/1903/1903 1905/1905/1905
f 1928/1928/1928 1878/1878/1878 1953/1953/1953
f 1890/1890/1890 1885/1885/1885 1878/1878/1878
f 1912/1912/1912 1911/1911/1911 1921/1921/1921
f 1935/1935/1935 1934/1934/1934 1929/1929/1929
f 1847/1847/1847 1918/1918/1918 1919/1919/1919
f 1954/1954/1954 1837/1837/1837 1786/1786/1786
f 1854/1854/1854 1919/1919/1919 1936/1936/1936
f 1945/1945/1945 1838/1838/1838 1793/1793/1793
f 1913/1913/1913 1853/1853/1853 1876/1876/1876
f 1907/1907/1907 1912/1912/1912 1873/1873/1873
f 1863/1863/1863 1861/1861/1861 1927/1927/1927
f 1922/1922/1922 1954/1954/1954 1786/1786/1786
f 1874/1874/1874 1912/1912/1912 1920/1920/1920
f 1907/1907/1907 1906/1906/1906 1912/1912/1912
f 1954/1954/1954 1793/1793/1793 1837/1837/1837
f 1933/1933/1933 1786/1786/1786 1751/1751/1751
f 1903/1903/1903 1902/1902/1902 1905/1905/1905
f 1905/1905/1905 1883/1883/1883 1890/1890/1890
f 1629/1629/1629 1880/1880/1880 1882/1882/1882
f 1854/1854/1854 1936/1936/1936 1877/1877/1877
f 1936/1936/1936 1910/1910/1910 1926/1926/1926
f 1865/1865/1865 1899/1899/1899 1866/1866/1866
f 1870/1870/1870 1894/1894/1894 1871/1871/1871
f 1894/1894/1894 1893/1893/1893 1871/1871/1871
f 1878/1878/1878 1879/1879/1879 1880/1880/1880
f 1884/1884/1884 1875/1875/1875 1857/1857/1857
f 1857/1857/1857 1858/1858/1858 1855/1855/1855
f 1877/1877/1877 1849/1849/1849 1875/1875/1875
f 1629/1629/1629 1882/1882/1882 1642/1642/1642
f 1619/1619/1619 1955/1955/1955 1620/1620/1620
f 1916/1916/1916 1955/1955/1955 1619/1619/1619
f 1620/1620/1620 1928/1928/1928 1629/1629/1629
f 1955/1955/1955 1928/1928/1928 1620/1620/1620
f 1838/1838/1838 1951/1951/1951 1738/1738/1738
f 1952/1952/1952 1951/1951/1951 1944/1944/1944
f 1924/1924/1924 1938/1938/1938 1942/1942/1942
f 1876/1876/1876 1875/1875/1875 1884/1884/1884
f 1954/1954/1954 1945/1945/1945 1793/1793/1793
f 1925/1925/1925 1944/1944/1944 1943/1943/1943
f 1861/1861/1861 1890/1890/1890 1889/1889/1889
f 1858/1858/1858 1849/1849/1849 1855/1855/1855
f 1931/1931/1931 1930/1930/1930 1923/1923/1923
f 1861/1861/1861 1889/1889/1889 1915/1915/1915
f 1944/1944/1944 1951/1951/1951 1945/1945/1945
f 1933/1933/1933 1922/1922/1922 1786/1786/1786
f 1920/1920/1920 1922/1922/1922 1874/1874/1874
f 1925/1925/1925 1952/1952/1952 1944/1944/1944
f 1943/1943/1943 1945/1945/1945 1954/1954/1954
f 1859/1859/1859 1948/1948/1948 1901/1901/1901
f 1949/1949/1949 1902/1902/1902 1901/1901/1901
f 1930/1930/1930 1924/1924/1924 1923/1923/1923
f 1860/1860/1860 1890/1890/1890 1861/1861/1861
f 1928/1928/1928 1880/1880/1880 1629/1629/1629
f 1898/1898/1898 1908/1908/1908 1907/1907/1907
f 1862/1862/1862 1863/1863/1863 1864/1864/1864
f 1950/1950/1950 1913/1913/1913 1887/1887/1887
f 1881/1881/1881 1870/1870/1870 1904/1904/1904
f 1931/1931/1931 1921/1921/1921 1911/1911/1911
f 1916/1916/1916 1928/1928/1928 1955/1955/1955
f 1927/1927/1927 1861/1861/1861 1915/1915/1915
f 1876/1876/1876 1853/1853/1853 1877/1877/1877
f 1879/1879/1879 1855/1855/1855 1892/1892/1892
f 1880/1880/1880 1879/1879/1879 1891/1891/1891
f 1953/1953/1953 1878/1878/1878 1880/1880/1880
f 1870/1870/1870 1869/1869/1869 1894/1894/1894
f 1956/1956/1956 1957/1957/1957 1958/1958/1958
f 1959/1959/1959 1960/1960/1960 1961/1961/1961
f 1962/1962/1962 1963/1963/1963 1964/1964/1964
f 1740/1740/1740 1965/1965/1965 1772/1772/1772
f 1966/1966/1966 1967/1967/1967 1957/1957/1957
f 1968/1968/1968 1966/1966/1966 1956/1956/1956
f 1969/1969/1969 1970/1970/1970 1971/1971/1971
f 1972/1972/1972 1973/1973/1973 1974/1974/1974
f 1975/1975/1975 1976/1976/1976 1977/1977/1977
f 1978/1978/1978 1979/1979/1979 1980/1980/1980
f 1981/1981/1981 1982/1982/1982 1983/1983/1983
f 1972/1972/1972 1974/1974/1974 1984/1984/1984
f 1985/1985/1985 1969/1969/1969 1986/1986/1986
f 1987/1987/1987 1986/1986/1986 1973/1973/1973
f 1973/1973/1973 1986/1986/1986 1974/1974/1974
f 1986/1986/1986 1988/1988/1988 1974/1974/1974
f 1989/1989/1989 1990/1990/1990 1969/1969/1969
f 1991/1991/1991 1956/1956/1956 1981/1981/1981
f 1958/1958/1958 1992/1992/1992 1993/1993/1993
f 1977/1977/1977 1994/1994/1994 1995/1995/1995
f 1968/1968/1968 1956/1956/1956 1991/1991/1991
f 1989/1989/1989 1969/1969/1969 1985/1985/1985
f 1995/1995/1995 1960/1960/1960 1959/1959/1959
f 1992/1992/1992 1995/1995/1995 1996/1996/1996
f 1917/1917/1917 1997/1997/1997 1998/1998/1998
f 1999/1999/1999 1996/1996/1996 2000/2000/2000
f 1939/1939/1939 2001/2001/2001 2002/2002/2002
f 2003/2003/2003 2004/2004/2004 1767/1767/1767
f 1971/1971/1971 2005/2005/2005 1986/1986/1986
f 2006/2006/2006 2007/2007/2007 2008/2008/2008
f 2009/2009/2009 2010/2010/2010 2011/2011/2011
f 2012/2012/2012 2006/2006/2006 2013/2013/2013
f 2014/2014/2014 2009/2009/2009 2011/2011/2011
f 1938/1938/1938 2010/2010/2010 2006/2006/2006
f 2015/2015/2015 2016/2016/2016 1971/1971/1971
f 2017/2017/2017 2003/2003/2003 2018/2018/2018
f 2016/2016/2016 2019/2019/2019 1971/1971/1971
f 2020/2020/2020 1972/1972/1972 1984/1984/1984
f 2020/2020/2020 1984/1984/1984 2021/2021/2021
f 1984/1984/1984 1988/1988/1988 2022/2022/2022
f 2023/2023/2023 2024/2024/2024 2025/2025/2025
f 2011/2011/2011 2010/2010/2010 1938/1938/1938
f 2022/2022/2022 1988/1988/1988 2026/2026/2026
f 2026/2026/2026 2005/2005/2005 2027/2027/2027
f 1996/1996/1996 2017/2017/2017 2018/2018/2018
f 1938/1938/1938 2006/2006/2006 1942/1942/1942
f 1942/1942/1942 2012/2012/2012 1952/1952/1952
f 1741/1741/1741 2008/2008/2008 1767/1767/1767
f 2024/2024/2024 2027/2027/2027 2028/2028/2028
f 2009/2009/2009 1999/1999/1999 2010/2010/2010
f 1996/1996/1996 2018/2018/2018 2000/2000/2000
f 2029/2029/2029 2030/2030/2030 2001/2001/2001
f 2003/2003/2003 2031/2031/2031 2004/2004/2004
f 2018/2018/2018 2032/2032/2032 2000/2000/2000
f 2017/2017/2017 1964/1964/1964 2003/2003/2003
f 2033/2033/2033 1770/1770/1770 2034/2034/2034
f 2010/2010/2010 2007/2007/2007 2006/2006/2006
f 2030/2030/2030 1981/1981/1981 1983/1983/1983
f 2035/2035/2035 2036/2036/2036 2037/2037/2037
f 2038/2038/2038 2000/2000/2000 2007/2007/2007
f 2032/2032/2032 2003/2003/2003 2008/2008/2008
f 2019/2019/2019 2039/2039/2039 2040/2040/2040
f 1978/1978/1978 1710/1710/1710 2041/2041/2041
f 2042/2042/2042 1968/1968/1968 1991/1991/1991
f 1982/1982/1982 1981/1981/1981 1956/1956/1956
f 2025/2025/2025 1961/1961/1961 1960/1960/1960
f 1967/1967/1967 1975/1975/1975 1957/1957/1957
f 1957/1957/1957 1977/1977/1977 1992/1992/1992
f 2022/2022/2022 1967/1967/1967 1968/1968/1968
f 1984/1984/1984 2022/2022/2022 1968/1968/1968
f 1978/1978/1978 2041/2041/2041 1772/1772/1772
f 1918/1918/1918 1917/1917/1917 1998/1998/1998
f 1962/1962/1962 1979/1979/1979 1978/1978/1978
f 1978/1978/1978 1980/1980/1980 1710/1710/1710
f 2034/2034/2034 1770/1770/1770 1712/1712/1712
f 1961/1961/1961 1962/1962/1962 1959/1959/1959
f 1963/1963/1963 1965/1965/1965 2031/2031/2031
f 2021/2021/2021 1984/1984/1984 2042/2042/2042
f 2043/2043/2043 1999/1999/1999 2014/2014/2014
f 1946/1946/1946 1998/1998/1998 2029/2029/2029
f 1998/1998/1998 2030/2030/2030 2029/2029/2029
f 1918/1918/1918 1998/1998/1998 1946/1946/1946
f 2044/2044/2044 2030/2030/2030 1997/1997/1997
f 2045/2045/2045 2046/2046/2046 1981/1981/1981
f 1962/1962/1962 1978/1978/1978 1963/1963/1963
f 1970/1970/1970 2015/2015/2015 1971/1971/1971
f 1994/1994/1994 1960/1960/1960 1995/1995/1995
f 2025/2025/2025 1979/1979/1979 1961/1961/1961
f 2008/2008/2008 2003/2003/2003 1767/1767/1767
f 2029/2029/2029 2001/2001/2001 1939/1939/1939
f 2031/2031/2031 1740/1740/1740 1769/1769/1769
f 1965/1965/1965 1740/1740/1740 2031/2031/2031
f 2024/2024/2024 2028/2028/2028 2040/2040/2040
f 1963/1963/1963 2031/2031/2031 1964/1964/1964
f 1979/1979/1979 2040/2040/2040 2047/2047/2047
f 1941/1941/1941 2029/2029/2029 1940/1940/1940
f 2041/2041/2041 1710/1710/1710 1709/1709/1709
f 2028/2028/2028 2019/2019/2019 2040/2040/2040
f 1959/1959/1959 1962/1962/1962 1964/1964/1964
f 1979/1979/1979 2047/2047/2047 1980/1980/1980
f 1995/1995/1995 1959/1959/1959 2017/2017/2017
f 1956/1956/1956 1966/1966/1966 1957/1957/1957
f 1976/1976/1976 2025/2025/2025 1994/1994/1994
f 2048/2048/2048 2042/2042/2042 1991/1991/1991
f 1966/1966/1966 1968/1968/1968 1967/1967/1967
f 1957/1957/1957 1975/1975/1975 1977/1977/1977
f 1992/1992/1992 1977/1977/1977 1995/1995/1995
f 1977/1977/1977 1976/1976/1976 1994/1994/1994
f 1975/1975/1975 2023/2023/2023 1976/1976/1976
f 1987/1987/1987 1985/1985/1985 1986/1986/1986
f 1988/1988/1988 1986/1986/1986 2005/2005/2005
f 1958/1958/1958 1957/1957/1957 1992/1992/1992
f 2049/2049/2049 1970/1970/1970 1969/1969/1969
f 2000/2000/2000 2032/2032/2032 2007/2007/2007
f 2046/2046/2046 2050/2050/2050 2051/2051/2051
f 2023/2023/2023 2026/2026/2026 2024/2024/2024
f 1967/1967/1967 2022/2022/2022 2023/2023/2023
f 2010/2010/2010 2038/2038/2038 2007/2007/2007
f 1946/1946/1946 2029/2029/2029 1941/1941/1941
f 2010/2010/2010 2000/2000/2000 2038/2038/2038
f 1993/1993/1993 1992/1992/1992 1999/1999/1999
f 1767/1767/1767 2004/2004/2004 1693/1693/1693
f 2003/2003/2003 1964/1964/1964 2031/2031/2031
f 2005/2005/2005 1971/1971/1971 2019/2019/2019
f 1996/1996/1996 1995/1995/1995 2017/2017/2017
f 2037/2037/2037 2034/2034/2034 1712/1712/1712
f 1708/1708/1708 1712/1712/1712 1711/1711/1711
f 1980/1980/1980 2037/2037/2037 1712/1712/1712
f 1772/1772/1772 2041/2041/2041 1709/1709/1709
f 1963/1963/1963 1978/1978/1978 1965/1965/1965
f 2030/2030/2030 2044/2044/2044 2045/2045/2045
f 1969/1969/1969 1971/1971/1971 1986/1986/1986
f 1956/1956/1956 1958/1958/1958 1993/1993/1993
f 1984/1984/1984 1974/1974/1974 1988/1988/1988
f 1934/1934/1934 2011/2011/2011 1929/1929/1929
f 1994/1994/1994 2025/2025/2025 1960/1960/1960
f 2025/2025/2025 2024/2024/2024 1979/1979/1979
f 1965/1965/1965 1978/1978/1978 1772/1772/1772
f 2017/2017/2017 1959/1959/1959 1964/1964/1964
f 1942/1942/1942 2006/2006/2006 2012/2012/2012
f 1934/1934/1934 2014/2014/2014 2011/2011/2011
f 2044/2044/2044 2052/2052/2052 2045/2045/2045
f 1997/1997/1997 2030/2030/2030 1998/1998/1998
f 1999/1999/1999 1992/1992/1992 1996/1996/1996
f 1952/1952/1952 2012/2012/2012 2013/2013/2013
f 1982/1982/1982 1993/1993/1993 2043/2043/2043
f 1952/1952/1952 2013/2013/2013 1951/1951/1951
f 1967/1967/1967 2023/2023/2023 1975/1975/1975
f 1999/1999/1999 2000/2000/2000 2010/2010/2010
f 1984/1984/1984 1968/1968/1968 2042/2042/2042
f 2023/2023/2023 2025/2025/2025 1976/1976/1976
f 2053/2053/2053 1991/1991/1991 1981/1981/1981
f 2053/2053/2053 1981/1981/1981 2046/2046/2046
f 2005/2005/2005 2028/2028/2028 2027/2027/2027
f 2028/2028/2028 2005/2005/2005 2019/2019/2019
f 1939/1939/1939 2002/2002/2002 1937/1937/1937
f 2030/2030/2030 1983/1983/1983 2001/2001/2001
f 2001/2001/2001 2043/2043/2043 2002/2002/2002
f 2045/2045/2045 2050/2050/2050 2046/2046/2046
f 2043/2043/2043 1993/1993/1993 1999/1999/1999
f 2023/2023/2023 2022/2022/2022 2026/2026/2026
f 2026/2026/2026 1988/1988/1988 2005/2005/2005
f 2026/2026/2026 2027/2027/2027 2024/2024/2024
f 1951/1951/1951 2013/2013/2013 1741/1741/1741
f 1982/1982/1982 1956/1956/1956 1993/1993/1993
f 1990/1990/1990 2049/2049/2049 1969/1969/1969
f 1980/1980/1980 2047/2047/2047 2037/2037/2037
f 1710/1710/1710 1980/1980/1980 1708/1708/1708
f 2019/2019/2019 2016/2016/2016 2039/2039/2039
f 2040/2040/2040 2039/2039/2039 2035/2035/2035
f 2035/2035/2035 2039/2039/2039 2036/2036/2036
f 2047/2047/2047 2035/2035/2035 2037/2037/2037
f 2036/2036/2036 2033/2033/2033 2034/2034/2034
f 1929/1929/1929 2011/2011/2011 1938/1938/1938
f 2002/2002/2002 2043/2043/2043 2014/2014/2014
f 2004/2004/2004 2031/2031/2031 1769/1769/1769
f 2004/2004/2004 1769/1769/1769 1693/1693/1693
f 1772/1772/1772 1694/1694/1694 1740/1740/1740
f 2002/2002/2002 2014/2014/2014 1934/1934/1934
f 2001/2001/2001 1983/1983/1983 2043/2043/2043
f 2036/2036/2036 2034/2034/2034 2037/2037/2037
f 1980/1980/1980 1712/1712/1712 1708/1708/1708
f 2030/2030/2030 2045/2045/2045 1981/1981/1981
f 2007/2007/2007 2032/2032/2032 2008/2008/2008
f 1937/1937/1937 2002/2002/2002 1934/1934/1934
f 2040/2040/2040 2035/2035/2035 2047/2047/2047
f 2024/2024/2024 2040/2040/2040 1979/1979/1979
f 1940/1940/1940 2029/2029/2029 1939/1939/1939
f 1961/1961/1961 1979/1979/1979 1962/1962/1962
f 1951/1951/1951 1741/1741/1741 1738/1738/1738
f 1983/1983/1983 1982/1982/1982 2043/2043/2043
f 2014/2014/2014 1999/1999/1999 2009/2009/2009
f 2006/2006/2006 2008/2008/2008 2013/2013/2013
f 2008/2008/2008 1741/1741/1741 2013/2013/2013
f 2018/2018/2018 2003/2003/2003 2032/2032/2032
f 2033/2033/2033 1802/1802/1802 1770/1770/1770
f 2054/2054/2054 2055/2055/2055 2056/2056/2056
f 2057/2057/2057 2058/2058/2058 2059/2059/2059
f 2060/2060/2060 2061/2061/2061 2062/2062/2062
f 2063/2063/2063 2064/2064/2064 2065/2065/2065
f 2062/2062/2062 2061/2061/2061 2066/2066/2066
f 2067/2067/2067 2062/2062/2062 2066/2066/2066
f 2068/2068/2068 2062/2062/2062 2067/2067/2067
f 2069/2069/2069 2070/2070/2070 2071/2071/2071
f 2072/2072/2072 2073/2073/2073 2074/2074/2074
f 2075/2075/2075 2076/2076/2076 2077/2077/2077
f 2078/2078/2078 2069/2069/2069 2079/2079/2079
f 2072/2072/2072 2077/2077/2077 2073/2073/2073
f 2074/2074/2074 2073/2073/2073 2080/2080/2080
f 2076/2076/2076 2069/2069/2069 2071/2071/2071
f 2081/2081/2081 2054/2054/2054 2082/2082/2082
f 2080/2080/2080 2082/2082/2082 2083/2083/2083
f 2084/2084/2084 2083/2083/2083 2085/2085/2085
f 2071/2071/2071 2086/2086/2086 2054/2054/2054
f 2087/2087/2087 2088/2088/2088 2089/2089/2089
f 2089/2089/2089 2088/2088/2088 2090/2090/2090
f 2056/2056/2056 2091/2091/2091 2057/2057/2057
f 2054/2054/2054 2056/2056/2056 2092/2092/2092
f 2090/2090/2090 2063/2063/2063 2093/2093/2093
f 2094/2094/2094 2093/2093/2093 2095/2095/2095
f 2059/2059/2059 2058/2058/2058 2096/2096/2096
f 2059/2059/2059 2096/2096/2096 2064/2064/2064
f 2097/2097/2097 2098/2098/2098 2099/2099/2099
f 2093/2093/2093 2065/2065/2065 2095/2095/2095
f 2100/2100/2100 2101/2101/2101 2102/2102/2102
f 2055/2055/2055 2103/2103/2103 2104/2104/2104
f 2086/2086/2086 2103/2103/2103 2055/2055/2055
f 2104/2104/2104 2105/2105/2105 2106/2106/2106
f 2107/2107/2107 2106/2106/2106 2108/2108/2108
f 2101/2101/2101 2109/2109/2109 2102/2102/2102
f 2102/2102/2102 2109/2109/2109 2110/2110/2110
f 2108/2108/2108 2111/2111/2111 2112/2112/2112
f 2096/2096/2096 2058/2058/2058 2108/2108/2108
f 2109/2109/2109 2113/2113/2113 2114/2114/2114
f 2113/2113/2113 2115/2115/2115 2114/2114/2114
f 2064/2064/2064 2116/2116/2116 2117/2117/2117
f 2118/2118/2118 2119/2119/2119 2120/2120/2120
f 2121/2121/2121 2064/2064/2064 2117/2117/2117
f 1478/1478/1478 2122/2122/2122 2123/2123/2123
f 2120/2120/2120 2124/2124/2124 2125/2125/2125
f 2126/2126/2126 2095/2095/2095 2122/2122/2122
f 2118/2118/2118 2127/2127/2127 2119/2119/2119
f 2128/2128/2128 2068/2068/2068 2127/2127/2127
f 2129/2129/2129 2117/2117/2117 2112/2112/2112
f 2130/2130/2130 2117/2117/2117 2129/2129/2129
f 2131/2131/2131 2130/2130/2130 2129/2129/2129
f 1464/1464/1464 2123/2123/2123 1485/1485/1485
f 2132/2132/2132 2133/2133/2133 2134/2134/2134
f 2066/2066/2066 2135/2135/2135 2132/2132/2132
f 2066/2066/2066 2132/2132/2132 2136/2136/2136
f 2137/2137/2137 2138/2138/2138 2136/2136/2136
f 2138/2138/2138 2066/2066/2066 2136/2136/2136
f 2129/2129/2129 2112/2112/2112 2139/2139/2139
f 2086/2086/2086 2140/2140/2140 2103/2103/2103
f 2141/2141/2141 2131/2131/2131 2142/2142/2142
f 2123/2123/2123 2122/2122/2122 2131/2131/2131
f 2143/2143/2143 2144/2144/2144 2145/2145/2145
f 2146/2146/2146 2147/2147/2147 2143/2143/2143
f 1483/1483/1483 2148/2148/2148 1467/1467/1467
f 2149/2149/2149 2145/2145/2145 2150/2150/2150
f 2151/2151/2151 2152/2152/2152 2153/2153/2153
f 2154/2154/2154 2145/2145/2145 2149/2149/2149
f 1468/1468/1468 2146/2146/2146 2143/2143/2143
f 2142/2142/2142 2129/2129/2129 2155/2155/2155
f 2136/2136/2136 2134/2134/2134 1627/1627/1627
f 2156/2156/2156 2157/2157/2157 2158/2158/2158
f 2137/2137/2137 2136/2136/2136 2156/2156/2156
f 2124/2124/2124 2156/2156/2156 2158/2158/2158
f 2131/2131/2131 2129/2129/2129 2142/2142/2142
f 2159/2159/2159 2155/2155/2155 2144/2144/2144
f 2076/2076/2076 2071/2071/2071 2077/2077/2077
f 2071/2071/2071 2140/2140/2140 2086/2086/2086
f 2160/2160/2160 2060/2060/2060 2062/2062/2062
f 2161/2161/2161 2125/2125/2125 2162/2162/2162
f 2127/2127/2127 2163/2163/2163 2119/2119/2119
f 2119/2119/2119 2124/2124/2124 2120/2120/2120
f 2164/2164/2164 2110/2110/2110 2098/2098/2098
f 2102/2102/2102 2110/2110/2110 2164/2164/2164
f 2067/2067/2067 2138/2138/2138 2165/2165/2165
f 2136/2136/2136 2157/2157/2157 2156/2156/2156
f 2163/2163/2163 2156/2156/2156 2124/2124/2124
f 2162/2162/2162 1632/1632/1632 2166/2166/2166
f 2167/2167/2167 2126/2126/2126 1473/1473/1473
f 2168/2168/2168 2166/2166/2166 1628/1628/1628
f 2162/2162/2162 2166/2166/2166 2169/2169/2169
f 2126/2126/2126 2122/2122/2122 1473/1473/1473
f 2170/2170/2170 2102/2102/2102 2171/2171/2171
f 2152/2152/2152 2172/2172/2172 2153/2153/2153
f 2172/2172/2172 2173/2173/2173 2174/2174/2174
f 2153/2153/2153 2174/2174/2174 2175/2175/2175
f 2176/2176/2176 2177/2177/2177 2178/2178/2178
f 2179/2179/2179 2161/2161/2161 2176/2176/2176
f 2180/2180/2180 2178/2178/2178 2181/2181/2181
f 2182/2182/2182 2176/2176/2176 2180/2180/2180
f 2177/2177/2177 2162/2162/2162 2169/2169/2169
f 2178/2178/2178 2169/2169/2169 2183/2183/2183
f 2106/2106/2106 2105/2105/2105 2184/2184/2184
f 2068/2068/2068 2165/2165/2165 2127/2127/2127
f 2128/2128/2128 2127/2127/2127 2185/2185/2185
f 2115/2115/2115 2186/2186/2186 2114/2114/2114
f 2102/2102/2102 2164/2164/2164 2171/2171/2171
f 2114/2114/2114 2187/2187/2187 2110/2110/2110
f 2164/2164/2164 2098/2098/2098 2188/2188/2188
f 2171/2171/2171 2164/2164/2164 2188/2188/2188
f 2171/2171/2171 2188/2188/2188 2097/2097/2097
f 2110/2110/2110 2187/2187/2187 2189/2189/2189
f 2187/2187/2187 2190/2190/2190 2189/2189/2189
f 2099/2099/2099 2098/2098/2098 2191/2191/2191
f 2189/2189/2189 2192/2192/2192 2191/2191/2191
f 2193/2193/2193 2191/2191/2191 2194/2194/2194
f 2099/2099/2099 2191/2191/2191 2195/2195/2195
f 2192/2192/2192 2068/2068/2068 2196/2196/2196
f 2192/2192/2192 2160/2160/2160 2068/2068/2068
f 2194/2194/2194 2197/2197/2197 2198/2198/2198
f 2193/2193/2193 2194/2194/2194 2105/2105/2105
f 2114/2114/2114 2186/2186/2186 2187/2187/2187
f 2199/2199/2199 2200/2200/2200 2192/2192/2192
f 2160/2160/2160 2062/2062/2062 2068/2068/2068
f 2132/2132/2132 2134/2134/2134 2136/2136/2136
f 2165/2165/2165 2138/2138/2138 2137/2137/2137
f 2124/2124/2124 2158/2158/2158 2201/2201/2201
f 2124/2124/2124 2201/2201/2201 1545/1545/1545
f 2157/2157/2157 1627/1627/1627 2202/2202/2202
f 2201/2201/2201 2202/2202/2202 1546/1546/1546
f 2202/2202/2202 1616/1616/1616 1546/1546/1546
f 2201/2201/2201 1546/1546/1546 1545/1545/1545
f 2134/2134/2134 1579/1579/1579 1622/1622/1622
f 2168/2168/2168 1558/1558/1558 2183/2183/2183
f 1627/1627/1627 2134/2134/2134 1622/1622/1622
f 2067/2067/2067 2066/2066/2066 2138/2138/2138
f 2125/2125/2125 2124/2124/2124 1545/1545/1545
f 2203/2203/2203 2128/2128/2128 2185/2185/2185
f 2105/2105/2105 2198/2198/2198 2204/2204/2204
f 2121/2121/2121 2065/2065/2065 2064/2064/2064
f 2078/2078/2078 2170/2170/2170 2069/2069/2069
f 2103/2103/2103 2140/2140/2140 2205/2205/2205
f 2116/2116/2116 2108/2108/2108 2112/2112/2112
f 2154/2154/2154 2206/2206/2206 2145/2145/2145
f 2150/2150/2150 2207/2207/2207 2151/2151/2151
f 2170/2170/2170 2171/2171/2171 2069/2069/2069
f 2106/2106/2106 2184/2184/2184 2208/2208/2208
f 2209/2209/2209 2210/2210/2210 2182/2182/2182
f 2180/2180/2180 2176/2176/2176 2178/2178/2178
f 2109/2109/2109 2211/2211/2211 2113/2113/2113
f 2195/2195/2195 2191/2191/2191 2193/2193/2193
f 2105/2105/2105 2194/2194/2194 2198/2198/2198
f 2186/2186/2186 2115/2115/2115 2212/2212/2212
f 2187/2187/2187 2186/2186/2186 2199/2199/2199
f 2192/2192/2192 2200/2200/2200 2160/2160/2160
f 2213/2213/2213 1632/1632/1632 2162/2162/2162
f 2125/2125/2125 1644/1644/1644 2213/2213/2213
f 2060/2060/2060 2214/2214/2214 2061/2061/2061
f 2215/2215/2215 2216/2216/2216 2199/2199/2199
f 2212/2212/2212 2215/2215/2215 2199/2199/2199
f 2199/2199/2199 2060/2060/2060 2200/2200/2200
f 2168/2168/2168 1628/1628/1628 1558/1558/1558
f 1558/1558/1558 1557/1557/1557 2172/2172/2172
f 2183/2183/2183 2172/2172/2172 2152/2152/2152
f 2174/2174/2174 2217/2217/2217 2175/2175/2175
f 2153/2153/2153 2175/2175/2175 2151/2151/2151
f 2132/2132/2132 2218/2218/2218 2133/2133/2133
f 2157/2157/2157 2136/2136/2136 1627/1627/1627
f 2118/2118/2118 2120/2120/2120 2219/2219/2219
f 2196/2196/2196 2128/2128/2128 2197/2197/2197
f 2134/2134/2134 2133/2133/2133 1579/1579/1579
f 1467/1467/1467 2146/2146/2146 1468/1468/1468
f 2095/2095/2095 2065/2065/2065 2122/2122/2122
f 2158/2158/2158 2157/2157/2157 2202/2202/2202
f 2103/2103/2103 2205/2205/2205 2104/2104/2104
f 2081/2081/2081 2071/2071/2071 2054/2054/2054
f 2083/2083/2083 2082/2082/2082 2220/2220/2220
f 2092/2092/2092 2056/2056/2056 2057/2057/2057
f 2056/2056/2056 2107/2107/2107 2091/2091/2091
f 2221/2221/2221 2059/2059/2059 2064/2064/2064
f 2222/2222/2222 2057/2057/2057 2221/2221/2221
f 2070/2070/2070 2195/2195/2195 2071/2071/2071
f 2155/2155/2155 2139/2139/2139 2223/2223/2223
f 2183/2183/2183 1558/1558/1558 2172/2172/2172
f 2186/2186/2186 2212/2212/2212 2199/2199/2199
f 2172/2172/2172 1557/1557/1557 2173/2173/2173
f 2194/2194/2194 2191/2191/2191 2196/2196/2196
f 2191/2191/2191 2192/2192/2192 2196/2196/2196
f 2223/2223/2223 2207/2207/2207 2144/2144/2144
f 2125/2125/2125 1545/1545/1545 1644/1644/1644
f 2119/2119/2119 2163/2163/2163 2124/2124/2124
f 2147/2147/2147 2159/2159/2159 2144/2144/2144
f 2147/2147/2147 2155/2155/2155 2159/2159/2159
f 1468/1468/1468 2143/2143/2143 2206/2206/2206
f 2223/2223/2223 2224/2224/2224 2207/2207/2207
f 2190/2190/2190 2199/2199/2199 2192/2192/2192
f 2187/2187/2187 2199/2199/2199 2190/2190/2190
f 2104/2104/2104 2205/2205/2205 2105/2105/2105
f 2166/2166/2166 1632/1632/1632 1526/1526/1526
f 2213/2213/2213 1603/1603/1603 1632/1632/1632
f 2213/2213/2213 1644/1644/1644 1603/1603/1603
f 2202/2202/2202 1627/1627/1627 1573/1573/1573
f 2166/2166/2166 1526/1526/1526 1628/1628/1628
f 2202/2202/2202 1573/1573/1573 1616/1616/1616
f 1557/1557/1557 1561/1561/1561 2173/2173/2173
f 2225/2225/2225 2150/2150/2150 2151/2151/2151
f 2223/2223/2223 2139/2139/2139 2224/2224/2224
f 2224/2224/2224 2180/2180/2180 2181/2181/2181
f 2139/2139/2139 2226/2226/2226 2227/2227/2227
f 2111/2111/2111 2228/2228/2228 2139/2139/2139
f 2206/2206/2206 2143/2143/2143 2145/2145/2145
f 2146/2146/2146 2148/2148/2148 2142/2142/2142
f 1467/1467/1467 2148/2148/2148 2146/2146/2146
f 2146/2146/2146 2142/2142/2142 2147/2147/2147
f 2147/2147/2147 2142/2142/2142 2155/2155/2155
f 2143/2143/2143 2147/2147/2147 2144/2144/2144
f 2229/2229/2229 2155/2155/2155 2223/2223/2223
f 2145/2145/2145 2144/2144/2144 2207/2207/2207
f 2144/2144/2144 2229/2229/2229 2223/2223/2223
f 1474/1474/1474 1464/1464/1464 1485/1485/1485
f 1483/1483/1483 1485/1485/1485 2141/2141/2141
f 2148/2148/2148 2141/2141/2141 2142/2142/2142
f 2155/2155/2155 2129/2129/2129 2139/2139/2139
f 1464/1464/1464 1478/1478/1478 2123/2123/2123
f 1485/1485/1485 2123/2123/2123 2131/2131/2131
f 1478/1478/1478 1473/1473/1473 2122/2122/2122
f 2122/2122/2122 2065/2065/2065 2121/2121/2121
f 2130/2130/2130 2122/2122/2122 2121/2121/2121
f 2064/2064/2064 2096/2096/2096 2116/2116/2116
f 2096/2096/2096 2108/2108/2108 2116/2116/2116
f 2056/2056/2056 2055/2055/2055 2104/2104/2104
f 2107/2107/2107 2104/2104/2104 2106/2106/2106
f 2071/2071/2071 2195/2195/2195 2140/2140/2140
f 2069/2069/2069 2171/2171/2171 2070/2070/2070
f 2070/2070/2070 2097/2097/2097 2195/2195/2195
f 2093/2093/2093 2063/2063/2063 2065/2065/2065
f 2221/2221/2221 2057/2057/2057 2059/2059/2059
f 2057/2057/2057 2091/2091/2091 2058/2058/2058
f 2058/2058/2058 2091/2091/2091 2108/2108/2108
f 2091/2091/2091 2107/2107/2107 2108/2108/2108
f 2094/2094/2094 2090/2090/2090 2093/2093/2093
f 2088/2088/2088 2220/2220/2220 2063/2063/2063
f 2140/2140/2140 2195/2195/2195 2193/2193/2193
f 2140/2140/2140 2193/2193/2193 2205/2205/2205
f 2137/2137/2137 2156/2156/2156 2163/2163/2163
f 2135/2135/2135 2218/2218/2218 2132/2132/2132
f 2063/2063/2063 2222/2222/2222 2221/2221/2221
f 2222/2222/2222 2092/2092/2092 2057/2057/2057
f 2082/2082/2082 2092/2092/2092 2222/2222/2222
f 2087/2087/2087 2220/2220/2220 2088/2088/2088
f 2082/2082/2082 2054/2054/2054 2092/2092/2092
f 2087/2087/2087 2085/2085/2085 2220/2220/2220
f 2100/2100/2100 2102/2102/2102 2170/2170/2170
f 2085/2085/2085 2083/2083/2083 2220/2220/2220
f 2080/2080/2080 2073/2073/2073 2082/2082/2082
f 2073/2073/2073 2081/2081/2081 2082/2082/2082
f 2077/2077/2077 2071/2071/2071 2081/2081/2081
f 2084/2084/2084 2080/2080/2080 2083/2083/2083
f 2072/2072/2072 2075/2075/2075 2077/2077/2077
f 2230/2230/2230 2079/2079/2079 2069/2069/2069
f 2076/2076/2076 2230/2230/2230 2069/2069/2069
f 2073/2073/2073 2077/2077/2077 2081/2081/2081
f 2054/2054/2054 2086/2086/2086 2055/2055/2055
f 2220/2220/2220 2222/2222/2222 2063/2063/2063
f 2220/2220/2220 2082/2082/2082 2222/2222/2222
f 2090/2090/2090 2088/2088/2088 2063/2063/2063
f 2056/2056/2056 2104/2104/2104 2107/2107/2107
f 2063/2063/2063 2221/2221/2221 2064/2064/2064
f 2070/2070/2070 2171/2171/2171 2097/2097/2097
f 2108/2108/2108 2208/2208/2208 2111/2111/2111
f 2193/2193/2193 2105/2105/2105 2205/2205/2205
f 2112/2112/2112 2111/2111/2111 2231/2231/2231
f 2098/2098/2098 2189/2189/2189 2191/2191/2191
f 2232/2232/2232 2219/2219/2219 2179/2179/2179
f 2189/2189/2189 2190/2190/2190 2192/2192/2192
f 2195/2195/2195 2097/2097/2097 2099/2099/2099
f 2199/2199/2199 2233/2233/2233 2060/2060/2060
f 2216/2216/2216 2233/2233/2233 2199/2199/2199
f 2172/2172/2172 2174/2174/2174 2153/2153/2153
f 2169/2169/2169 2166/2166/2166 2168/2168/2168
f 2169/2169/2169 2168/2168/2168 2183/2183/2183
f 2061/2061/2061 2135/2135/2135 2066/2066/2066
f 2117/2117/2117 2116/2116/2116 2112/2112/2112
f 2130/2130/2130 2121/2121/2121 2117/2117/2117
f 2131/2131/2131 2122/2122/2122 2130/2130/2130
f 2112/2112/2112 2231/2231/2231 2139/2139/2139
f 2200/2200/2200 2060/2060/2060 2160/2160/2160
f 2141/2141/2141 1485/1485/1485 2131/2131/2131
f 2194/2194/2194 2196/2196/2196 2197/2197/2197
f 2105/2105/2105 2234/2234/2234 2184/2184/2184
f 2155/2155/2155 2229/2229/2229 2144/2144/2144
f 2203/2203/2203 2232/2232/2232 2179/2179/2179
f 2204/2204/2204 2179/2179/2179 2184/2184/2184
f 2197/2197/2197 2128/2128/2128 2203/2203/2203
f 2148/2148/2148 1483/1483/1483 2141/2141/2141
f 2198/2198/2198 2197/2197/2197 2204/2204/2204
f 2234/2234/2234 2204/2204/2204 2184/2184/2184
f 2145/2145/2145 2207/2207/2207 2150/2150/2150
f 2208/2208/2208 2184/2184/2184 2228/2228/2228
f 2139/2139/2139 2209/2209/2209 2226/2226/2226
f 2185/2185/2185 2127/2127/2127 2118/2118/2118
f 2232/2232/2232 2118/2118/2118 2219/2219/2219
f 2184/2184/2184 2210/2210/2210 2228/2228/2228
f 2151/2151/2151 2207/2207/2207 2181/2181/2181
f 2210/2210/2210 2179/2179/2179 2182/2182/2182
f 2120/2120/2120 2125/2125/2125 2161/2161/2161
f 1472/1472/1472 2167/2167/2167 1473/1473/1473
f 2224/2224/2224 2181/2181/2181 2207/2207/2207
f 2127/2127/2127 2165/2165/2165 2137/2137/2137
f 2127/2127/2127 2137/2137/2137 2163/2163/2163
f 2108/2108/2108 2106/2106/2106 2208/2208/2208
f 2228/2228/2228 2210/2210/2210 2209/2209/2209
f 2219/2219/2219 2120/2120/2120 2161/2161/2161
f 2181/2181/2181 2152/2152/2152 2151/2151/2151
f 2068/2068/2068 2067/2067/2067 2165/2165/2165
f 2109/2109/2109 2114/2114/2114 2110/2110/2110
f 2188/2188/2188 2098/2098/2098 2097/2097/2097
f 2098/2098/2098 2110/2110/2110 2189/2189/2189
f 2060/2060/2060 2233/2233/2233 2214/2214/2214
f 2196/2196/2196 2068/2068/2068 2128/2128/2128
f 2204/2204/2204 2197/2197/2197 2203/2203/2203
f 2232/2232/2232 2185/2185/2185 2118/2118/2118
f 2204/2204/2204 2203/2203/2203 2179/2179/2179
f 2184/2184/2184 2179/2179/2179 2210/2210/2210
f 2203/2203/2203 2185/2185/2185 2232/2232/2232
f 2182/2182/2182 2179/2179/2179 2176/2176/2176
f 2234/2234/2234 2105/2105/2105 2204/2204/2204
f 2111/2111/2111 2139/2139/2139 2231/2231/2231
f 2228/2228/2228 2209/2209/2209 2139/2139/2139
f 2133/2133/2133 1580/1580/1580 1579/1579/1579
f 2201/2201/2201 2158/2158/2158 2202/2202/2202
f 2226/2226/2226 2209/2209/2209 2182/2182/2182
f 2176/2176/2176 2161/2161/2161 2177/2177/2177
f 2179/2179/2179 2219/2219/2219 2161/2161/2161
f 2226/2226/2226 2182/2182/2182 2180/2180/2180
f 2227/2227/2227 2226/2226/2226 2180/2180/2180
f 2162/2162/2162 2125/2125/2125 2213/2213/2213
f 2177/2177/2177 2161/2161/2161 2162/2162/2162
f 2178/2178/2178 2177/2177/2177 2169/2169/2169
f 2152/2152/2152 2178/2178/2178 2183/2183/2183
f 2181/2181/2181 2178/2178/2178 2152/2152/2152
f 2139/2139/2139 2227/2227/2227 2224/2224/2224
f 2227/2227/2227 2180/2180/2180 2224/2224/2224
f 2208/2208/2208 2228/2228/2228 2111/2111/2111
f 2235/2235/2235 2236/2236/2236 1947/1947/1947
f 2237/2237/2237 2238/2238/2238 2239/2239/2239
f 2236/2236/2236 1848/1848/1848 1913/1913/1913
f 2240/2240/2240 2239/2239/2239 2241/2241/2241
f 2242/2242/2242 2237/2237/2237 2240/2240/2240
f 2052/2052/2052 2243/2243/2243 2244/2244/2244
f 2245/2245/2245 2246/2246/2246 2247/2247/2247
f 2246/2246/2246 2248/2248/2248 2249/2249/2249
f 2250/2250/2250 2251/2251/2251 2252/2252/2252
f 2253/2253/2253 2248/2248/2248 2246/2246/2246
f 2253/2253/2253 2254/2254/2254 2248/2248/2248
f 2255/2255/2255 2256/2256/2256 2257/2257/2257
f 2256/2256/2256 2245/2245/2245 2044/2044/2044
f 1846/1846/1846 2255/2255/2255 1917/1917/1917
f 2258/2258/2258 2259/2259/2259 2242/2242/2242
f 2260/2260/2260 2242/2242/2242 2261/2261/2261
f 2262/2262/2262 2263/2263/2263 2260/2260/2260
f 2264/2264/2264 2262/2262/2262 2261/2261/2261
f 2265/2265/2265 2266/2266/2266 2267/2267/2267
f 2268/2268/2268 2261/2261/2261 2269/2269/2269
f 2251/2251/2251 1949/1949/1949 1948/1948/1948
f 2257/2257/2257 2256/2256/2256 1997/1997/1997
f 1997/1997/1997 2256/2256/2256 2044/2044/2044
f 2241/2241/2241 2235/2235/2235 1947/1947/1947
f 2115/2115/2115 2270/2270/2270 2212/2212/2212
f 2243/2243/2243 2247/2247/2247 2271/2271/2271
f 2272/2272/2272 2273/2273/2273 2274/2274/2274
f 2275/2275/2275 2276/2276/2276 2274/2274/2274
f 2275/2275/2275 2274/2274/2274 2277/2277/2277
f 2045/2045/2045 2052/2052/2052 2244/2244/2244
f 2276/2276/2276 2270/2270/2270 2272/2272/2272
f 2212/2212/2212 2276/2276/2276 2275/2275/2275
f 2045/2045/2045 2244/2244/2244 2050/2050/2050
f 2275/2275/2275 2277/2277/2277 2216/2216/2216
f 2278/2278/2278 2279/2279/2279 2280/2280/2280
f 2279/2279/2279 2281/2281/2281 2282/2282/2282
f 2233/2233/2233 2278/2278/2278 2214/2214/2214
f 2283/2283/2283 2284/2284/2284 2285/2285/2285
f 2255/2255/2255 2257/2257/2257 1917/1917/1917
f 2239/2239/2239 2238/2238/2238 2286/2286/2286
f 2245/2245/2245 2052/2052/2052 2044/2044/2044
f 2287/2287/2287 2288/2288/2288 2289/2289/2289
f 2282/2282/2282 2287/2287/2287 2289/2289/2289
f 2264/2264/2264 2282/2282/2282 2290/2290/2290
f 2291/2291/2291 2292/2292/2292 2237/2237/2237
f 2245/2245/2245 2247/2247/2247 2243/2243/2243
f 2290/2290/2290 2262/2262/2262 2264/2264/2264
f 2293/2293/2293 2266/2266/2266 2265/2265/2265
f 2241/2241/2241 1902/1902/1902 1949/1949/1949
f 2133/2133/2133 2252/2252/2252 1580/1580/1580
f 2266/2266/2266 2269/2269/2269 2294/2294/2294
f 2264/2264/2264 2261/2261/2261 2266/2266/2266
f 2242/2242/2242 2240/2240/2240 2261/2261/2261
f 2286/2286/2286 2235/2235/2235 2241/2241/2241
f 2237/2237/2237 2239/2239/2239 2240/2240/2240
f 2295/2295/2295 2285/2285/2285 2238/2238/2238
f 2282/2282/2282 2289/2289/2289 2296/2296/2296
f 2216/2216/2216 2281/2281/2281 2279/2279/2279
f 2212/2212/2212 2275/2275/2275 2215/2215/2215
f 2279/2279/2279 2282/2282/2282 2280/2280/2280
f 2277/2277/2277 2281/2281/2281 2216/2216/2216
f 2277/2277/2277 2274/2274/2274 2287/2287/2287
f 2276/2276/2276 2272/2272/2272 2274/2274/2274
f 2284/2284/2284 2253/2253/2253 2256/2256/2256
f 2287/2287/2287 2297/2297/2297 2288/2288/2288
f 2284/2284/2284 2298/2298/2298 2253/2253/2253
f 2246/2246/2246 2249/2249/2249 2247/2247/2247
f 2218/2218/2218 2265/2265/2265 2267/2267/2267
f 2264/2264/2264 2266/2266/2266 2293/2293/2293
f 2061/2061/2061 2299/2299/2299 2135/2135/2135
f 2214/2214/2214 2278/2278/2278 2299/2299/2299
f 2278/2278/2278 2293/2293/2293 2299/2299/2299
f 2269/2269/2269 2241/2241/2241 1949/1949/1949
f 2133/2133/2133 2250/2250/2250 2252/2252/2252
f 2250/2250/2250 2269/2269/2269 2251/2251/2251
f 2052/2052/2052 2245/2245/2245 2243/2243/2243
f 2251/2251/2251 2269/2269/2269 1949/1949/1949
f 2266/2266/2266 2268/2268/2268 2269/2269/2269
f 2261/2261/2261 2240/2240/2240 2269/2269/2269
f 2241/2241/2241 2239/2239/2239 2286/2286/2286
f 2300/2300/2300 2255/2255/2255 1846/1846/1846
f 2238/2238/2238 2285/2285/2285 2255/2255/2255
f 2301/2301/2301 2295/2295/2295 2237/2237/2237
f 2238/2238/2238 2255/2255/2255 2300/2300/2300
f 2295/2295/2295 2283/2283/2283 2285/2285/2285
f 2238/2238/2238 2300/2300/2300 2286/2286/2286
f 2215/2215/2215 2275/2275/2275 2216/2216/2216
f 2300/2300/2300 1846/1846/1846 2236/2236/2236
f 2286/2286/2286 2302/2302/2302 2236/2236/2236
f 2241/2241/2241 1947/1947/1947 1902/1902/1902
f 2260/2260/2260 2258/2258/2258 2242/2242/2242
f 2284/2284/2284 2256/2256/2256 2255/2255/2255
f 2253/2253/2253 2246/2246/2246 2256/2256/2256
f 2262/2262/2262 2260/2260/2260 2261/2261/2261
f 2298/2298/2298 2254/2254/2254 2253/2253/2253
f 2278/2278/2278 2280/2280/2280 2293/2293/2293
f 2214/2214/2214 2299/2299/2299 2061/2061/2061
f 2294/2294/2294 2269/2269/2269 2250/2250/2250
f 2218/2218/2218 2267/2267/2267 2133/2133/2133
f 2283/2283/2283 2298/2298/2298 2284/2284/2284
f 2299/2299/2299 2218/2218/2218 2135/2135/2135
f 2299/2299/2299 2265/2265/2265 2218/2218/2218
f 2252/2252/2252 1862/1862/1862 1864/1864/1864
f 2251/2251/2251 1862/1862/1862 2252/2252/2252
f 2251/2251/2251 1859/1859/1859 1862/1862/1862
f 2251/2251/2251 1948/1948/1948 1859/1859/1859
f 2247/2247/2247 2303/2303/2303 2304/2304/2304
f 2267/2267/2267 2250/2250/2250 2133/2133/2133
f 2247/2247/2247 2249/2249/2249 2303/2303/2303
f 2216/2216/2216 2279/2279/2279 2278/2278/2278
f 2293/2293/2293 2265/2265/2265 2299/2299/2299
f 2252/2252/2252 1864/1864/1864 1580/1580/1580
f 2267/2267/2267 2294/2294/2294 2250/2250/2250
f 2261/2261/2261 2268/2268/2268 2266/2266/2266
f 2256/2256/2256 2246/2246/2246 2245/2245/2245
f 2270/2270/2270 2305/2305/2305 2272/2272/2272
f 2306/2306/2306 2283/2283/2283 2295/2295/2295
f 2285/2285/2285 2284/2284/2284 2255/2255/2255
f 2240/2240/2240 2241/2241/2241 2269/2269/2269
f 2266/2266/2266 2294/2294/2294 2267/2267/2267
f 2212/2212/2212 2270/2270/2270 2276/2276/2276
f 2277/2277/2277 2287/2287/2287 2281/2281/2281
f 2287/2287/2287 2274/2274/2274 2297/2297/2297
f 2242/2242/2242 2259/2259/2259 2291/2291/2291
f 2216/2216/2216 2278/2278/2278 2233/2233/2233
f 2282/2282/2282 2296/2296/2296 2307/2307/2307
f 1947/1947/1947 2236/2236/2236 1950/1950/1950
f 2236/2236/2236 1846/1846/1846 1848/1848/1848
f 2280/2280/2280 2264/2264/2264 2293/2293/2293
f 1580/1580/1580 1864/1864/1864 1645/1645/1645
f 2281/2281/2281 2287/2287/2287 2282/2282/2282
f 2257/2257/2257 1997/1997/1997 1917/1917/1917
f 2290/2290/2290 2307/2307/2307 2308/2308/2308
f 2282/2282/2282 2307/2307/2307 2290/2290/2290
f 2290/2290/2290 2308/2308/2308 2262/2262/2262
f 2280/2280/2280 2282/2282/2282 2264/2264/2264
f 2292/2292/2292 2301/2301/2301 2237/2237/2237
f 2237/2237/2237 2295/2295/2295 2238/2238/2238
f 2291/2291/2291 2237/2237/2237 2242/2242/2242
f 2286/2286/2286 2300/2300/2300 2302/2302/2302
f 2302/2302/2302 2300/2300/2300 2236/2236/2236
f 2235/2235/2235 2286/2286/2286 2236/2236/2236
f 2236/2236/2236 1913/1913/1913 1950/1950/1950
f 2309/2309/2309 2270/2270/2270 2115/2115/2115
f 2113/2113/2113 2309/2309/2309 2115/2115/2115
f 2113/2113/2113 2211/2211/2211 2309/2309/2309
f 1731/1731/1731 2310/2310/2310 1833/1833/1833
f 2310/2310/2310 2311/2311/2311 1833/1833/1833
f 1833/1833/1833 2312/2312/2312 2313/2313/2313
f 2033/2033/2033 2314/2314/2314 2315/2315/2315
f 2039/2039/2039 2316/2316/2316 2033/2033/2033
f 2039/2039/2039 2317/2317/2317 2316/2316/2316
f 2016/2016/2016 2318/2318/2318 2039/2039/2039
f 2319/2319/2319 2320/2320/2320 2321/2321/2321
f 2322/2322/2322 2323/2323/2323 2317/2317/2317
f 2324/2324/2324 2319/2319/2319 2315/2315/2315
f 1833/1833/1833 2311/2311/2311 2312/2312/2312
f 2325/2325/2325 2326/2326/2326 2327/2327/2327
f 2328/2328/2328 2329/2329/2329 2330/2330/2330
f 2318/2318/2318 2317/2317/2317 2039/2039/2039
f 2331/2331/2331 2332/2332/2332 2329/2329/2329
f 2333/2333/2333 2329/2329/2329 2334/2334/2334
f 2335/2335/2335 2330/2330/2330 2326/2326/2326
f 2336/2336/2336 2333/2333/2333 2324/2324/2324
f 2326/2326/2326 2336/2336/2336 2324/2324/2324
f 2326/2326/2326 2330/2330/2330 2336/2336/2336
f 2315/2315/2315 2319/2319/2319 2337/2337/2337
f 1802/1802/1802 2315/2315/2315 2337/2337/2337
f 2319/2319/2319 2333/2333/2333 2320/2320/2320
f 2333/2333/2333 2334/2334/2334 2320/2320/2320
f 2338/2338/2338 2312/2312/2312 2339/2339/2339
f 2340/2340/2340 2341/2341/2341 2339/2339/2339
f 2311/2311/2311 2342/2342/2342 2343/2343/2343
f 2316/2316/2316 2314/2314/2314 2033/2033/2033
f 1681/1681/1681 2337/2337/2337 2321/2321/2321
f 2311/2311/2311 2340/2340/2340 2344/2344/2344
f 2334/2334/2334 2342/2342/2342 2345/2345/2345
f 2338/2338/2338 2339/2339/2339 2346/2346/2346
f 2312/2312/2312 2338/2338/2338 2313/2313/2313
f 1833/1833/1833 1734/1734/1734 1733/1733/1733
f 2347/2347/2347 1445/1445/1445 2348/2348/2348
f 2349/2349/2349 2350/2350/2350 2351/2351/2351
f 2351/2351/2351 1442/1442/1442 1279/1279/1279
f 1720/1720/1720 2351/2351/2351 1789/1789/1789
f 1681/1681/1681 2321/2321/2321 1731/1731/1731
f 2352/2352/2352 2326/2326/2326 2323/2323/2323
f 2322/2322/2322 2352/2352/2352 2323/2323/2323
f 2340/2340/2340 2343/2343/2343 2341/2341/2341
f 2353/2353/2353 2338/2338/2338 2346/2346/2346
f 1665/1665/1665 2353/2353/2353 2354/2354/2354
f 2346/2346/2346 2339/2339/2339 2355/2355/2355
f 2348/2348/2348 1440/1440/1440 1392/1392/1392
f 2349/2349/2349 2355/2355/2355 2350/2350/2350
f 1720/1720/1720 2349/2349/2349 2351/2351/2351
f 2341/2341/2341 2356/2356/2356 2357/2357/2357
f 2332/2332/2332 2342/2342/2342 2334/2334/2334
f 2358/2358/2358 2341/2341/2341 2357/2357/2357
f 2350/2350/2350 2358/2358/2358 2359/2359/2359
f 1666/1666/1666 1839/1839/1839 1720/1720/1720
f 2349/2349/2349 2346/2346/2346 2355/2355/2355
f 1734/1734/1734 2360/2360/2360 1665/1665/1665
f 1833/1833/1833 2313/2313/2313 2361/2361/2361
f 2310/2310/2310 2345/2345/2345 2311/2311/2311
f 2323/2323/2323 2326/2326/2326 2314/2314/2314
f 2033/2033/2033 2315/2315/2315 1802/1802/1802
f 2354/2354/2354 2353/2353/2353 2349/2349/2349
f 2337/2337/2337 1681/1681/1681 1802/1802/1802
f 2322/2322/2322 2326/2326/2326 2352/2352/2352
f 2336/2336/2336 2329/2329/2329 2333/2333/2333
f 2316/2316/2316 2323/2323/2323 2314/2314/2314
f 1734/1734/1734 2361/2361/2361 2360/2360/2360
f 1833/1833/1833 2361/2361/2361 1734/1734/1734
f 2362/2362/2362 1970/1970/1970 2049/2049/2049
f 2363/2363/2363 2318/2318/2318 2015/2015/2015
f 2362/2362/2362 2015/2015/2015 1970/1970/1970
f 2363/2363/2363 2364/2364/2364 2318/2318/2318
f 2015/2015/2015 2318/2318/2318 2016/2016/2016
f 2324/2324/2324 2314/2314/2314 2326/2326/2326
f 2350/2350/2350 2348/2348/2348 1392/1392/1392
f 2359/2359/2359 2347/2347/2347 2348/2348/2348
f 2348/2348/2348 1445/1445/1445 1440/1440/1440
f 1839/1839/1839 2354/2354/2354 1720/1720/1720
f 2039/2039/2039 2033/2033/2033 2036/2036/2036
f 2317/2317/2317 2323/2323/2323 2316/2316/2316
f 2364/2364/2364 2317/2317/2317 2318/2318/2318
f 2331/2331/2331 2329/2329/2329 2328/2328/2328
f 2365/2365/2365 2328/2328/2328 2330/2330/2330
f 2330/2330/2330 2329/2329/2329 2336/2336/2336
f 1665/1665/1665 2354/2354/2354 1839/1839/1839
f 2335/2335/2335 2326/2326/2326 2325/2325/2325
f 2333/2333/2333 2319/2319/2319 2324/2324/2324
f 2310/2310/2310 2320/2320/2320 2345/2345/2345
f 2327/2327/2327 2326/2326/2326 2322/2322/2322
f 2324/2324/2324 2315/2315/2315 2314/2314/2314
f 2366/2366/2366 2317/2317/2317 2364/2364/2364
f 2366/2366/2366 2322/2322/2322 2317/2317/2317
f 2337/2337/2337 2319/2319/2319 2321/2321/2321
f 2311/2311/2311 2343/2343/2343 2340/2340/2340
f 2342/2342/2342 2311/2311/2311 2345/2345/2345
f 2312/2312/2312 2344/2344/2344 2339/2339/2339
f 2340/2340/2340 2339/2339/2339 2344/2344/2344
f 2311/2311/2311 2344/2344/2344 2312/2312/2312
f 2320/2320/2320 2334/2334/2334 2345/2345/2345
f 2313/2313/2313 2338/2338/2338 2360/2360/2360
f 2360/2360/2360 2353/2353/2353 1665/1665/1665
f 2360/2360/2360 2338/2338/2338 2353/2353/2353
f 2313/2313/2313 2360/2360/2360 2361/2361/2361
f 2320/2320/2320 2310/2310/2310 2321/2321/2321
f 2353/2353/2353 2346/2346/2346 2349/2349/2349
f 2350/2350/2350 1392/1392/1392 1442/1442/1442
f 2351/2351/2351 2350/2350/2350 1442/1442/1442
f 1788/1788/1788 2351/2351/2351 1279/1279/1279
f 1789/1789/1789 2351/2351/2351 1788/1788/1788
f 2341/2341/2341 2358/2358/2358 2339/2339/2339
f 2329/2329/2329 2332/2332/2332 2334/2334/2334
f 2355/2355/2355 2358/2358/2358 2350/2350/2350
f 2359/2359/2359 2348/2348/2348 2350/2350/2350
f 2354/2354/2354 2349/2349/2349 1720/1720/1720
f 2339/2339/2339 2358/2358/2358 2355/2355/2355
f 2321/2321/2321 2310/2310/2310 1731/1731/1731