o Background_Tree_Atlas.014
usemtl Mud_Pile
v 74.468567 158.207382 -15.631424
v 74.029274 158.204865 -15.639427
v 74.434181 158.447571 -14.418358
v 74.388878 159.177521 -10.683659
v 73.597191 158.876999 -11.592337
v 74.139328 159.143265 -10.409809
v 72.606712 158.205414 -15.157806
v 72.346748 158.16037 -15.002365
v 72.525902 158.274521 -14.438049
v 79.800682 160.116852 -6.773296
v 80.777473 160.404877 -5.437992
v 80.074257 160.103485 -6.905544
v 74.933022 158.506805 -14.208107
v 75.415489 158.527496 -14.049721
v 77.913979 159.99086 -8.250675
v 77.255066 159.806641 -9.053173
v 77.127625 160.145874 -8.321156
v 76.641769 159.130768 -11.397243
v 76.808495 159.069977 -11.786564
v 78.104607 159.799973 -8.514744
v 79.23645 160.166992 -6.983226
v 78.417595 160.369263 -7.137981
v 78.832664 160.488495 -6.609836
v 78.308098 160.254929 -5.260799
v 79.164787 160.639191 -5.095996
v 78.805183 160.546219 -5.600132
v 78.834419 159.994141 -7.660533
v 78.564796 160.24025 -7.403263
v 75.83596 159.57045 -8.246555
v 75.448311 159.51857 -8.774426
v 75.361397 159.471191 -8.320316
v 75.003929 159.276611 -12.115086
v 74.339493 158.758087 -13.767082
v 74.741585 159.127945 -11.909679
v 75.52932 159.225937 -11.771671
v 76.182838 159.359116 -10.924297
v 76.255119 159.589905 -10.15884
v 75.163559 159.301727 -9.783123
v 74.963394 159.390503 -9.449276
v 74.556221 159.307846 -9.58926
v 75.260628 159.389328 -10.759655
v 74.566765 159.147476 -11.025867
v 75.578072 159.485962 -9.607555
v 73.737236 158.06134 -16.738159
v 76.863899 159.639038 -9.7803
v 76.4571 159.881531 -9.357708
v 76.997734 159.907104 -6.889202
v 76.905876 159.978134 -7.599002
v 76.406212 159.744965 -7.788738
v 77.810005 160.171082 -7.805393
v 73.444397 158.19519 -15.517822
v 73.087677 158.055954 -16.547157
v 72.850929 158.099777 -15.9618
v 73.345947 158.098373 -16.973038
v 73.117294 158.03717 -17.869324
v 73.076378 158.010513 -17.047112
v 73.421867 157.892883 -17.999146
v 73.998962 158.553314 -13.834511
v 73.790199 158.417099 -14.355888
v 73.640419 158.554459 -13.596771
v 76.347038 159.7995 -8.353039
v 75.995277 159.665955 -9.468899
v 77.249855 159.508102 -9.701221
v 76.150139 159.086838 -11.745174
v 75.783073 159.522552 -8.717793
v 73.901703 157.764191 -18.342812
v 75.33448 158.689453 -13.449158
v 78.109505 160.197495 -5.610744
v 77.636253 160.012924 -5.310375
v 74.321548 157.822922 -17.85862
v 74.854271 158.164368 -15.859665
v 74.830177 157.950424 -17.183937
v 76.524559 159.218079 -10.953602
v 76.810059 159.334442 -10.424801
v 77.539192 159.487488 -9.764973
v 78.134972 159.564606 -9.486851
v 77.676605 159.419708 -10.180531
v 79.22126 159.869293 -8.004642
v 75.445488 158.326828 -15.133324
v 79.354912 160.554352 -5.86687
v 80.032593 160.76767 -4.962711
v 80.537773 160.656235 -5.033069
v 79.755745 160.475647 -5.857082
v 76.689964 159.317307 -10.644306
v 80.016968 160.363312 -5.930957
v 79.363884 160.674316 -5.091686
v 79.854073 160.797379 -4.697147
v 73.98497 158.817734 -12.493389
v 79.052284 160.601013 -5.71297
v 78.042427 160.387039 -6.543727
v 76.853539 159.809067 -6.311985
v 74.04377 158.551712 -14.607887
v 75.248268 159.382584 -11.600613
v 75.664223 159.608398 -10.702488
v 79.182426 160.514435 -6.15678
v 78.745575 159.830627 -8.133282
v 78.494453 159.672714 -8.974903
v 77.965813 160.14064 -4.844661
v 76.750069 159.968826 -8.842152
v 76.690964 159.923843 -7.955486
v 76.874939 159.402374 -10.312222
v 78.575905 160.503952 -6.442485
v 73.412956 158.679993 -12.868307
v 72.283379 157.82843 -17.52005
v 72.118225 157.882294 -17.057343
v 75.17466 158.163986 -15.967896
v 77.418648 159.325104 -10.61565
v 77.135902 159.212112 -11.130894
v 77.070717 159.440872 -9.98061
v 76.022888 159.587585 -7.412227
v 74.816002 159.411163 -9.114025
v 77.069771 159.482391 -9.988079
v 76.036255 159.710815 -10.009228
v 73.672234 158.229721 -15.878433
v 77.917488 160.315323 -7.244503
v 76.311409 158.821625 -12.875294
v 77.429253 160.187103 -7.900508
v 77.461006 160.18338 -7.30215
v 73.355171 158.746368 -12.173063
v 73.451988 158.187805 -16.577415
v 73.075813 158.590942 -12.878462
v 72.88105 158.482147 -13.395355
v 72.786995 157.868423 -17.908836
v 75.743782 158.502396 -14.285988
v 80.812859 160.321732 -5.916347
v 75.033234 159.459976 -8.764927
v 76.098877 158.705933 -13.385414
v 72.485054 157.33139 -20.797028
v 72.268883 157.029999 -21.907379
v 72.156624 157.215302 -20.999802
v 73.346016 157.483627 -19.899132
v 73.291237 157.795898 -18.480125
v 72.710747 157.66597 -19.702477
v 72.34864 157.43869 -19.869858
v 72.48185 157.566956 -19.319817
v 72.027992 157.57579 -18.918762
v 72.946617 157.820465 -18.692566
v 74.198189 157.656036 -18.456284
v 74.471642 157.593887 -18.542755
v 74.342628 157.495316 -19.104881
v 73.331764 157.217987 -21.164536
v 73.977943 157.163635 -20.824837
v 73.847618 157.073868 -21.621758
v 72.99337 157.462112 -19.98098
v 72.578728 156.98172 -21.948418
v 72.747398 157.241562 -21.075417
v 72.906334 157.035233 -22.010437
v 73.438057 156.956238 -22.116776
v 74.657814 157.826996 -17.865753
v 73.000587 157.212891 -21.284843
v 72.603325 157.498734 -20.251434
v 73.737305 156.933868 -22.177032
v 89.993156 163.473434 9.443226
v 89.578964 163.316925 8.654598
v 89.659904 163.50824 9.324856
v 90.408485 163.885849 11.800983
v 90.476692 163.871582 11.43597
v 90.110245 163.789032 11.338474
v 89.964172 163.727768 11.430149
v 89.4347 163.571884 10.522968
v 89.621315 163.512299 11.273304
v 90.892334 162.912537 9.256985
v 91.624725 162.95639 9.933369
v 91.250748 162.871063 9.262737
v 91.831352 163.150635 10.942585
v 92.112022 163.082291 10.837811
v 89.47612 163.593903 10.264645
v 90.557579 163.589569 10.225742
v 89.928093 163.578766 9.785191
v 90.290642 163.70372 10.404507
v 89.903053 163.709793 10.354031
v 91.053093 163.603836 11.013653
v 91.178337 163.235107 10.272312
v 90.318565 163.115753 8.815083
v 90.275841 162.778244 8.196354
v 90.842323 162.786407 8.55592
v 90.461128 162.71315 7.917317
v 90.642975 163.161606 9.44244
v 90.565796 163.744049 10.921589
v 90.852364 163.86824 11.447124
v 91.742126 163.470001 11.301991
v 92.55722 163.213287 11.69643
v 92.529488 163.371262 12.308651
v 91.649193 163.734711 11.785831
v 91.190826 163.954681 12.122044
v 89.460747 163.543106 9.829288
v 89.787971 162.584595 6.830616
v 89.620308 162.655182 7.178441
v 89.96756 162.958237 8.138264
v 92.019279 163.531662 11.808262
v 89.238991 162.597824 6.709652
v 89.455101 162.795288 7.293568
v 89.655014 163.099731 8.21677
v 89.368126 163.041306 7.778798
v 94.966599 166.107635 26.08427
v 94.794098 165.931122 24.889263
v 94.551712 165.953156 25.615231
v 96.208435 165.836624 25.002224
v 95.865082 165.748505 23.874935
v 95.585358 165.916626 24.148357
v 92.561485 163.698822 12.921703
v 91.681328 163.876953 12.291782
v 92.015144 164.112885 13.138081
v 93.33065 164.327667 15.326099
v 93.39534 164.056671 14.722752
v 92.903397 164.285614 14.523251
v 94.991638 165.924835 24.097736
v 94.20208 165.715164 24.40247
v 93.17321 163.966843 14.212704
v 93.370674 163.673431 14.096027
v 95.156471 166.146805 25.572437
v 94.884705 165.826157 23.446201
v 94.271538 165.560211 22.548962
v 94.356812 165.750214 23.920742
v 94.660141 165.61525 22.369663
v 94.290741 165.487839 21.920094
v 94.549332 165.581009 21.835461
v 94.442963 165.44165 21.374821
v 90.98407 163.985504 12.317471
v 94.035301 163.9561 15.692699
v 93.898384 163.704117 14.582317
v 95.616791 166.445633 27.444813
v 95.604614 166.698715 28.451588
v 95.903671 166.636047 28.426884
v 95.900787 166.444656 27.522655
v 91.029503 163.995621 13.690769
v 90.478828 163.838318 13.651012
v 90.695366 163.913635 14.093616
v 95.362152 166.484894 27.715595
v 95.357956 166.620193 28.258541
v 90.458809 163.79454 12.715267
v 95.50309 166.15802 25.596333
v 91.545219 164.247742 13.460392
v 91.197662 164.058304 12.78046
v 90.891769 163.958786 12.993557
v 95.276764 165.9534 24.021847
v 95.157104 165.809753 23.20499
v 95.366867 165.611389 22.626308
v 94.905991 165.594467 22.128109
v 95.068314 165.366608 21.290585
v 94.767059 165.53717 21.65559
v 95.130493 165.491531 21.765202
v 92.853889 163.890488 13.488987
v 94.570404 165.383301 20.625729
v 94.805832 165.294815 20.545765
v 94.102936 165.110901 19.266705
v 93.897385 165.146072 19.525677
v 94.341324 165.240906 19.994442
v 92.176651 164.413132 15.974331
v 91.789185 164.286148 15.042271
v 91.65284 164.280426 15.689785
v 93.835129 164.994141 18.344067
v 93.605667 165.023071 18.607586
v 94.189407 164.951019 18.488911
v 94.490219 165.062408 19.508762
v 92.999779 163.966263 13.815456
v 92.012062 164.422134 14.614361
v 91.730957 164.344406 14.023365
v 92.485435 164.362 14.152897
v 91.109756 164.082764 15.127354
v 91.237511 164.14151 15.476933
v 90.387154 163.85173 12.205494
v 91.454613 164.143433 14.399563
v 95.808228 166.147018 25.79591
v 95.529755 166.225479 26.143703
v 95.239731 166.218002 26.200069
v 95.88591 166.398361 27.135685
v 92.283829 164.327225 13.68671
v 95.289368 166.399216 27.123127
v 94.246445 164.352142 17.067806
v 94.192291 164.553543 17.37521
v 94.758408 164.328918 17.658833
v 94.921539 164.212692 17.284489
v 94.479996 163.974854 16.054279
v 94.406891 164.148148 16.701405
v 95.216843 164.376465 18.155827
v 94.890671 164.458099 18.240604
v 95.540054 164.5495 19.082958
v 95.648407 164.866364 20.555744
v 95.832581 164.713974 20.029842
v 95.970428 164.795532 20.50948
v 96.284607 165.321716 23.155148
v 96.221863 164.965546 21.506252
v 95.7052 165.170563 21.669735
v 96.461182 166.162628 27.2047
v 96.796448 166.140686 27.785755
v 96.638695 165.778763 25.680782
v 97.000938 165.862579 26.500965
v 97.07988 166.062805 27.63319
v 92.284645 163.670029 12.382359
v 93.732796 164.259949 15.88464
v 93.792656 164.204498 15.686253
v 91.698822 164.343445 16.653584
v 91.007912 164.026886 14.775867
v 95.201584 165.142303 20.688389
v 92.768112 164.431961 14.767376
v 93.233322 163.439957 13.06168
v 93.007431 163.360901 12.592838
v 93.074509 163.558029 13.418629
v 92.994568 164.541321 15.902531
v 93.414154 164.533035 16.221317
v 93.173965 164.417801 15.498562
v 91.602577 164.094147 12.900723
v 95.387253 165.35939 21.679928
v 93.783554 164.494232 16.635921
v 93.70575 165.251862 20.949596
v 93.987106 165.449799 21.986019
v 93.608932 163.585495 13.907734
v 94.013718 165.318451 21.023197
v 94.230881 165.370239 20.582561
v 93.633331 164.918701 17.811321
v 94.044464 164.855133 18.073757
v 93.760651 164.733139 17.191769
v 94.916779 164.708939 19.108997
v 91.824516 164.298157 13.495586
v 96.837296 165.600357 25.013966
v 96.666122 165.378891 23.798748
v 93.926056 165.715302 25.147243
v 94.03981 165.858505 26.114315
v 96.459679 166.264954 27.848263
v 92.824326 164.59964 16.320377
v 92.523582 164.513138 15.711399
v 94.748863 166.457016 28.703312
v 94.988937 166.408188 27.912876
v 94.431168 166.299988 28.648083
v 96.39122 166.018936 26.209576
v 95.885536 166.343842 26.669544
v 94.166504 166.110184 27.824818
v 94.177979 166.180557 28.317554
v 94.711525 166.19577 27.293346
v 95.034866 166.309082 27.03928
v 94.810287 166.144424 26.555439
v 95.496246 165.735916 23.159138
v 89.969566 163.65979 12.667469
v 94.229691 164.612167 17.687252
v 94.260506 163.868439 15.483807
v 96.337067 165.052277 22.004215
v 89.344658 163.448349 11.534901
v 92.370232 164.501801 14.648624
v 93.211487 164.663498 16.585262
v 93.195175 165.043945 20.218273
v 93.213928 164.929535 19.167477
v 93.376694 164.913834 17.940311
v 92.668274 164.676208 17.644688
v 93.199188 164.815155 17.433979
v 93.841026 165.39917 22.359562
v 92.819305 164.916916 20.00349
v 93.115234 165.075256 20.981152
v 93.741508 165.515869 23.837803
v 96.558319 166.456818 29.12537
v 96.233536 165.934128 25.426136
v 96.587112 165.285034 23.284748
v 92.706871 164.504425 15.627735
v 94.10614 165.96077 26.799892
v 91.949814 164.466995 17.36478
v 92.279739 164.638031 18.349483
v 93.267136 165.165222 21.553043
v 96.94754 165.768066 25.966801
v 93.465485 165.292633 22.377934
v 93.581879 165.378967 22.945484
v 97.106735 166.184067 28.314503
v 86.299522 161.89444 2.302418
v 87.029839 161.984589 2.791646
v 85.803993 161.669586 1.084156
v 85.800865 162.364075 3.029164
v 86.123253 162.482193 3.51006
v 86.364334 162.250961 3.068966
v 85.966393 162.264359 2.834546
v 85.177963 162.160431 2.268963
v 85.25515 162.070755 2.002995
v 85.655914 161.732452 1.421566
v 87.023811 162.078018 3.306027
v 85.113152 161.772659 1.183064
v 84.823128 161.396851 -0.310123
v 85.394005 162.329407 2.985173
v 85.83757 162.51236 3.656346
v 85.100029 162.232285 2.555912
v 83.29554 161.24353 -1.436786
v 83.690285 161.355011 -0.955188
v 83.895653 161.241272 -1.114521
v 82.067436 161.373444 -0.119159
v 82.75753 161.678848 -0.055713
v 82.438835 161.635727 -0.608204
v 81.194054 160.832016 -4.124561
v 80.942177 160.749603 -4.475269
v 81.0326 160.928619 -3.858799
v 84.437164 162.067734 1.210392
v 83.89019 161.815842 0.40556
v 84.047569 162.072998 1.134983
v 82.26133 160.816772 -3.451732
v 82.492805 161.03186 -2.584217
v 82.902794 161.627945 1.158566
v 83.490181 161.889435 1.281971
v 83.171295 161.802032 0.603421
v 82.219223 161.325638 -2.00027
v 81.527931 161.100403 -3.049518
v 81.692711 161.330688 -2.178577
v 83.940514 161.929718 2.636303
v 84.841385 162.21965 2.825734
v 84.294792 162.132675 2.042264
v 84.351326 162.13382 1.561909
v 84.013931 162.046814 1.64468
v 82.79023 161.694931 -0.67995
v 84.628357 161.653656 0.500248
v 83.906822 161.146057 -1.641407
v 83.619499 161.834671 1.908047
v 83.169289 161.724487 2.508091
v 82.316483 161.464264 1.301548
v 81.833199 160.714096 -3.957599
v 82.853226 161.440186 -1.322689
v 83.149773 161.681107 -0.727184
v 82.220161 161.521957 -0.906963
v 81.767632 161.372925 -1.529285
v 81.071877 161.042648 -3.45541
v 81.579384 160.989136 -3.430011
v 84.666885 162.122711 3.639294
v 82.414742 161.188828 -2.256496
v 82.02282 161.399094 -1.729374
v 82.395668 161.544006 -1.163082
v 82.503914 161.431488 -1.597805
v 81.3582 161.1772 -1.118312
v 80.539284 160.969971 -1.219562
v 81.474098 161.223984 0.085835
v 83.405029 161.825043 0.266819
v 83.476433 161.700424 -0.294025
v 81.268852 161.242111 -2.204845
v 80.699532 161.044754 -2.210773
v 83.765572 162.015182 1.312268
v 81.13224 161.140244 -2.92213
v 80.611183 160.992523 -2.731784
v 82.978096 160.916748 -2.95296
v 81.834579 160.619263 -4.520824
v 84.096443 161.987381 3.793698
v 85.339668 162.374084 3.479565
v 80.525917 160.959122 -1.756725
v 88.479179 162.568481 5.89893
v 88.015038 162.520996 5.164052
v 87.938736 162.735367 5.608517
v 86.22184 162.557495 4.216618
v 86.070107 162.562408 4.529652
v 86.663826 162.71814 4.789929
v 88.603989 162.445831 5.632954
v 87.916405 162.288101 4.566174
v 84.973907 162.215363 3.916592
v 85.73027 162.457581 4.66248
v 87.101685 162.758759 7.128796
v 87.24688 162.850616 6.883877
v 86.606224 162.742569 6.132985
v 86.12426 162.518356 6.143483
v 85.087044 162.232864 5.174153
v 85.978432 162.477112 6.436467
v 88.852531 163.317719 9.56889
v 88.954056 163.30896 10.134792
v 85.579926 162.487732 3.834279
v 86.478722 162.727112 5.168187
v 86.919716 162.797379 5.233334
v 87.526176 162.922165 7.162297
v 88.004311 163.073868 7.324131
v 87.837776 162.961105 6.503949
v 88.90976 162.666016 6.698277
v 88.569855 162.872498 6.909642
v 88.05175 163.110489 7.922383
v 88.21125 163.153473 7.64259
v 88.583595 163.215378 10.252285
v 88.188225 163.080353 8.876034
v 87.787514 162.981232 8.989254
v 86.212608 162.536819 6.736126
v 87.427284 162.922882 5.980206
v 89.302933 163.414459 8.762302
v 88.583534 163.026199 7.341321
v 88.137581 163.037979 7.038472
v 86.479912 162.600266 7.039029
v 86.958809 162.737457 7.737889
v 86.971611 162.436813 4.084065
v 87.306366 162.533142 4.527401
v 88.426094 163.150391 7.890553
v 88.786964 163.337646 8.979954
v 88.645027 163.200134 8.302158
v 88.475288 163.218826 8.698406
v 89.163445 163.112274 7.864415
v 89.097496 163.408051 9.416286
v 87.186768 162.713547 5.033864
v 87.658134 162.851929 5.647076
v 87.905037 162.198441 4.024457
v 87.598961 162.5186 4.827214
v 86.483803 162.494446 3.951344
v 86.882195 162.666412 4.557248
v 88.947281 163.20755 8.17075
v 89.168343 162.465179 5.877247
v 88.66391 162.362488 5.1236
v 88.093033 162.899078 6.344761
v 79.985909 160.804108 -4.151378
v 80.502129 160.95079 -3.824543
v 80.544365 160.993698 -3.15649
v 79.860474 160.735733 -3.812915
v 79.48085 160.616882 -3.888164
v 78.366081 160.364716 -4.203159
v 80.086433 160.828033 -2.701633
v 79.011879 160.530212 -4.358036
v 78.652138 160.469025 -3.783351
v 79.12664 160.584106 -3.599109
v 96.787659 166.453064 29.760395
v 97.10817 166.410873 29.730137
v 97.118904 166.317551 29.140553
v 95.890053 167.218521 35.743999
v 96.190865 167.114914 34.902592
v 96.024017 167.076645 34.415066
v 95.584351 167.242722 35.705288
v 95.367493 167.370926 37.011944
v 94.79805 167.463013 37.500294
v 95.178932 167.422623 37.428776
v 94.267212 167.019745 32.997974
v 93.799049 166.764801 32.51273
v 93.694077 166.826019 32.968555
v 94.724197 167.555542 36.915882
v 95.162811 167.595688 34.050137
v 95.729042 167.269775 33.981976
v 95.426666 167.445648 33.150562
v 95.721764 167.272995 36.183552
v 95.195557 167.512344 34.950878
v 95.469391 167.324478 35.108181
v 94.932022 167.316437 32.614079
v 94.489777 166.908524 32.056095
v 96.490295 166.677475 30.434437
v 96.18779 166.895111 30.553127
v 96.073029 167.022797 31.520237
v 96.349869 166.841232 31.635769
v 94.912384 166.633133 29.728168
v 93.68943 167.993149 36.897022
v 93.561554 167.868637 36.524044
v 93.26149 167.935104 37.02158
v 96.673897 166.67749 31.457035
v 97.0709 166.53093 30.584072
v 94.957626 167.48909 36.465351
v 93.733353 167.071747 33.985821
v 93.500122 166.919739 33.659931
v 93.367973 166.975204 34.084263
v 95.754074 167.280334 33.178402
v 95.147812 167.485428 33.007198
v 94.810913 167.422272 33.113102
v 95.610886 167.252274 32.264355
v 95.325386 167.296356 32.125568
v 95.052994 167.17659 31.80341
v 94.388748 167.914963 35.348202
v 94.253403 167.759933 34.886799
v 93.97023 167.809433 35.537617
v 94.754005 167.820328 35.26466
v 94.754822 167.71373 34.285908
v 94.651352 167.863388 35.570103
v 94.484695 167.615097 34.174091
v 95.738892 167.175217 31.523792
v 95.560379 167.121368 31.169605
v 95.393906 167.287247 31.760509
v 95.189285 167.409531 35.855679
v 93.895805 167.227295 34.299503
v 94.143036 167.868011 35.941723
v 93.834877 167.790634 35.930462
v 94.178925 166.293488 29.117611
v 94.162231 166.360611 29.599476
v 95.910759 167.125824 32.315594
v 94.468384 166.524872 30.05444
v 94.116486 166.469376 30.375027
v 96.258133 166.766388 30.197529
v 95.888611 166.871841 30.057217
v 95.880264 167.026718 30.495258
v 96.290756 166.874466 31.981434
v 94.974312 167.658173 34.678158
v 95.820152 167.094406 31.105686
v 95.076904 166.990463 31.112316
v 95.052872 167.547089 33.400097
v 94.606674 167.602417 33.840336
v 94.389191 166.771744 31.584927
v 95.206421 166.993561 30.560207
v 95.544754 167.056976 30.491619
v 95.576691 166.932938 30.141888
v 95.263329 166.953705 30.317509
v 95.614716 166.798615 29.522465
v 95.618484 166.748093 28.972713
v 95.318542 166.740173 29.429035
v 95.956062 166.758514 29.312634
v 94.003044 166.611069 31.391537
v 93.942047 166.666702 31.794231
v 94.676826 166.822357 31.340359
v 94.376892 166.624695 30.810589
v 94.502953 167.817642 35.862049
v 96.359787 166.910202 33.217693
v 94.04213 167.929214 36.938251
v 93.941109 167.94014 36.339436
v 92.912239 167.550095 36.647152
v 93.215935 167.252167 35.383053
v 92.669342 167.479172 36.71909
v 92.544342 167.258545 36.105755
v 92.171814 167.368561 36.823719
v 93.118362 167.063156 34.778584
v 92.954781 167.121155 35.194447
v 93.675125 167.374908 35.07407
v 93.697777 167.860855 36.208652
v 94.676956 167.707062 36.310535
v 94.938988 167.599594 35.589436
v 96.20536 166.698059 29.527279
v 94.870651 167.698792 33.951191
v 93.22554 167.462219 36.019688
v 96.341644 167.051849 34.417904
v 96.579338 166.935776 33.575542
v 96.703201 166.865738 33.04707
v 93.412773 167.399734 35.579815
v 94.316406 167.796967 37.25536
v 94.356003 167.838242 36.252331
v 96.872429 166.750229 32.208981
v 96.519035 166.800583 32.400921
v 96.959648 166.675598 31.636417
v 97.029922 166.594971 31.042904
v 94.066101 166.540573 30.884731
v 90.144814 168.478653 42.036411
v 89.88472 168.514938 41.868618
v 89.70163 168.510834 42.584476
v 90.407661 168.290115 42.485897
v 90.33519 168.13179 43.080311
v 89.282722 168.443634 43.191494
v 91.680939 168.001465 42.300632
v 92.240898 167.939514 41.73827
v 91.994362 167.948761 41.53204
v 91.12719 168.042114 42.383747
v 91.021332 168.262878 41.771015
v 94.100677 167.63147 38.806049
v 93.307358 167.782364 39.948605
v 93.875099 167.712418 39.702274
v 93.785873 167.962936 37.421116
v 93.305222 168.063141 37.646656
v 91.774933 167.631714 38.057995
v 91.639084 167.498856 37.728992
v 91.392799 167.554184 38.104839
v 91.404221 168.313766 40.233593
v 92.001892 168.140366 39.657963
v 91.253189 168.285629 39.988148
v 89.210121 168.571228 42.760242
v 89.669876 168.230316 43.979595
v 90.32164 168.150681 43.490582
v 92.693184 167.873734 40.754101
v 92.580048 167.903778 41.363262
v 93.096146 167.842041 40.754887
v 90.416069 168.494431 41.761456
v 90.168213 168.53241 41.570332
v 90.021393 168.47612 41.29565
v 89.692657 168.462494 41.569408
v 92.085915 168.156158 40.153339
v 91.32058 168.320923 40.784328
v 91.714569 168.109528 39.474781
v 92.985527 167.979919 37.536968
v 92.754173 167.909286 37.659954
v 93.520325 167.850494 39.047192
v 93.395264 167.793671 40.365742
v 92.552567 168.024612 38.346478
v 92.445831 167.884979 37.883137
v 92.154182 167.843811 38.163845
v 89.545448 168.379852 41.373905
v 90.235985 168.175903 40.374752
v 89.206543 168.257965 41.263348
v 92.998955 168.046661 38.740856
v 93.747658 167.837921 38.826572
v 93.415474 168.003235 38.112988
v 92.172569 167.932907 41.32407
v 91.066071 167.785461 39.037151
v 90.883606 167.665405 38.796017
v 90.637695 167.719666 39.096058
v 92.837128 168.090515 38.402905
v 93.576416 168.036133 37.838001
v 92.401283 168.07991 39.047245
v 92.487747 168.059357 39.495075
v 92.227913 168.033768 38.760456
v 90.586494 168.44574 41.143696
v 90.884918 168.387299 41.379604
v 90.67823 168.365326 40.646313
v 90.793686 168.197083 40.038532
v 90.091164 167.966843 40.113354
v 91.590584 167.900864 38.753124
v 90.655327 168.113129 43.217777
v 91.258583 168.045486 42.699039
v 90.190742 167.814972 39.611118
v 89.949791 167.856949 39.866627
v 91.327797 168.269333 41.345707
v 89.605682 167.91098 40.21516
v 88.695213 168.342255 44.259617
v 92.703979 167.997635 40.066792
v 92.811905 167.952667 39.562916
v 91.181969 167.949722 39.254925
v 93.981644 167.838791 38.409763
v 93.864494 167.938965 38.017445
v 94.106888 167.788376 38.182125
v 91.993675 167.417114 37.148304
v 88.836021 168.152405 41.287991
v 89.313278 167.954544 40.496151
v 94.80452 167.517319 38.164722
v 94.140022 167.660782 39.296528
v 94.570343 167.57196 38.592869
v 73.353722 170.148331 45.139458
v 74.922668 169.879547 44.920948
v 74.284515 169.948669 44.895885
v 76.181633 169.858185 45.238529
v 76.638245 169.714966 44.931629
v 76.036873 169.763245 44.940205
v 87.248505 168.581635 42.717953
v 87.408264 168.759338 42.88303
v 87.793777 168.688034 42.691914
v 88.193047 168.791153 43.473804
v 87.639801 168.88063 43.953449
v 87.777588 168.78833 44.104031
v 88.199127 168.613464 44.115627
v 84.565979 169.116821 44.628254
v 84.638702 169.240463 44.94109
v 84.991028 169.155716 44.801907
v 84.952629 169.020477 44.324421
v 87.903656 168.875259 43.264202
v 88.284088 168.689148 42.670399
v 87.593681 168.889557 43.112408
v 86.967331 169.005264 43.502575
v 85.119728 169.10788 45.211613
v 85.768478 168.8974 45.479168
v 86.465225 168.823654 45.124714
v 86.007111 169.003571 45.00243
v 88.404572 168.713593 42.924618
v 88.675323 168.639999 43.288532
v 81.509354 169.281479 44.699802
v 81.247505 169.1996 44.462505
v 80.510788 169.311722 44.589626
v 87.809906 168.319077 42.072132
v 86.797165 168.490402 42.716335
v 85.424866 169.066589 45.214268
v 87.016586 169.071274 43.820393
v 86.502876 169.013031 43.775509
v 86.144836 169.171143 44.268551
v 83.505669 168.824356 43.85989
v 83.589127 168.936295 44.138371
v 84.412811 168.863541 43.99065
v 83.952057 168.748398 43.702595
v 82.780365 169.084152 44.374783
v 83.890938 168.971741 44.31963
v 86.434479 168.407425 42.566013
v 86.008041 168.47197 42.798801
v 83.437088 169.154648 45.030079
v 85.685524 168.5186 42.963856
v 88.942062 168.645065 42.983982
v 88.131119 168.564423 42.407856
v 88.595444 168.51091 42.066212
v 88.068298 168.441467 44.69553
v 87.961067 168.471664 45.083164
v 88.337807 168.413483 44.864498
v 86.261421 169.100754 44.543621
v 73.338348 170.179047 45.514961
v 76.142914 169.906677 45.687893
v 82.628769 169.398193 45.606251
v 82.67131 169.32338 45.123119
v 82.195435 169.45903 45.635426
v 87.74691 168.18483 41.751621
v 88.454079 168.072495 41.230244
v 80.69928 169.410751 44.892521
v 86.934517 168.829575 43.196552
v 83.208878 169.295853 45.397038
v 83.157608 169.246857 45.114857
v 82.889359 169.400925 45.472248
v 83.620247 169.193878 45.633785
v 83.52079 169.313721 45.298542
v 82.072136 169.372604 45.08707
v 84.49752 169.169464 45.393353
v 84.598297 169.078903 45.807362
v 78.657532 169.66658 45.110958
v 78.293213 169.595901 44.849491
v 77.451767 169.656631 44.904377
v 86.233368 168.699265 43.349888
v 85.947113 169.083496 44.055576
v 86.462402 168.869568 43.578327
v 85.042236 168.845383 43.90868
v 82.152641 169.068436 44.251766
v 80.222649 169.651627 45.684414
v 81.572914 169.483536 45.520939
v 78.954643 169.526459 44.792622
v 87.98027 168.560471 44.478672
v 83.737457 169.113907 44.932819
v 89.212509 168.28714 44.303257
v 87.112846 168.618073 45.157917
v 87.004288 168.643219 45.597843
v 87.434929 168.565536 45.373585
v 86.78656 168.603134 42.965214
v 87.436119 168.237579 41.957218
v 86.806137 168.347916 42.351467
v 86.862106 169.035767 44.263996
v 85.038528 168.971558 45.778599
v 84.951813 168.612503 43.299038
v 84.636131 168.648224 43.437237
v 87.103622 168.694321 44.842739
v 85.475319 169.079208 44.247654
v 83.827316 169.263077 45.204182
v 77.441925 169.82872 45.703724
v 88.800568 168.02417 40.944881
v 82.59639 168.995773 44.134327
v 83.905121 169.143143 45.51749
v 88.775848 168.688217 42.698353
v 80.011566 169.382782 44.66534
v 73.366646 170.040024 44.849762
v 78.642532 169.721481 45.452389
v 81.641556 169.142212 44.37653
v 81.712845 169.385223 47.066326
v 83.242882 169.186157 46.675846
v 82.761978 169.384109 46.387814
v 82.385437 169.394852 46.59573
v 81.791397 169.494553 46.636417
v 80.553452 169.531982 46.940403
v 81.813736 169.514877 46.316799
v 81.556351 169.525391 45.773518
v 80.58847 169.67308 45.978024
v 84.220108 169.056564 46.048519
v 80.257156 169.635925 46.560238
v 80.105621 169.497284 47.326061
v 85.377434 168.883163 45.982716
v 83.100632 169.324829 46.022739
v 85.511459 168.86702 46.262203
v 86.044189 168.790298 46.043072
v 83.26133 169.235321 46.421452
v 82.376839 169.313171 47.225384
v 83.208939 169.199829 47.023884
v 84.448517 168.986267 46.355198
v 83.703827 169.120773 46.883953
v 84.519547 168.98732 46.631596
v 80.934647 169.447342 47.506527
v 80.477524 169.482315 47.578846
v 81.786942 169.382721 47.353352
v 84.941086 168.933441 46.480961
v 75.490219 170.001007 46.368244
v 75.74585 169.934891 46.083485
v 74.297943 170.061859 46.042713
v 77.839233 169.839767 45.960865
v 79.190887 169.749954 46.508823
v 80.228989 169.697021 46.052845
v 78.870872 169.892136 46.207165
v 79.096451 169.774841 45.871998
v 77.725159 169.709106 47.234478
v 78.353455 169.799225 46.556156
v 77.617493 169.822388 46.622265
v 74.19912 170.050995 46.654873
v 74.513924 170.008377 46.987835
v 75.680908 169.923096 46.622486
v 73.219002 170.095291 47.797836
v 73.282684 170.167068 46.604233
v 73.314133 170.179688 45.999252
v 78.316681 169.963501 46.255672
v 77.619812 170.042618 46.304676
v 74.135803 170.169205 46.344791
v 80.098595 169.534805 47.007061
v 76.332672 169.812607 47.490681
v 76.452896 169.837433 47.874454
v 77.606567 169.72998 47.844273
v 79.574966 169.554626 47.688808
v 77.221298 170.001526 46.322048
v 75.849945 170.033539 46.358601
v 76.284286 169.834534 47.173176
v 75.185196 169.856842 47.887257
v 74.506645 169.943939 47.867214
v 75.557732 169.844299 47.890667
v 78.085205 169.684189 47.816021
v 79.070099 169.594131 47.741169
v 73.311996 170.28566 46.304535
v 71.97654 156.967209 -21.822182
v 71.618126 157.039383 -21.739792
v 71.54879 157.444153 -19.460304
v 72.044868 157.969299 -16.064537
v 71.51899 157.591919 -18.204712
v 70.832024 156.941162 -21.556511
v 71.161263 157.279083 -19.886421
v 71.871696 157.853317 -16.715294
v 71.136101 157.022217 -21.635132
vt 3.271827 0.740697
vt 3.28085 0.793315
vt 3.191829 0.790476
vt 2.955176 0.974397
vt 3.033216 1.021948
vt 2.945988 1.0177
vt 3.279253 0.983858
vt 3.275278 1.021305
vt 3.236687 1.024242
vt 2.565086 0.635038
vt 2.455065 0.638372
vt 2.564352 0.598429
vt 3.166591 0.741566
vt 3.145706 0.691941
vt 2.707484 0.728667
vt 2.77549 0.744789
vt 2.731517 0.80856
vt 2.941966 0.671647
vt 2.963001 0.635402
vt 2.720382 0.687238
vt 2.593558 0.678864
vt 2.62379 0.758428
vt 2.580195 0.754873
vt 2.520209 0.914482
vt 2.482163 0.833408
vt 2.522576 0.83151
vt 2.64709 0.670767
vt 2.636425 0.723221
vt 2.768235 0.958856
vt 2.810272 0.967132
vt 2.786171 1.005656
vt 3.023673 0.829413
vt 3.148612 0.833324
vt 3.020133 0.872726
vt 2.991284 0.780827
vt 2.921632 0.751157
vt 2.870652 0.786337
vt 2.879375 0.938368
vt 2.864247 0.980044
vt 2.884576 1.01701
vt 2.934562 0.870551
vt 2.971333 0.936952
vt 2.856162 0.899745
vt 3.358764 0.789205
vt 2.831156 0.743015
vt 2.813613 0.813892
vt 2.654206 0.928422
vt 2.697287 0.883524
vt 2.724178 0.928088
vt 2.682237 0.771972
vt 3.284706 0.871281
vt 3.358172 0.877308
vt 3.325017 0.926169
vt 3.380576 0.828786
vt 3.442627 0.823816
vt 3.390389 0.860377
vt 3.448249 0.779253
vt 3.163865 0.874526
vt 3.20233 0.878132
vt 3.157496 0.926554
vt 2.758394 0.89259
vt 2.834989 0.85984
vt 2.818343 0.700369
vt 2.976129 0.710233
vt 2.797848 0.934411
vt 3.465095 0.708292
vt 3.107613 0.727528
vt 2.546375 0.908987
vt 2.544691 0.982227
vt 3.425234 0.675629
vt 3.279546 0.686766
vt 3.369692 0.640756
vt 2.916552 0.707507
vt 2.875703 0.704651
vt 2.814346 0.666025
vt 2.780108 0.621997
vt 2.836427 0.628078
vt 2.657317 0.606761
vt 3.217707 0.646685
vt 2.521273 0.755589
vt 2.446673 0.7572
vt 2.436409 0.698788
vt 2.509589 0.713821
vt 2.892083 0.709318
vt 2.507316 0.678669
vt 2.475502 0.813865
vt 2.436701 0.794703
vt 3.078377 0.934401
vt 2.521221 0.797835
vt 2.600554 0.837601
vt 2.626132 0.987921
vt 3.210476 0.833634
vt 2.98552 0.825299
vt 2.918318 0.824792
vt 2.543506 0.751547
vt 2.679397 0.645702
vt 2.738246 0.617201
vt 2.507747 0.982171
vt 2.774431 0.814932
vt 2.724526 0.881864
vt 2.866043 0.708616
vt 2.577931 0.791859
vt 3.116879 0.983431
vt 3.434406 0.940381
vt 3.407232 0.974801
vt 3.280195 0.644973
vt 2.87097 0.630955
vt 2.911356 0.63291
vt 2.840702 0.702034
vt 2.71436 0.996961
vt 2.848363 1.01603
vt 2.840326 0.70687
vt 2.865759 0.821567
vt 3.302694 0.829068
vt 2.645105 0.800826
vt 3.046408 0.641825
vt 2.698301 0.805293
vt 2.662579 0.844596
vt 3.075763 1.0228
vt 3.352494 0.830938
vt 3.126471 1.023512
vt 3.163211 1.025405
vt 3.451516 0.866348
vt 3.153794 0.644989
vt 2.481993 0.599153
vt 2.821416 1.013184
vt 3.085126 0.643359
vt 3.647162 0.832913
vt 3.725136 0.839949
vt 3.664874 0.871203
vt 3.578293 0.742209
vt 3.482384 0.783681
vt 3.569771 0.828248
vt 3.587328 0.872823
vt 3.548607 0.868651
vt 3.527812 0.934264
vt 3.499864 0.822999
vt 3.470612 0.667063
vt 3.473248 0.63049
vt 3.514975 0.634046
vt 3.666497 0.717388
vt 3.638878 0.641977
vt 3.696687 0.646508
vt 3.587518 0.783687
vt 3.726315 0.801333
vt 3.664488 0.793789
vt 3.727299 0.760352
vt 3.732618 0.693496
vt 3.419522 0.634913
vt 3.67665 0.757745
vt 3.608225 0.829058
vt 3.736589 0.65636
vt 1.290103 0.764986
vt 1.349266 0.758328
vt 1.304756 0.795198
vt 1.130906 0.863036
vt 1.152558 0.834412
vt 1.1673 0.87
vt 1.165252 0.893084
vt 1.23554 0.895983
vt 1.183982 0.929353
vt 1.287865 0.63052
vt 1.231215 0.587808
vt 1.280287 0.589861
vt 1.163881 0.626025
vt 1.165565 0.586836
vt 1.250453 0.87446
vt 1.22862 0.750946
vt 1.269725 0.79469
vt 1.222339 0.792972
vt 1.233954 0.832648
vt 1.169719 0.737789
vt 1.21675 0.668137
vt 1.32456 0.680749
vt 1.366394 0.632764
vt 1.33214 0.591788
vt 1.379281 0.594063
vt 1.279259 0.680153
vt 1.183869 0.792339
vt 1.143757 0.793172
vt 1.139218 0.672306
vt 1.103905 0.583344
vt 1.065067 0.621434
vt 1.107873 0.718114
vt 1.093565 0.793938
vt 1.278278 0.848893
vt 1.460048 0.597153
vt 1.443272 0.638924
vt 1.374906 0.672462
vt 1.102431 0.66728
vt 1.481313 0.64731
vt 1.43907 0.669954
vt 1.376211 0.716063
vt 1.409842 0.718689
vt 0.099302 0.879018
vt 0.183445 0.885669
vt 0.132596 0.927154
vt 0.177724 0.702103
vt 0.251946 0.728627
vt 0.232878 0.772144
vt 1.02182 0.662305
vt 1.07423 0.744243
vt 1.012446 0.754395
vt 0.849717 0.712648
vt 0.889853 0.665381
vt 0.908048 0.723035
vt 0.237111 0.846057
vt 0.220459 0.953637
vt 0.92683 0.662747
vt 0.934724 0.615683
vt 0.134939 0.847067
vt 0.282865 0.84419
vt 0.350431 0.897261
vt 0.253205 0.921041
vt 0.359279 0.843404
vt 0.393516 0.875792
vt 0.396257 0.839878
vt 0.429422 0.839191
vt 1.085143 0.828639
vt 0.819502 0.626747
vt 0.894135 0.580366
vt 0.006523 0.798122
vt -0.0636 0.794124
vt -0.058421 0.756698
vt 0.003738 0.761836
vt 0.99637 0.905585
vt 1.011006 0.96693
vt 0.977284 0.966682
vt -0.014184 0.829329
vt -0.052249 0.826604
vt 1.071979 0.91583
vt 0.13363 0.804262
vt 0.999034 0.828401
vt 1.050773 0.830595
vt 1.044208 0.880062
vt 0.241471 0.809062
vt 0.298058 0.80508
vt 0.337942 0.761609
vt 0.373881 0.805673
vt 0.430435 0.75663
vt 0.407095 0.808051
vt 0.397311 0.766098
vt 0.97837 0.665669
vt 0.478423 0.798274
vt 0.482415 0.765505
vt 0.575567 0.800778
vt 0.560694 0.836329
vt 0.523949 0.800838
vt 0.824906 0.885992
vt 0.892513 0.887947
vt 0.852673 0.935544
vt 0.640503 0.795179
vt 0.625896 0.832964
vt 0.626916 0.758536
vt 0.55597 0.761019
vt 0.954451 0.667523
vt 0.915615 0.836559
vt 0.958845 0.837687
vt 0.937417 0.757439
vt 0.900256 0.973305
vt 0.874488 0.975468
vt 1.105873 0.890149
vt 0.941065 0.895698
vt 0.120862 0.768281
vt 0.095953 0.806613
vt 0.0911 0.843793
vt 0.029646 0.764751
vt 0.970224 0.758272
vt 0.026688 0.839389
vt 0.724952 0.673556
vt 0.703396 0.70149
vt 0.680401 0.635865
vt 0.702944 0.598415
vt 0.7894 0.591532
vt 0.748188 0.632697
vt 0.642319 0.602637
vt 0.640088 0.646841
vt 0.577707 0.601724
vt 0.478545 0.648626
vt 0.511941 0.604325
vt 0.479316 0.606124
vt 0.302117 0.651401
vt 0.41198 0.606934
vt 0.403263 0.681077
vt 0.032387 0.685137
vt -0.001981 0.640761
vt 0.13503 0.653604
vt 0.084025 0.61031
vt 0.010704 0.603968
vt 1.060488 0.671097
vt 0.808493 0.685949
vt 0.821062 0.66976
vt 0.78799 0.974465
vt 0.925678 0.967905
vt 0.47103 0.716621
vt 0.893312 0.755259
vt 1.005454 0.576539
vt 1.039444 0.579246
vt 0.98429 0.614711
vt 0.815751 0.783694
vt 0.788752 0.747862
vt 0.840259 0.741645
vt 1.035078 0.79022
vt 0.402595 0.728083
vt 0.757312 0.719216
vt 0.467108 0.91488
vt 0.391935 0.914884
vt 0.94334 0.576771
vt 0.458398 0.879871
vt 0.485068 0.837101
vt 0.678596 0.795896
vt 0.656807 0.756136
vt 0.718988 0.752464
vt 0.581313 0.68238
vt 0.990985 0.798888
vt 0.179308 0.616089
vt 0.259594 0.615002
vt 0.167921 1.001871
vt 0.096706 0.998118
vt -0.010546 0.684572
vt 0.790763 0.823942
vt 0.835866 0.830653
vt -0.087631 0.903812
vt -0.030018 0.877557
vt -0.085969 0.948255
vt 0.097386 0.692066
vt 0.061231 0.763881
vt -0.028518 0.986336
vt -0.064008 0.982796
vt 0.012749 0.917158
vt 0.031615 0.872683
vt 0.065433 0.901737
vt 0.300409 0.76159
vt 1.086177 0.969451
vt 0.68221 0.710359
vt 0.829396 0.588266
vt 0.378228 0.608336
vt 1.174113 0.976398
vt 0.906868 0.796601
vt 0.76699 0.790236
vt 0.524218 0.951822
vt 0.594893 0.904872
vt 0.673884 0.831252
vt 0.70565 0.902868
vt 0.710451 0.829628
vt 0.368032 0.947338
vt 0.54491 0.988314
vt 0.472645 0.989295
vt 0.264539 0.998608
vt -0.093867 0.660637
vt 0.148675 0.706774
vt 0.292959 0.615562
vt 0.838405 0.804743
vt 0.046484 0.994256
vt 0.736348 0.976278
vt 0.664982 0.980386
vt 0.431139 0.990548
vt 0.118421 0.615478
vt 0.371022 0.994315
vt 0.329289 0.995527
vt -0.032428 0.596371
vt 1.828292 0.632545
vt 1.777575 0.592901
vt 1.915158 0.593841
vt 1.795467 0.750304
vt 1.756846 0.752776
vt 1.77798 0.69125
vt 1.80296 0.717069
vt 1.860201 0.756799
vt 1.874182 0.727613
vt 1.899591 0.634277
vt 1.747076 0.631371
vt 1.929065 0.674839
vt 2.027686 0.591679
vt 1.810613 0.788806
vt 1.756625 0.792311
vt 1.845225 0.787042
vt 2.140153 0.669653
vt 2.099216 0.664589
vt 2.103555 0.62897
vt 2.099713 0.909024
vt 2.07182 0.836919
vt 2.113841 0.827663
vt 2.362437 0.699427
vt 2.391168 0.698685
vt 2.351137 0.736637
vt 1.944318 0.757238
vt 2.009902 0.750983
vt 1.960265 0.791283
vt 2.291467 0.631695
vt 2.23239 0.670842
vt 1.997895 0.916496
vt 1.970558 0.860951
vt 2.020167 0.842257
vt 2.20377 0.74781
vt 2.28754 0.743617
vt 2.23003 0.790316
vt 1.877724 0.917568
vt 1.837382 0.834452
vt 1.899991 0.832522
vt 1.926093 0.791677
vt 1.93219 0.833102
vt 2.106514 0.787304
vt 1.984257 0.675043
vt 2.134444 0.589442
vt 1.930548 0.897936
vt 1.910328 0.989094
vt 2.009079 0.988511
vt 2.334506 0.640163
vt 2.144511 0.730562
vt 2.098483 0.747392
vt 2.138918 0.82927
vt 2.190131 0.830249
vt 2.325506 0.7626
vt 2.308983 0.710143
vt 1.795895 0.916456
vt 2.214149 0.706081
vt 2.19347 0.788909
vt 2.147913 0.791881
vt 2.170865 0.748497
vt 2.181113 0.907049
vt 2.214799 0.984218
vt 2.107835 0.985806
vt 2.032206 0.792745
vt 2.063565 0.743494
vt 2.245609 0.832188
vt 2.265725 0.892638
vt 1.959296 0.83307
vt 2.291955 0.794515
vt 2.298834 0.863994
vt 2.240152 0.592225
vt 2.367465 0.599348
vt 1.805106 0.987114
vt 1.783176 0.830684
vt 2.245996 0.945836
vt 1.549631 0.671126
vt 1.605983 0.669887
vt 1.580027 0.715647
vt 1.712115 0.793974
vt 1.698339 0.833394
vt 1.664215 0.791044
vt 1.562829 0.63627
vt 1.646031 0.630569
vt 1.770305 0.903864
vt 1.701421 0.879873
vt 1.51295 0.918976
vt 1.522843 0.883792
vt 1.587013 0.895443
vt 1.601995 0.951063
vt 1.692362 0.986866
vt 1.589255 0.987969
vt 1.311521 0.901158
vt 1.273815 0.930395
vt 1.754107 0.830923
vt 1.647454 0.837371
vt 1.630314 0.796712
vt 1.497716 0.874041
vt 1.473431 0.833582
vt 1.52809 0.793555
vt 1.490198 0.683039
vt 1.484713 0.74022
vt 1.435652 0.870613
vt 1.447899 0.833975
vt 1.276834 0.97871
vt 1.374175 0.926903
vt 1.379222 0.977656
vt 1.563912 0.984688
vt 1.570899 0.799047
vt 1.348299 0.797053
vt 1.457033 0.772238
vt 1.487274 0.799429
vt 1.537511 0.978364
vt 1.480437 0.977249
vt 1.69949 0.702711
vt 1.662978 0.701549
vt 1.427031 0.82872
vt 1.34942 0.866077
vt 1.395764 0.834897
vt 1.376086 0.880905
vt 1.409286 0.748279
vt 1.313915 0.862844
vt 1.635118 0.753327
vt 1.584504 0.751181
vt 1.678672 0.592034
vt 1.63743 0.69006
vt 1.720616 0.746226
vt 1.671996 0.75151
vt 1.395555 0.793443
vt 1.532675 0.594557
vt 1.591515 0.592813
vt 1.53105 0.754426
vt 2.401313 0.823384
vt 2.365343 0.794104
vt 2.325246 0.838778
vt 2.386397 0.863125
vt 2.403471 0.896866
vt 2.457423 0.986258
vt 2.315011 0.922381
vt 2.445476 0.907857
vt 2.424393 0.988356
vt 2.39824 0.954174
vt -0.131341 0.62227
vt -0.124404 0.581779
vt -0.086241 0.58668
vt -0.528342 0.553378
vt -0.469583 0.551792
vt -0.443974 0.591556
vt -0.534333 0.591876
vt -0.617339 0.553777
vt -0.66279 0.596303
vt -0.647017 0.555647
vt -0.39558 0.89106
vt -0.369317 0.964222
vt -0.40407 0.96527
vt -0.632195 0.638616
vt -0.447898 0.726119
vt -0.426451 0.651396
vt -0.383671 0.726478
vt -0.558531 0.552568
vt -0.501525 0.680515
vt -0.502156 0.634429
vt -0.358257 0.805258
vt -0.326096 0.885274
vt -0.181313 0.650183
vt -0.196607 0.692595
vt -0.261748 0.686164
vt -0.262047 0.641977
vt -0.157839 0.873017
vt -0.66887 0.770813
vt -0.650297 0.808412
vt -0.691525 0.812074
vt -0.243185 0.602152
vt -0.179735 0.570217
vt -0.598704 0.633308
vt -0.475137 0.926824
vt -0.457223 0.968029
vt -0.491159 0.968509
vt -0.376247 0.681053
vt -0.381053 0.765518
vt -0.394705 0.805416
vt -0.320946 0.727593
vt -0.318181 0.767625
vt -0.300969 0.811012
vt -0.551533 0.768624
vt -0.5255 0.805193
vt -0.575162 0.809985
vt -0.535479 0.728978
vt -0.47419 0.768158
vt -0.556879 0.728846
vt -0.473214 0.807506
vt -0.269832 0.730952
vt -0.249433 0.761524
vt -0.2929 0.767925
vt -0.555672 0.634427
vt -0.493136 0.892555
vt -0.595343 0.769391
vt -0.60392 0.808927
vt -0.121829 0.976165
vt -0.156283 0.972953
vt -0.316791 0.68587
vt -0.185496 0.927724
vt -0.212457 0.96849
vt -0.170765 0.687545
vt -0.168355 0.739085
vt -0.199226 0.734621
vt -0.285323 0.640102
vt -0.491965 0.723856
vt -0.240579 0.729976
vt -0.252571 0.825597
vt -0.408912 0.763719
vt -0.448402 0.800796
vt -0.294584 0.910058
vt -0.213328 0.816962
vt -0.204379 0.775634
vt -0.179192 0.777325
vt -0.19574 0.81385
vt -0.136138 0.782284
vt -0.09891 0.787775
vt -0.133342 0.821642
vt -0.117351 0.741777
vt -0.28643 0.964114
vt -0.316081 0.963037
vt -0.273261 0.877665
vt -0.240077 0.927298
vt -0.579287 0.729333
vt -0.361552 0.593714
vt -0.658707 0.728146
vt -0.626571 0.772183
vt -0.679956 0.88807
vt -0.58602 0.929472
vt -0.6934 0.913305
vt -0.657308 0.966414
vt -0.719809 0.962291
vt -0.546573 0.969397
vt -0.581032 0.970917
vt -0.552228 0.883983
vt -0.626126 0.8079
vt -0.599894 0.683793
vt -0.548253 0.682749
vt -0.127392 0.705703
vt -0.450134 0.765482
vt -0.62811 0.888837
vt -0.436418 0.552689
vt -0.378734 0.55424
vt -0.343559 0.556572
vt -0.593352 0.892005
vt -0.667142 0.67616
vt -0.607343 0.727413
vt -0.287585 0.558961
vt -0.306558 0.598042
vt -0.249467 0.562032
vt -0.210138 0.565995
vt -0.249544 0.96605
vt -1.101812 0.720397
vt -1.108463 0.758764
vt -1.148971 0.702907
vt -1.10611 0.651312
vt -1.133171 0.595219
vt -1.195624 0.67043
vt -1.033138 0.552451
vt -0.981291 0.553493
vt -0.984003 0.59413
vt -1.063933 0.593822
vt -1.043823 0.666089
vt -0.759165 0.595816
vt -0.849722 0.600842
vt -0.814718 0.558282
vt -0.695903 0.728259
vt -0.727346 0.768027
vt -0.813153 0.916194
vt -0.798739 0.955345
vt -0.833207 0.95288
vt -0.953187 0.768668
vt -0.894204 0.75936
vt -0.947928 0.802878
vt -1.183679 0.723464
vt -1.202936 0.55404
vt -1.149678 0.554568
vt -0.915355 0.596613
vt -0.948746 0.555517
vt -0.897635 0.557342
vt -1.075654 0.724087
vt -1.080279 0.762348
vt -1.075214 0.799711
vt -1.105613 0.803712
vt -0.91581 0.71075
vt -0.983869 0.729027
vt -0.897716 0.802576
vt -0.732918 0.809989
vt -0.749218 0.829714
vt -0.795426 0.646306
vt -0.866287 0.559481
vt -0.797704 0.802676
vt -0.775106 0.847913
vt -0.803775 0.861647
vt -1.104286 0.835953
vt -1.017575 0.868567
vt -1.117015 0.877977
vt -0.800994 0.727087
vt -0.77476 0.639262
vt -0.74966 0.725445
vt -0.966067 0.596634
vt -0.902846 0.910576
vt -0.897529 0.949321
vt -0.927145 0.948087
vt -0.789084 0.768178
vt -0.727904 0.726809
vt -0.843172 0.766492
vt -0.863192 0.723382
vt -0.834937 0.806
vt -1.038401 0.764563
vt -1.033934 0.716599
vt -1.009427 0.800145
vt -0.972509 0.843847
vt -1.010836 0.912329
vt -0.862855 0.873798
vt -1.122454 0.555118
vt -1.070748 0.553051
vt -0.978159 0.94685
vt -1.00481 0.94795
vt -1.009688 0.678586
vt -1.042027 0.946577
vt -1.266074 0.598409
vt -0.882629 0.65576
vt -0.851988 0.683131
vt -0.909999 0.876106
vt -0.743527 0.643317
vt -0.726817 0.683239
vt -0.726234 0.641915
vt -0.747673 0.958446
vt -1.138091 0.910928
vt -1.072166 0.945682
vt -0.699423 0.556242
vt -0.783406 0.558236
vt -0.731072 0.556703
vt -2.324246 0.998039
vt -2.212868 1.016876
vt -2.257417 1.024216
vt -2.127197 0.965788
vt -2.09095 0.998788
vt -2.13456 1.006122
vt -1.296369 0.883495
vt -1.294531 0.847253
vt -1.263294 0.840434
vt -1.270119 0.728073
vt -1.32 0.714484
vt -1.316248 0.687338
vt -1.291018 0.654684
vt -1.532531 0.817997
vt -1.53646 0.775741
vt -1.509491 0.775414
vt -1.498422 0.835215
vt -1.280221 0.770574
vt -1.233316 0.806515
vt -1.293173 0.807247
vt -1.345126 0.807108
vt -1.512206 0.720263
vt -1.478187 0.650174
vt -1.426053 0.649972
vt -1.450913 0.694203
vt -1.236577 0.77037
vt -1.234442 0.710644
vt -1.744579 0.923981
vt -1.758268 0.96215
vt -1.812592 0.965534
vt -1.233581 0.913243
vt -1.323698 0.920277
vt -1.49312 0.703718
vt -1.353839 0.769998
vt -1.382912 0.808007
vt -1.421489 0.77249
vt -1.583675 0.961598
vt -1.585368 0.923106
vt -1.524532 0.904411
vt -1.54779 0.961523
vt -1.648216 0.924133
vt -1.569169 0.888202
vt -1.341597 0.96013
vt -1.378522 0.958356
vt -1.617231 0.821561
vt -1.405783 0.958151
vt -1.208042 0.722936
vt -1.230537 0.847346
vt -1.18883 0.844137
vt -1.316293 0.593967
vt -1.335041 0.558349
vt -1.306578 0.558256
vt -1.42224 0.734166
vt -2.327489 0.951831
vt -2.1333 0.909663
vt -1.685665 0.777134
vt -1.672734 0.834419
vt -1.715489 0.787239
vt -1.222506 0.952081
vt -1.157043 0.948872
vt -1.804944 0.921785
vt -1.334923 0.846689
vt -1.641665 0.781931
vt -1.638879 0.81904
vt -1.665607 0.784116
vt -1.619173 0.736014
vt -1.618845 0.782008
vt -1.713273 0.85791
vt -1.556613 0.72854
vt -1.559821 0.674296
vt -1.950997 0.941859
vt -1.973039 0.981992
vt -2.033138 0.989126
vt -1.383838 0.881345
vt -1.427028 0.808261
vt -1.378045 0.837463
vt -1.479925 0.883271
vt -1.68973 0.960593
vt -1.851107 0.834286
vt -1.755661 0.820125
vt -1.924994 0.976036
vt -1.315138 0.626781
vt -1.594764 0.821281
vt -1.239663 0.55569
vt -1.387338 0.603962
vt -1.407184 0.56119
vt -1.37507 0.559771
vt -1.334266 0.891073
vt -1.251084 0.954488
vt -1.307512 0.959274
vt -1.377056 0.729796
vt -1.53128 0.655255
vt -1.466225 0.962053
vt -1.492354 0.961625
vt -1.378525 0.64074
vt -1.462848 0.813598
vt -1.596075 0.780989
vt -2.043578 0.889953
vt -1.122907 0.947789
vt -1.655492 0.961192
vt -1.597818 0.73769
vt -1.206494 0.764843
vt -1.848968 0.967722
vt -2.321252 1.035638
vt -1.956759 0.899797
vt -1.728481 0.961262
vt -1.770283 0.624669
vt -1.664255 0.624705
vt -1.691273 0.678088
vt -1.719434 0.664063
vt -1.759248 0.6776
vt -1.84575 0.669212
vt -1.752913 0.716263
vt -1.761248 0.789472
vt -1.830846 0.78894
vt -1.589137 0.661322
vt -1.86106 0.724903
vt -1.879961 0.630371
vt -1.515435 0.614255
vt -1.66202 0.710555
vt -1.51492 0.574512
vt -1.477508 0.568327
vt -1.658754 0.655785
vt -1.729731 0.5847
vt -1.672705 0.583147
vt -1.581184 0.614821
vt -1.63924 0.581515
vt -1.58295 0.578639
vt -1.82753 0.588665
vt -1.858626 0.590501
vt -1.769705 0.586969
vt -1.554128 0.576943
vt -2.184204 0.828843
vt -2.163881 0.863992
vt -2.263807 0.879961
vt -2.018672 0.852646
vt -1.932895 0.75186
vt -1.856428 0.788625
vt -1.951912 0.798258
vt -1.93147 0.836808
vt -2.03962 0.684483
vt -1.990314 0.759999
vt -2.041045 0.763136
vt -2.274961 0.800929
vt -2.255796 0.756714
vt -2.173127 0.793318
vt -2.351334 0.66746
vt -2.337953 0.814949
vt -2.331735 0.892815
vt -1.990398 0.802896
vt -2.037604 0.808628
vt -2.277967 0.842403
vt -1.876776 0.670418
vt -2.136119 0.675934
vt -2.131495 0.625688
vt -2.0542 0.610218
vt -1.919821 0.594858
vt -2.065152 0.812495
vt -2.159271 0.826589
vt -2.13694 0.716285
vt -2.216595 0.636216
vt -2.263265 0.644206
vt -2.191011 0.632784
vt -2.021628 0.605452
vt -1.954412 0.597364
vt -2.334582 0.853852
vt 3.723601 0.877788
vt 3.720193 0.922944
vt 3.56884 0.980377
vt 3.347314 1.021221
vt 3.488792 1.017758
vt 3.716797 1.025893
vt 3.601667 1.019716
vt 3.390522 1.017425
vt 3.718244 0.985146
vn 0.004 0.9839 -0.1787
vn 0.1511 0.9639 -0.2194
vn 0.1759 0.9418 -0.2866
vn -0.1445 0.9828 -0.1149
vn -0.2365 0.9649 -0.114
vn -0.232 0.9685 -0.0903
vn -0.148 0.9794 -0.1373
vn -0.2359 0.9652 -0.1131
vn -0.2385 0.9643 -0.115
vn 0.0794 0.9632 -0.2566
vn 0.0919 0.9537 -0.2865
vn -0.0405 0.9827 -0.1807
vn 0.0198 0.9691 -0.2461
vn -0.0087 0.9761 -0.2172
vn 0.2215 0.8955 -0.386
vn 0.2305 0.8975 -0.3759
vn -0.1083 0.9826 -0.1512
vn -0.0152 0.9813 -0.1917
vn -0.0743 0.9799 -0.1851
vn 0.2028 0.9088 -0.3647
vn 0.2646 0.8926 -0.365
vn 0.0841 0.9565 -0.2794
vn 0.1697 0.9472 -0.272
vn -0.3866 0.9216 0.0338
vn -0.2828 0.9583 0.0405
vn -0.3237 0.9432 0.0744
vn 0.26 0.8788 -0.4002
vn 0.2491 0.8872 -0.3883
vn -0.2179 0.9759 -0.0136
vn -0.0656 0.9943 -0.0841
vn -0.1922 0.9797 0.0566
vn -0.0992 0.9699 -0.2222
vn -0.1155 0.9651 -0.2351
vn -0.399 0.9152 -0.0571
vn 0.2579 0.9059 -0.336
vn 0.2472 0.9123 -0.3266
vn 0.2014 0.9232 -0.3273
vn -0.1915 0.9795 -0.0624
vn -0.0474 0.9858 -0.1611
vn -0.1705 0.9804 -0.0989
vn -0.4006 0.9162 0.0113
vn -0.2168 0.971 -0.1008
vn -0.4246 0.9039 0.0511
vn 0.1403 0.9754 -0.17
vn 0.2535 0.8998 -0.3552
vn -0.1115 0.98 -0.1646
vn -0.3975 0.9107 0.1124
vn -0.4114 0.9042 0.1147
vn -0.3972 0.9137 0.0865
vn 0.0976 0.9434 -0.3168
vn -0.1976 0.972 -0.127
vn -0.1683 0.9831 -0.0724
vn -0.0755 0.9885 -0.1313
vn -0.0275 0.9903 -0.1359
vn -0.0876 0.986 -0.142
vn -0.2517 0.9656 -0.0656
vn 0.2047 0.9558 -0.2108
vn -0.3302 0.9361 -0.1215
vn -0.2836 0.9526 -0.1104
vn -0.0887 0.9777 -0.1903
vn -0.4424 0.8931 0.0813
vn -0.4158 0.909 0.0301
vn 0.1844 0.9314 -0.3139
vn 0.1642 0.9444 -0.2849
vn -0.248 0.9683 -0.0288
vn 0.1621 0.9599 -0.2285
vn 0.1183 0.9508 -0.2863
vn -0.3961 0.9104 0.1196
vn -0.3329 0.9421 0.0398
vn 0.0515 0.9736 -0.2223
vn -0.0244 0.9844 -0.1742
vn -0.0354 0.9864 -0.1606
vn 0.1596 0.9415 -0.2967
vn -0.0204 0.9786 -0.2049
vn -0.0144 0.9771 -0.2123
vn -0.0452 0.9834 -0.1759
vn -0.0543 0.9825 -0.1782
vn -0.0314 0.9829 -0.1813
vn -0.0477 0.9821 -0.182
vn 0.1084 0.9691 -0.2214
vn 0.0451 0.969 -0.2427
vn 0.2137 0.9119 -0.3504
vn 0.2234 0.8993 -0.376
vn 0.2906 0.8713 -0.3955
vn 0.2112 0.9058 -0.3673
vn -0.1551 0.9868 -0.0462
vn -0.1787 0.9826 -0.0496
vn -0.183 0.9677 -0.1732
vn -0.0676 0.9941 -0.0847
vn -0.3394 0.9378 0.0735
vn -0.3413 0.937 0.0739
vn -0.0804 0.9776 -0.1944
vn -0.0906 0.9787 -0.1844
vn -0.0898 0.9861 -0.1398
vn 0.1708 0.9533 -0.2492
vn 0.0677 0.9625 -0.2628
vn -0.0482 0.9841 -0.1707
vn -0.3707 0.9274 -0.0502
vn -0.111 0.9816 -0.1551
vn -0.4174 0.903 0.1023
vn 0.2841 0.8783 -0.3845
vn -0.1076 0.9905 -0.0853
vn -0.1748 0.973 -0.151
vn -0.1306 0.9817 -0.1388
vn -0.17 0.9772 -0.127
vn -0.0548 0.9847 -0.1656
vn -0.0651 0.9818 -0.1785
vn -0.0657 0.9817 -0.1788
vn 0.0146 0.9703 -0.2414
vn -0.3223 0.9451 0.0548
vn -0.1308 0.9863 -0.1
vn 0.3143 0.8813 -0.353
vn -0.0991 0.9832 -0.1534
vn -0.0202 0.9902 -0.1384
vn -0.1517 0.9796 -0.1322
vn -0.071 0.979 -0.191
vn -0.0926 0.9895 -0.1114
vn -0.3262 0.9452 0.014
vn -0.2494 0.9618 -0.1126
vn -0.0225 0.993 -0.1162
vn -0.2507 0.9618 -0.1097
vn -0.2402 0.9641 -0.1134
vn -0.2998 0.9474 -0.112
vn -0.0605 0.9803 -0.1883
vn -0.0552 0.9832 -0.1739
vn -0.1263 0.9913 -0.0367
vn -0.0667 0.9787 -0.1943
vn -0.0823 0.9709 -0.2248
vn -0.0801 0.9612 -0.2641
vn -0.1511 0.9681 -0.2
vn 0.0379 0.9778 -0.206
vn 0.168 0.9543 -0.2472
vn -0.0948 0.9755 -0.1987
vn -0.2766 0.947 -0.1632
vn -0.3019 0.9453 -0.1235
vn -0.1172 0.9789 -0.1675
vn -0.0375 0.9792 -0.1992
vn 0.1652 0.9503 -0.2641
vn 0.1031 0.9617 -0.254
vn 0.127 0.969 -0.2118
vn 0.1017 0.9723 -0.2104
vn 0.1799 0.9646 -0.1928
vn 0.0728 0.9729 -0.2196
vn 0.1293 0.9606 -0.2461
vn -0.0199 0.9618 -0.2732
vn 0.0112 0.9707 -0.2399
vn -0.0275 0.9686 -0.2472
vn 0.054 0.9657 -0.2541
vn 0.0094 0.9726 -0.2322
vn -0.0233 0.9734 -0.2277
vn -0.0777 0.9693 -0.2333
vn 0.0223 0.9684 -0.2486
vn 0.2792 0.9103 -0.3056
vn 0.2335 0.9109 -0.3402
vn 0.0247 0.9806 -0.1945
vn -0.2478 0.9688 0.0025
vn -0.0741 0.9886 -0.1313
vn -0.2893 0.9572 0.0011
vn -0.4735 0.873 0.1168
vn -0.4761 0.8724 0.1108
vn -0.4304 0.8984 0.0876
vn 0.3287 0.8993 -0.2886
vn 0.1392 0.9672 -0.2123
vn 0.1159 0.9755 -0.1871
vn 0.377 0.8586 -0.3473
vn 0.1571 0.9614 -0.226
vn -0.3235 0.9455 -0.0379
vn 0.3516 0.8819 -0.314
vn 0.0553 0.9725 -0.2261
vn 0.1333 0.9718 -0.1947
vn -0.1061 0.986 -0.1285
vn 0.3451 0.8714 -0.3486
vn 0.4787 0.7929 -0.3771
vn 0.4536 0.8095 -0.3728
vn 0.31 0.899 -0.3095
vn 0.1027 0.9781 -0.181
vn 0.0842 0.9822 -0.1678
vn 0.4676 0.808 -0.3585
vn 0.2042 0.9498 -0.237
vn 0.1648 0.9495 -0.2672
vn 0.4869 0.7691 -0.4141
vn 0.1606 0.9587 -0.2348
vn 0.4176 0.8422 -0.3409
vn 0.3508 0.874 -0.3361
vn 0.13 0.9692 -0.2093
vn -0.2136 0.9693 -0.1219
vn 0.0667 0.9836 -0.1673
vn 0.2556 0.9195 -0.2988
vn 0.4085 0.8223 -0.3961
vn 0.5509 0.7271 -0.4097
vn 0.149 0.9542 -0.2594
vn 0.3381 0.8511 -0.4015
vn 0.3087 0.8784 -0.3649
vn 0.2568 0.9018 -0.3476
vn -0.2846 0.951 -0.1204
vn -0.3095 0.9457 -0.0995
vn -0.2599 0.9591 -0.1119
vn 0.4131 0.8872 -0.2054
vn 0.423 0.8813 -0.2107
vn 0.2695 0.9463 -0.1785
vn 0.5226 0.7425 -0.4191
vn 0.297 0.9079 -0.2959
vn 0.2911 0.8619 -0.4153
vn 0.4162 0.8783 -0.2355
vn 0.5978 0.7159 -0.3608
vn 0.4597 0.8367 -0.2978
vn -0.1907 0.976 -0.1047
vn -0.29 0.9532 -0.085
vn 0.6383 0.6934 -0.3343
vn 0.4618 0.8236 -0.3292
vn -0.2114 0.9716 -0.1064
vn -0.1683 0.9761 -0.1372
vn -0.2504 0.9618 -0.1108
vn -0.318 0.9455 -0.0695
vn -0.135 0.982 -0.1318
vn -0.2348 0.9655 -0.1126
vn -0.1737 0.9761 -0.1305
vn -0.1833 0.9744 -0.1302
vn -0.1091 0.9914 -0.0718
vn 0.4071 0.8674 -0.2862
vn 0.1625 0.9577 -0.2376
vn 0.0209 0.9853 -0.1695
vn -0.0091 0.9885 -0.1511
vn 0.2782 0.9448 -0.1733
vn 0.2451 0.9548 -0.1683
vn -0.3559 0.9345 0.0018
vn -0.2706 0.962 -0.0364
vn -0.2745 0.961 -0.0321
vn -0.1816 0.9646 -0.1914
vn -0.2402 0.9529 -0.1853
vn -0.3597 0.9316 0.0526
vn 0.0519 0.9892 -0.1373
vn -0.2712 0.955 -0.1203
vn -0.1853 0.9763 -0.112
vn -0.3553 0.9347 0.0111
vn 0.0352 0.987 -0.1565
vn 0.0506 0.9789 -0.1979
vn 0.3229 0.9126 -0.2509
vn 0.0893 0.9834 -0.1578
vn 0.3186 0.9165 -0.2417
vn 0.0856 0.9757 -0.2017
vn 0.2703 0.9353 -0.2283
vn 0.5764 0.6848 -0.4459
vn 0.1211 0.9743 -0.1897
vn 0.3417 0.9021 -0.2635
vn 0.111 0.9795 -0.1682
vn -0.1424 0.9816 -0.1272
vn 0.1189 0.9623 -0.2445
vn -0.2468 0.9681 -0.0438
vn -0.3302 0.9439 0.0034
vn -0.2633 0.9633 -0.0526
vn 0.1046 0.9761 -0.1906
vn -0.1599 0.9829 -0.0908
vn 0.3463 0.9045 -0.2489
vn 0.3495 0.8976 -0.2686
vn 0.6128 0.7051 -0.3569
vn -0.2878 0.9574 0.0256
vn -0.2787 0.9601 -0.0224
vn 0.2574 0.9297 -0.2634
vn -0.2943 0.954 -0.0575
vn -0.2928 0.9547 -0.0522
vn -0.4138 0.9029 0.1168
vn -0.3996 0.9164 0.0238
vn 0.2228 0.9586 -0.1771
vn -0.0172 0.9872 -0.1583
vn -0.1761 0.9743 -0.1402
vn 0.1906 0.9722 -0.1362
vn 0.2347 0.9264 -0.2943
vn -0.1496 0.9774 -0.1496
vn 0.4916 0.804 -0.3345
vn 0.4879 0.8189 -0.3024
vn 0.2993 0.9152 -0.2699
vn 0.1496 0.9601 -0.2363
vn 0.1532 0.9589 -0.2388
vn 0.3172 0.9098 -0.2677
vn 0.1721 0.9548 -0.2423
vn 0.3228 0.9083 -0.266
vn 0.1521 0.9633 -0.2212
vn 0.3101 0.9169 -0.2514
vn 0.1714 0.9607 -0.2184
vn 0.1808 0.9604 -0.2122
vn 0.3252 0.9165 -0.233
vn 0.1896 0.9583 -0.2137
vn 0.4517 0.8561 -0.2512
vn 0.3858 0.9091 -0.1572
vn 0.247 0.9542 -0.1688
vn 0.3314 0.9231 -0.1951
vn 0.1815 0.9664 -0.182
vn 0.1753 0.9679 -0.1804
vn 0.5135 0.7872 -0.3415
vn 0.4816 0.8378 -0.2572
vn 0.6085 0.7634 -0.2167
vn -0.3271 0.9439 -0.0465
vn -0.2883 0.9563 -0.0494
vn 0.4348 0.8588 -0.271
vn 0.2948 0.9388 -0.1784
vn 0.1662 0.9562 -0.2408
vn 0.1649 0.9564 -0.2413
vn 0.4478 0.8144 -0.3692
vn 0.1338 0.97 -0.2032
vn 0.309 0.908 -0.2829
vn 0.2938 0.9428 -0.1572
vn 0.072 0.9554 -0.2864
vn 0.4258 0.8709 -0.2453
vn 0.4185 0.8563 -0.3027
vn -0.2567 0.9632 -0.08
vn -0.2984 0.9509 -0.0823
vn 0.1671 0.9566 -0.2385
vn -0.2147 0.9752 -0.0532
vn -0.1307 0.9844 -0.1176
vn 0.0912 0.9777 -0.1891
vn 0.3545 0.8897 -0.2876
vn 0.3306 0.8979 -0.2905
vn 0.4026 0.8729 -0.2756
vn -0.0177 0.9698 -0.2433
vn 0.1952 0.9601 -0.2002
vn 0.1941 0.96 -0.2019
vn -0.2828 0.9533 -0.1064
vn -0.286 0.9517 -0.1119
vn 0.3584 0.9192 -0.1632
vn -0.1313 0.9833 -0.1257
vn -0.1909 0.9814 -0.0184
vn -0.387 0.9133 -0.1272
vn -0.3476 0.9233 -0.1635
vn -0.3347 0.9323 -0.137
vn 0.4317 0.8842 -0.1786
vn 0.145 0.977 -0.1563
vn -0.2753 0.9528 -0.1283
vn -0.2766 0.952 -0.1311
vn -0.3424 0.9314 -0.1232
vn -0.3395 0.9305 -0.1377
vn -0.2978 0.9445 -0.1388
vn 0.3148 0.9147 -0.2533
vn -0.261 0.9646 -0.0377
vn 0.4649 0.8437 -0.2683
vn 0.1535 0.9593 -0.2371
vn 0.2067 0.9547 -0.2141
vn -0.2564 0.966 -0.0323
vn 0.0261 0.9935 -0.1111
vn 0.1021 0.9714 -0.2145
vn -0.2687 0.9593 -0.0865
vn -0.2215 0.9715 -0.0846
vn -0.1887 0.9769 -0.1005
vn -0.2352 0.9682 -0.085
vn -0.179 0.9755 -0.1282
vn -0.3178 0.9458 -0.0664
vn -0.284 0.9564 -0.0687
vn -0.2912 0.9541 -0.0701
vn -0.2913 0.9517 -0.0966
vn 0.4072 0.901 -0.1494
vn 0.3976 0.8964 -0.1959
vn 0.2054 0.9562 -0.2087
vn 0.0292 0.9945 -0.1002
vn -0.2823 0.9526 -0.1135
vn -0.3292 0.9431 -0.0472
vn -0.2705 0.9597 -0.076
vn -0.2835 0.956 -0.0756
vn 0.2103 0.9588 -0.1912
vn -0.2758 0.9575 -0.0849
vn -0.2895 0.9526 -0.0937
vn 0.1268 0.9789 -0.1599
vn 0.1455 0.9426 -0.3006
vn 0.0011 0.9838 -0.179
vn -0.0049 0.9827 -0.1851
vn 0.0682 0.9561 -0.2851
vn 0.1425 0.9591 -0.2445
vn 0.3043 0.8802 -0.3641
vn 0.2094 0.9019 -0.3778
vn 0.1155 0.9584 -0.2611
vn 0.2216 0.9186 -0.3273
vn 0.1196 0.9549 -0.2718
vn 0.1724 0.9444 -0.2801
vn 0.2736 0.8956 -0.3509
vn -0.0008 0.9819 -0.1893
vn -0.1066 0.9799 -0.1685
vn -0.0704 0.989 -0.1301
vn -0.0573 0.9883 -0.1411
vn 0.2249 0.9053 -0.3603
vn 0.2672 0.8857 -0.3797
vn 0.1032 0.9588 -0.2647
vn -0.3412 0.9389 0.0457
vn -0.3109 0.949 0.0515
vn -0.3412 0.9399 0.0071
vn 0.2006 0.9303 -0.3072
vn 0.1955 0.9302 -0.3107
vn 0.1103 0.9568 -0.2691
vn 0.1965 0.933 -0.3014
vn 0.1757 0.9279 -0.329
vn -0.0786 0.9826 -0.1686
vn 0.0958 0.965 -0.244
vn 0.2215 0.9218 -0.318
vn -0.3415 0.939 0.0397
vn -0.4183 0.8993 0.1275
vn -0.326 0.9453 0.0133
vn 0.1195 0.9479 -0.2955
vn 0.0906 0.963 -0.2537
vn -0.0534 0.9856 -0.1603
vn -0.3009 0.9531 0.0315
vn -0.2351 0.972 -0.0025
vn -0.2637 0.964 0.0346
vn -0.0441 0.9952 -0.0876
vn -0.3203 0.9443 0.0751
vn -0.0731 0.9826 -0.1709
vn 0.2578 0.8938 -0.3669
vn -0.0044 0.9842 -0.1768
vn -0.3451 0.9363 0.0644
vn -0.2587 0.9658 -0.0151
vn -0.269 0.963 -0.0149
vn 0.0949 0.9592 -0.2662
vn 0.2016 0.9079 -0.3676
vn 0.1758 0.942 -0.2859
vn -0.3462 0.938 -0.0153
vn -0.2782 0.9605 0.0031
vn -0.0042 0.9787 -0.2055
vn 0.1729 0.933 -0.3155
vn -0.2862 0.958 0.0179
vn 0.2464 0.9026 -0.3531
vn -0.0653 0.9846 -0.1622
vn -0.086 0.9765 -0.1974
vn 0.1406 0.9441 -0.2982
vn -0.3037 0.952 0.0369
vn -0.2432 0.9699 -0.0148
vn -0.2484 0.9685 -0.0155
vn -0.0648 0.9874 -0.1441
vn 0.2061 0.9399 -0.2722
vn -0.2728 0.9619 -0.0187
vn -0.3254 0.9455 0.0117
vn -0.317 0.9466 0.0585
vn -0.1356 0.9813 -0.1367
vn -0.3016 0.9532 -0.0182
vn -0.0326 0.988 -0.1512
vn -0.0477 0.9843 -0.17
vn -0.2373 0.9714 -0.0123
vn -0.2909 0.9552 -0.0547
vn -0.2829 0.959 0.0164
vn 0.3619 0.8799 -0.3078
vn 0.3518 0.8606 -0.3684
vn 0.3626 0.8698 -0.3346
vn -0.0565 0.9903 -0.127
vn -0.2289 0.9726 -0.0408
vn -0.0651 0.9835 -0.1688
vn 0.1781 0.9575 -0.2268
vn 0.1865 0.9426 -0.2769
vn -0.2412 0.9669 -0.0835
vn -0.3321 0.9419 0.0514
vn -0.3172 0.9465 0.0595
vn -0.2903 0.9532 0.0839
vn -0.3213 0.9438 0.077
vn -0.3236 0.9453 0.042
vn -0.2651 0.9642 0.0033
vn -0.2607 0.9654 0.0061
vn -0.3887 0.9196 0.0568
vn -0.3997 0.9153 0.0492
vn -0.2715 0.9624 -0.0113
vn -0.2565 0.9663 -0.0205
vn -0.0511 0.9914 -0.1202
vn -0.3071 0.9516 -0.0079
vn -0.1384 0.9844 -0.1085
vn 0.0058 0.9948 -0.1019
vn 0.2677 0.9094 -0.3182
vn 0.277 0.91 -0.3085
vn -0.2836 0.9584 0.033
vn -0.0476 0.9957 -0.0793
vn -0.2498 0.968 -0.0247
vn -0.3271 0.9446 0.028
vn -0.2477 0.9685 -0.0243
vn -0.2478 0.9688 0.0089
vn -0.0553 0.9953 -0.079
vn -0.0168 0.9766 -0.2143
vn 0.1643 0.9466 -0.2775
vn 0.1143 0.9734 -0.1984
vn -0.2454 0.9694 0.001
vn -0.247 0.9687 -0.024
vn 0.2795 0.8823 -0.3788
vn 0.3176 0.8793 -0.3549
vn -0.0078 0.9939 -0.1098
vn -0.2876 0.9572 -0.0328
vn -0.1265 0.9848 -0.1191
vn -0.3128 0.9498 -0.012
vn 0.1504 0.9347 -0.3219
vn -0.2597 0.9654 -0.0224
vn 0.1793 0.948 -0.2628
vn 0.2061 0.9351 -0.2881
vn 0.0041 0.9863 -0.1647
vn 0.3075 0.8936 -0.3272
vn 0.1055 0.9747 -0.1972
vn 0.1405 0.9475 -0.2872
vn -0.0183 0.9695 -0.2444
vn 0.0389 0.9864 -0.1596
vn 0.0241 0.9869 -0.1596
vn 0.2666 0.9371 -0.2252
vn -0.3259 0.9438 0.0551
vn -0.114 0.9876 -0.1076
vn -0.2851 0.9585 -0.0054
vn -0.3357 0.9414 0.0313
vn -0.2294 0.9733 -0.0029
vn -0.2866 0.9552 -0.0742
vn -0.2652 0.9639 -0.0234
vn -0.2706 0.9627 0.0047
vn -0.2382 0.9703 -0.043
vn -0.1971 0.9794 -0.044
vn 0.275 0.9518 -0.1359
vn 0.1158 0.9828 -0.1442
vn 0.1181 0.9807 -0.1558
vn 0.0838 0.992 -0.0939
vn 0.0793 0.9919 -0.0993
vn 0.2864 0.9576 -0.0305
vn 0.2735 0.9618 -0.0102
vn 0.0887 0.9926 -0.0827
vn 0.3103 0.9506 0.0108
vn 0.0898 0.9926 -0.0823
vn -0.4218 0.8753 -0.2366
vn -0.308 0.9319 -0.1915
vn -0.3047 0.9302 -0.2048
vn 0.5246 0.844 0.112
vn 0.3913 0.9202 -0.0065
vn 0.5026 0.8638 0.0355
vn 0.3486 0.9336 -0.0833
vn 0.0791 0.9932 -0.0856
vn 0.5362 0.8421 0.0575
vn 0.4853 0.8726 0.0546
vn -0.3812 0.891 -0.2464
vn -0.4323 0.8813 -0.1908
vn 0.489 0.8665 -0.1003
vn 0.4713 0.8712 -0.1376
vn 0.488 0.8719 -0.0411
vn 0.4867 0.8729 -0.0341
vn -0.3711 0.9105 -0.1825
vn -0.0131 0.994 -0.1084
vn -0.377 0.8862 -0.2693
vn -0.3272 0.8999 -0.2884
vn 0.2502 0.9634 -0.0964
vn 0.0924 0.9877 -0.1264
vn 0.5191 0.8457 0.1235
vn -0.3384 0.9113 -0.2345
vn -0.3041 0.9284 -0.2135
vn -0.3099 0.9232 -0.2272
vn 0.4824 0.8756 -0.0261
vn -0.0195 0.9807 -0.1944
vn -0.3889 0.8792 -0.2752
vn 0.32 0.9436 -0.0845
vn -0.0042 0.991 -0.1341
vn -0.3689 0.9036 -0.2176
vn -0.0449 0.9956 -0.0817
vn -0.4156 0.863 -0.2873
vn -0.4417 0.8799 -0.1751
vn 0.4511 0.8925 0.007
vn 0.0228 0.9928 -0.1179
vn 0.3889 0.9146 0.1109
vn -0.4374 0.8578 -0.27
vn 0.2853 0.9514 -0.1156
vn -0.0671 0.9828 -0.1721
vn -0.0411 0.988 -0.1488
vn 0.466 0.8782 0.1076
vn -0.476 0.8314 -0.2869
vn -0.0285 0.9982 -0.0532
vn -0.3577 0.8979 -0.2565
vn -0.2862 0.9478 -0.1406
vn -0.2918 0.9455 -0.1445
vn 0.4533 0.8898 -0.0522
vn -0.3435 0.9235 -0.1706
vn -0.2918 0.9434 -0.1575
vn 0.4199 0.8909 -0.1731
vn 0.2257 0.9498 -0.2165
vn 0.246 0.9483 -0.2006
vn 0.4823 0.8751 -0.0386
vn 0.4548 0.8905 -0.0157
vn 0.2441 0.9643 -0.1025
vn -0.3612 0.9183 -0.1622
vn 0.0361 0.9805 -0.1932
vn -0.5982 0.7384 -0.3114
vn -0.3547 0.914 -0.197
vn -0.325 0.9343 -0.1466
vn -0.0583 0.9772 -0.2041
vn 0.0154 0.9629 -0.2694
vn -0.2713 0.929 -0.2516
vn -0.0358 0.9867 -0.1585
vn -0.0397 0.9929 -0.1123
vn -0.2536 0.9554 -0.1517
vn 0.2301 0.9635 -0.137
vn -0.301 0.9378 -0.1728
vn -0.307 0.9336 -0.185
vn -0.4085 0.8898 -0.2034
vn -0.3543 0.9226 -0.1529
vn 0.3074 0.943 0.1275
vn 0.2946 0.9532 -0.068
vn 0.2755 0.9606 0.0379
vn -0.0063 0.9908 -0.1349
vn -0.3934 0.8384 -0.3772
vn -0.3384 0.9035 -0.2629
vn -0.3354 0.8846 -0.3241
vn -0.279 0.9207 -0.2728
vn -0.2636 0.9229 -0.2806
vn -0.309 0.9216 -0.2347
vn -0.2829 0.9256 -0.2513
vn -0.5125 0.8037 -0.3025
vn -0.3683 0.8891 -0.2717
vn 0.4881 0.866 0.1081
vn 0.5576 0.8211 0.1219
vn 0.3825 0.9138 -0.1363
vn 0.0159 0.9896 -0.1431
vn -0.4283 0.8484 -0.311
vn 0.0771 0.9908 -0.1112
vn 0.075 0.9905 -0.1154
vn 0.0719 0.9903 -0.1188
vn -0.4665 0.8347 -0.2926
vn 0.4478 0.8899 0.0871
vn 0.2896 0.9569 0.0203
vn 0.0768 0.9901 -0.1176
vn 0.2719 0.9582 -0.089
vn 0.0808 0.9896 -0.1194
vn 0.0781 0.9885 -0.1298
vn -0.2977 0.94 -0.1668
vn 0.1714 0.9721 0.1602
vn 0.0299 0.9991 -0.0288
vn 0.2282 0.9576 0.1757
vn 0.3262 0.9087 0.2605
vn 0.2012 0.9725 0.1177
vn 0.312 0.9134 0.2615
vn 0.0682 0.9969 -0.0401
vn 0.0686 0.9971 -0.0336
vn 0.2155 0.9706 0.1071
vn 0.2124 0.9711 0.1088
vn 0.3362 0.9109 0.2391
vn 0.3081 0.9471 0.0901
vn 0.2056 0.9783 0.0265
vn 0.0948 0.9935 -0.0631
vn 0.2534 0.9673 0.0111
vn -0.0349 0.9965 -0.0766
vn -0.309 0.8884 -0.3394
vn -0.2345 0.9312 -0.2792
vn -0.2203 0.9282 -0.3
vn 0.1296 0.9887 -0.0752
vn 0.1033 0.9893 -0.1028
vn -0.0621 0.9603 -0.2719
vn 0.2564 0.9555 0.1458
vn 0.104 0.9941 -0.0312
vn 0.0859 0.9954 -0.043
vn 0.1872 0.9804 0.0613
vn 0.0735 0.9968 -0.0328
vn 0.0832 0.9954 -0.0467
vn 0.2211 0.9652 0.1398
vn 0.0188 0.999 -0.0402
vn -0.1376 0.963 -0.2318
vn -0.1192 0.9702 -0.2108
vn 0.2494 0.967 0.0517
vn 0.2525 0.9656 0.0613
vn -0.0654 0.9641 -0.2573
vn -0.3126 0.9228 -0.2252
vn -0.3214 0.9058 -0.276
vn 0.3205 0.9275 0.1923
vn 0.0895 0.9947 -0.0506
vn -0.2244 0.9557 -0.1905
vn -0.3345 0.8961 -0.2917
vn -0.3354 0.8955 -0.2926
vn -0.195 0.9292 -0.314
vn -0.2638 0.8773 -0.401
vn -0.2533 0.8688 -0.4255
vn 0.1869 0.9772 0.1012
vn 0.3777 0.882 0.282
vn 0.1786 0.9763 0.1221
vn 0.2064 0.9759 0.071
vn -0.2939 0.8803 -0.3724
vn -0.2057 0.9274 -0.3124
vn -0.1875 0.9249 -0.3306
vn -0.0209 0.9983 -0.0545
vn 0.1656 0.9842 0.0621
vn 0.0098 0.9989 -0.045
vn 0.2084 0.9776 0.0291
vn -0.1693 0.9666 -0.1923
vn 0.0946 0.9916 -0.0886
vn 0.2458 0.9642 0.0998
vn -0.1066 0.9649 -0.24
vn -0.2589 0.8908 -0.3734
vn -0.2482 0.8863 -0.391
vn -0.2997 0.8911 -0.3409
vn 0.0762 0.9962 -0.0422
vn 0.0725 0.9965 -0.0408
vn -0.1768 0.9314 -0.3183
vn -0.1732 0.9327 -0.3162
vn 0.3246 0.9314 0.1646
vn -0.175 0.9296 -0.3244
vn 0.2459 0.9615 0.1227
vn 0.3076 0.9476 0.0861
vn 0.2849 0.9551 0.0817
vn -0.278 0.8799 -0.3854
vn 0.4494 0.8756 0.1771
vn 0.321 0.9399 0.1167
vn 0.5365 0.8312 0.1461
vn -0.2611 0.9235 -0.281
vn -0.2102 0.8889 -0.407
vn -0.1794 0.924 -0.3378
vn 0.0878 0.9928 -0.081
vn 0.0923 0.9935 -0.0668
vn 0.089 0.993 -0.0782
vn 0.1067 0.9715 -0.2116
vn 0.1077 0.9262 -0.3613
vn 0.114 0.9364 -0.3319
vn 0.0821 0.9715 -0.2222
vn 0.058 0.935 -0.35
vn 0.0912 0.9353 -0.3419
vn -0.2 0.8203 -0.5359
vn -0.1544 0.832 -0.5329
vn -0.1025 0.8551 -0.5083
vn 0.3151 0.9418 0.1171
vn 0.2976 0.9283 0.2231
vn 0.3203 0.8937 0.3141
vn 0.3723 0.8811 0.2916
vn -0.0361 0.9417 -0.3345
vn 0.0691 0.9933 -0.0927
vn 0.0721 0.9922 -0.1017
vn -0.0784 0.9351 -0.3456
vn 0.2007 0.9771 -0.0704
vn 0.0053 0.9611 -0.276
vn 0.0269 0.9543 -0.2976
vn -0.1127 0.9354 -0.3351
vn 0.1607 0.9741 0.1592
vn 0.226 0.9443 0.2391
vn 0.2768 0.9096 0.3097
vn 0.2396 0.9148 0.3252
vn 0.1583 0.9858 -0.0562
vn 0.2943 0.939 0.1781
vn 0.0593 0.9452 -0.3212
vn 0.0653 0.9189 -0.3891
vn 0.0746 0.9316 -0.3559
vn -0.1435 0.8956 -0.4211
vn -0.1105 0.911 -0.3973
vn 0.1543 0.9635 0.2188
vn 0.1152 0.9925 -0.0403
vn -0.1517 0.8874 -0.4354
vn 0.0257 0.9972 -0.0695
vn 0.0347 0.9221 -0.3854
vn 0.0486 0.9489 -0.3118
vn -0.0175 0.932 -0.3621
vn 0.0092 0.9255 -0.3785
vn 0.0871 0.9414 -0.3259
vn -0.0079 0.9651 -0.2618
vn -0.0605 0.9285 -0.3665
vn -0.0612 0.9235 -0.3788
vn 0.0618 0.9373 -0.3431
vn -0.0656 0.9147 -0.3988
vn 0.2694 0.9507 0.1538
vn -0.1445 0.8918 -0.4287
vn -0.1667 0.9041 -0.3935
vn 0.2287 0.9648 0.1301
vn 0.1584 0.987 -0.0279
vn 0.1215 0.9916 -0.0453
vn 0.1851 0.9512 0.2469
vn 0.1061 0.9939 -0.0316
vn 0.0718 0.9952 -0.0658
vn 0.0803 0.996 -0.0398
vn 0.0986 0.9641 -0.2464
vn 0.1019 0.9904 -0.0939
vn -0.1144 0.9222 -0.3693
vn -0.1338 0.9238 -0.3589
vn 0.0817 0.953 -0.2917
vn -0.272 0.8156 -0.5106
vn 0.1841 0.9784 -0.094
vn 0.1401 0.9421 -0.3048
vn 0.1085 0.9899 -0.091
vn 0.2195 0.9656 0.1393
vn 0.0782 0.9948 -0.0652
vn 0.0635 0.9679 -0.2432
vn 0.0924 0.9759 0.1975
vn 0.1424 0.9698 0.1981
vn 0.0767 0.966 -0.2469
vn 0.0523 0.9433 -0.3278
vn 0.0533 0.9333 -0.355
vn -0.106 0.8961 -0.431
vn -0.1205 0.9122 -0.3917
vn -0.2143 0.8329 -0.5103
vn -0.078 0.9151 -0.3955
vn 0.0485 0.9266 -0.3729
vn 0.0805 0.9782 -0.1915
vn 0.074 0.9783 -0.1936
vn 0.0786 0.9346 -0.3468
vn 0.3163 0.8892 0.3307
vn -0.0455 0.9353 -0.3508
vn 0.1098 0.9936 -0.0275
vn 0.2249 0.9671 0.1188
vn 0.1487 0.9887 -0.0205
vn 0.1688 0.9854 -0.0203
vn -0.2129 0.852 -0.4783
vn -0.0804 0.9247 -0.3721
vn -0.0722 0.9261 -0.3702
vn 0.2547 0.933 0.2543
vn 0.1853 0.9573 0.2219
vn -0.0428 0.9329 -0.3575
vn -0.0245 0.9315 -0.363
vn 0.3074 0.8959 0.3208
vn -0.1475 0.9346 -0.3238
vn 0.038 0.995 -0.0924
vn 0.0576 0.993 -0.1028
vn -0.1573 0.9303 -0.3314
vn 0.0539 0.9232 -0.3806
vn 0.1297 0.969 0.2105
vn 0.1028 0.9937 -0.044
vn 0.0814 0.9341 -0.3477
vn 0.1101 0.9326 -0.3437
vn 0.0663 0.984 -0.1656
vn 0.0439 0.9239 -0.3801
vn 0.112 0.9864 0.1203
vn 0.1978 0.977 0.0797
vn 0.1615 0.9777 0.1345
vn 0.171 0.9665 0.1913
vn 0.1346 0.9747 0.1787
vn 0.0766 0.9757 0.2052
vn 0.1354 0.9899 0.0411
vn 0.1098 0.9891 -0.0981
vn 0.0941 0.9943 -0.0497
vn 0.1131 0.9857 0.1251
vn 0.0847 0.9817 0.1708
vn 0.0715 0.9966 0.0405
vn 0.1581 0.9818 0.1049
vn 0.2401 0.9694 0.0517
vn 0.1257 0.9921 -0.0063
vn 0.1403 0.9899 -0.0208
vn 0.3921 0.9042 0.1695
vn 0.1205 0.9921 -0.0348
vn 0.1331 0.9906 -0.0322
vn 0.1417 0.9885 0.053
vn 0.1522 0.9878 -0.0336
vn 0.1346 0.9903 -0.0349
vn 0.0672 0.9974 -0.0269
vn 0.0681 0.9971 -0.0337
vn 0.094 0.9955 -0.0156
vn 0.112 0.9937 -0.0086
vn 0.0429 0.9982 0.0417
vn 0.0396 0.9896 -0.1382
vn 0.1127 0.9867 -0.1171
vn 0.0374 0.9535 -0.2989
vn 0.1167 0.9588 0.259
vn 0.086 0.9963 0.0004
vn 0.0982 0.995 0.0153
vn 0.0772 0.9684 -0.237
vn 0.0749 0.9906 0.1148
vn 0.088 0.9423 0.323
vn 0.0452 0.9351 0.3516
vn 0.1138 0.9783 0.173
vn 0.1009 0.9929 0.0626
vn 0.0479 0.9769 0.2083
vn 0.1111 0.9915 0.0683
vn 0.1046 0.9701 0.2192
vn 0.1244 0.9788 -0.1628
vn 0.0922 0.9955 0.0234
vn -0.0207 0.9996 0.0177
vn 0.1324 0.9904 0.0393
vn 0.0635 0.9817 0.1797
vn 0.0614 0.9981 0.0021
vn 0.0591 0.9954 -0.0752
vn 0.0896 0.9918 -0.0909
vn 0.0728 0.996 -0.051
vn 0.0081 0.9989 0.047
vn -0.0167 0.9994 0.0304
vn 0.0727 0.9931 0.092
vn 0.0854 0.9936 0.0733
vn 0.1283 0.9062 -0.4029
vn 0.0148 0.9986 -0.0505
vn 0.0835 0.9956 -0.042
vn 0.082 0.9959 -0.039
vn 0.1229 0.992 0.0286
vn -0.0801 0.959 -0.2718
vn -0.0011 0.9735 -0.2289
vn -0.1746 0.9734 -0.1484
vn -0.249 0.963 -0.1028
vn -0.2435 0.9627 -0.1181
vn -0.2834 0.95 -0.1311
vn -0.2533 0.9571 -0.1404
vn -0.2574 0.9607 -0.1041
vn -0.1799 0.9715 -0.1544
f 1/1/1 2/2/2 3/3/3
f 4/4/4 5/5/5 6/6/6
f 7/7/7 8/8/8 9/9/9
f 10/10/10 11/11/11 12/12/12
f 1/1/1 13/13/13 14/14/14
f 15/15/15 16/16/16 17/17/17
f 14/14/14 18/18/18 19/19/19
f 20/20/20 16/16/16 15/15/15
f 21/21/21 22/22/22 23/23/23
f 24/24/24 25/25/25 26/26/26
f 27/27/27 28/28/28 21/21/21
f 29/29/29 30/30/30 31/31/31
f 32/32/32 33/33/33 34/34/34
f 35/35/35 3/3/3 33/33/33
f 36/36/36 35/35/35 37/37/37
f 13/13/13 3/3/3 35/35/35
f 38/38/38 4/4/4 39/39/39
f 4/4/4 6/6/6 40/40/40
f 41/41/41 42/42/42 43/43/43
f 1/1/1 44/44/44 2/2/2
f 45/45/45 37/37/37 46/46/46
f 47/47/47 48/48/48 49/49/49
f 39/39/39 4/4/4 40/40/40
f 28/28/28 50/50/50 22/22/22
f 13/13/13 1/1/1 3/3/3
f 51/51/51 52/52/52 53/53/53
f 51/51/51 53/53/53 7/7/7
f 54/54/54 55/55/55 56/56/56
f 55/55/55 54/54/54 44/44/44 57/57/57
f 58/58/58 59/59/59 60/60/60
f 61/61/61 62/62/62 43/43/43
f 63/63/63 45/45/45 16/16/16
f 64/64/64 35/35/35 36/36/36
f 27/27/27 15/15/15 28/28/28
f 49/49/49 61/61/61 65/65/65
f 66/66/66 57/57/57 1/1/1
f 13/13/13 67/67/67 14/14/14
f 1/1/1 57/57/57 44/44/44
f 68/68/68 47/47/47 69/69/69
f 66/66/66 1/1/1 70/70/70
f 70/70/70 71/71/71 72/72/72
f 73/73/73 74/74/74 18/18/18
f 75/75/75 76/76/76 77/77/77
f 10/10/10 12/12/12 78/78/78
f 71/71/71 14/14/14 79/79/79
f 67/67/67 13/13/13 35/35/35
f 80/80/80 81/81/81 82/82/82 83/83/83
f 27/27/27 21/21/21 10/10/10
f 84/84/84 73/73/73 36/36/36
f 85/85/85 82/82/82 11/11/11
f 86/86/86 87/87/87 81/81/81 80/80/80
f 88/88/88 34/34/34 58/58/58
f 25/25/25 86/86/86 89/89/89 26/26/26
f 68/68/68 69/69/69 24/24/24
f 80/80/80 89/89/89 86/86/86
f 68/68/68 26/26/26 90/90/90
f 7/7/7 60/60/60 59/59/59 51/51/51
f 88/88/88 58/58/58 60/60/60
f 47/47/47 91/91/91 69/69/69
f 92/92/92 51/51/51 59/59/59
f 3/3/3 92/92/92 33/33/33
f 35/35/35 32/32/32 93/93/93
f 35/35/35 93/93/93 94/94/94
f 85/85/85 21/21/21 95/95/95
f 93/93/93 34/34/34 41/41/41
f 21/21/21 28/28/28 22/22/22
f 27/27/27 20/20/20 15/15/15
f 20/20/20 63/63/63 16/16/16
f 95/95/95 21/21/21 23/23/23
f 27/27/27 10/10/10 96/96/96
f 96/96/96 78/78/78 97/97/97
f 43/43/43 62/62/62 41/41/41
f 43/43/43 42/42/42 38/38/38
f 69/69/69 98/98/98 24/24/24
f 64/64/64 67/67/67 35/35/35
f 61/61/61 46/46/46 62/62/62
f 99/99/99 100/100/100 17/17/17
f 36/36/36 45/45/45 101/101/101 84/84/84
f 102/102/102 26/26/26 89/89/89
f 20/20/20 96/96/96 75/75/75
f 88/88/88 60/60/60 103/103/103
f 53/53/53 104/104/104 105/105/105
f 71/71/71 106/106/106 72/72/72
f 67/67/67 64/64/64 14/14/14
f 21/21/21 85/85/85 10/10/10
f 107/107/107 108/108/108 18/18/18 75/75/75
f 74/74/74 109/109/109 75/75/75
f 74/74/74 75/75/75 18/18/18
f 75/75/75 77/77/77 107/107/107
f 20/20/20 75/75/75 63/63/63
f 42/42/42 4/4/4 38/38/38
f 60/60/60 7/7/7 103/103/103
f 29/29/29 31/31/31 110/110/110
f 39/39/39 40/40/40 111/111/111
f 63/63/63 112/112/112 45/45/45
f 16/16/16 45/45/45 46/46/46
f 113/113/113 62/62/62 46/46/46
f 36/36/36 73/73/73 64/64/64
f 46/46/46 99/99/99 16/16/16
f 94/94/94 93/93/93 41/41/41
f 93/93/93 32/32/32 34/34/34
f 92/92/92 114/114/114 51/51/51
f 59/59/59 58/58/58 33/33/33 92/92/92
f 37/37/37 94/94/94 113/113/113
f 114/114/114 92/92/92 3/3/3 2/2/2
f 115/115/115 90/90/90 102/102/102
f 22/22/22 102/102/102 23/23/23
f 14/14/14 19/19/19 116/116/116
f 71/71/71 79/79/79 106/106/106
f 1/1/1 14/14/14 71/71/71
f 114/114/114 52/52/52 51/51/51
f 52/52/52 56/56/56 53/53/53
f 112/112/112 101/101/101 45/45/45
f 42/42/42 41/41/41 34/34/34
f 117/117/117 118/118/118 115/115/115
f 63/63/63 75/75/75 109/109/109
f 18/18/18 108/108/108 19/19/19
f 1/1/1 71/71/71 70/70/70
f 50/50/50 115/115/115 22/22/22
f 10/10/10 78/78/78 96/96/96
f 96/96/96 97/97/97 75/75/75
f 27/27/27 96/96/96 20/20/20
f 17/17/17 117/117/117 15/15/15
f 15/15/15 117/117/117 50/50/50
f 103/103/103 119/119/119 5/5/5
f 44/44/44 54/54/54 120/120/120
f 99/99/99 46/46/46 100/100/100
f 44/44/44 120/120/120 114/114/114
f 49/49/49 48/48/48 100/100/100
f 17/17/17 16/16/16 99/99/99
f 43/43/43 38/38/38 65/65/65 61/61/61
f 33/33/33 58/58/58 34/34/34
f 113/113/113 41/41/41 62/62/62
f 47/47/47 90/90/90 48/48/48
f 35/35/35 33/33/33 32/32/32
f 103/103/103 121/121/121 119/119/119
f 83/83/83 95/95/95 80/80/80
f 103/103/103 122/122/122 121/121/121
f 55/55/55 123/123/123 56/56/56
f 46/46/46 37/37/37 113/113/113
f 113/113/113 94/94/94 41/41/41
f 37/37/37 35/35/35 94/94/94
f 2/2/2 44/44/44 114/114/114
f 114/114/114 120/120/120 52/52/52
f 56/56/56 52/52/52 120/120/120 54/54/54
f 80/80/80 95/95/95 89/89/89
f 102/102/102 90/90/90 26/26/26
f 22/22/22 115/115/115 102/102/102
f 102/102/102 89/89/89 95/95/95 23/23/23
f 14/14/14 124/124/124 79/79/79
f 11/11/11 125/125/125 12/12/12
f 85/85/85 11/11/11 10/10/10
f 64/64/64 18/18/18 14/14/14
f 115/115/115 118/118/118 90/90/90
f 50/50/50 117/117/117 115/115/115
f 75/75/75 97/97/97 76/76/76
f 117/117/117 48/48/48 118/118/118
f 48/48/48 117/117/117 17/17/17 100/100/100
f 9/9/9 122/122/122 103/103/103 7/7/7
f 88/88/88 103/103/103 4/4/4
f 126/126/126 30/30/30 39/39/39 111/111/111
f 49/49/49 65/65/65 29/29/29
f 38/38/38 39/39/39 30/30/30
f 7/7/7 53/53/53 105/105/105
f 7/7/7 105/105/105 8/8/8
f 42/42/42 88/88/88 4/4/4
f 4/4/4 103/103/103 5/5/5
f 65/65/65 38/38/38 30/30/30
f 30/30/30 126/126/126 31/31/31
f 68/68/68 90/90/90 47/47/47
f 29/29/29 110/110/110 47/47/47
f 85/85/85 83/83/83 82/82/82
f 90/90/90 118/118/118 48/48/48
f 42/42/42 34/34/34 88/88/88
f 56/56/56 104/104/104 53/53/53
f 45/45/45 36/36/36 37/37/37
f 85/85/85 95/95/95 83/83/83
f 65/65/65 30/30/30 29/29/29
f 14/14/14 116/116/116 127/127/127
f 64/64/64 73/73/73 18/18/18
f 14/14/14 127/127/127 124/124/124
f 28/28/28 15/15/15 50/50/50
f 24/24/24 26/26/26 68/68/68
f 49/49/49 100/100/100 61/61/61
f 47/47/47 110/110/110 91/91/91
f 61/61/61 100/100/100 46/46/46
f 49/49/49 29/29/29 47/47/47
f 128/128/128 129/129/129 130/130/130
f 57/57/57 131/131/131 132/132/132
f 133/133/133 134/134/134 135/135/135
f 136/136/136 123/123/123 135/135/135
f 137/137/137 135/135/135 123/123/123
f 56/56/56 123/123/123 104/104/104
f 138/138/138 139/139/139 140/140/140
f 141/141/141 142/142/142 143/143/143
f 138/138/138 140/140/140 142/142/142
f 57/57/57 132/132/132 55/55/55
f 133/133/133 137/137/137 132/132/132 144/144/144
f 137/137/137 123/123/123 55/55/55
f 132/132/132 137/137/137 55/55/55
f 145/145/145 129/129/129 146/146/146
f 141/141/141 66/66/66 138/138/138
f 147/147/147 141/141/141 148/148/148
f 148/148/148 141/141/141 143/143/143
f 149/149/149 139/139/139 138/138/138 70/70/70
f 141/141/141 150/150/150 131/131/131
f 66/66/66 70/70/70 138/138/138
f 70/70/70 72/72/72 149/149/149
f 66/66/66 131/131/131 57/57/57
f 131/131/131 144/144/144 132/132/132
f 141/141/141 138/138/138 142/142/142
f 141/141/141 147/147/147 150/150/150
f 104/104/104 123/123/123 136/136/136
f 134/134/134 151/151/151 128/128/128 130/130/130
f 148/148/148 143/143/143 152/152/152
f 137/137/137 133/133/133 135/135/135
f 128/128/128 151/151/151 144/144/144 146/146/146
f 151/151/151 134/134/134 133/133/133
f 146/146/146 129/129/129 128/128/128
f 144/144/144 151/151/151 133/133/133
f 66/66/66 141/141/141 131/131/131
f 147/147/147 145/145/145 146/146/146 150/150/150
f 146/146/146 144/144/144 131/131/131 150/150/150
f 153/153/153 154/154/154 155/155/155
f 156/156/156 157/157/157 158/158/158
f 159/159/159 160/160/160 161/161/161
f 162/162/162 163/163/163 164/164/164
f 165/165/165 166/166/166 163/163/163
f 158/158/158 167/167/167 160/160/160
f 168/168/168 169/169/169 170/170/170
f 169/169/169 171/171/171 170/170/170
f 172/172/172 173/173/173 168/168/168
f 174/174/174 162/162/162 175/175/175
f 175/175/175 176/176/176 177/177/177
f 178/178/178 174/174/174 153/153/153
f 168/168/168 153/153/153 169/169/169
f 174/174/174 154/154/154 153/153/153
f 179/179/179 180/180/180 181/181/181 172/172/172
f 173/173/173 181/181/181 165/165/165
f 170/170/170 171/171/171 179/179/179
f 182/182/182 166/166/166 165/165/165 183/183/183
f 174/174/174 178/178/178 162/162/162
f 175/175/175 162/162/162 176/176/176
f 179/179/179 157/157/157 180/180/180
f 181/181/181 173/173/173 172/172/172
f 172/172/172 168/168/168 179/179/179
f 179/179/179 171/171/171 157/157/157
f 184/184/184 181/181/181 180/180/180
f 184/184/184 180/180/180 185/185/185
f 153/153/153 155/155/155 169/169/169
f 169/169/169 186/186/186 171/171/171
f 177/177/177 187/187/187 188/188/188 175/175/175
f 169/169/169 155/155/155 186/186/186
f 165/165/165 162/162/162 178/178/178 173/173/173
f 189/189/189 174/174/174 175/175/175
f 167/167/167 171/171/171 186/186/186
f 178/178/178 153/153/153 168/168/168
f 158/158/158 160/160/160 159/159/159
f 158/158/158 171/171/171 167/167/167
f 190/190/190 181/181/181 184/184/184
f 191/191/191 188/188/188 187/187/187
f 168/168/168 170/170/170 179/179/179
f 175/175/175 188/188/188 192/192/192 189/189/189
f 183/183/183 165/165/165 181/181/181 190/190/190
f 174/174/174 193/193/193 154/154/154
f 173/173/173 178/178/178 168/168/168
f 162/162/162 165/165/165 163/163/163
f 194/194/194 193/193/193 189/189/189 192/192/192
f 162/162/162 164/164/164 176/176/176
f 156/156/156 158/158/158 159/159/159
f 174/174/174 189/189/189 193/193/193
f 158/158/158 157/157/157 171/171/171
f 195/195/195 196/196/196 197/197/197
f 198/198/198 199/199/199 200/200/200
f 201/201/201 202/202/202 203/203/203
f 204/204/204 205/205/205 206/206/206
f 196/196/196 207/207/207 208/208/208
f 209/209/209 205/205/205 210/210/210
f 211/211/211 207/207/207 196/196/196
f 212/212/212 213/213/213 214/214/214
f 212/212/212 215/215/215 213/213/213
f 216/216/216 217/217/217 218/218/218
f 180/180/180 219/219/219 185/185/185
f 210/210/210 220/220/220 221/221/221
f 222/222/222 223/223/223 224/224/224 225/225/225
f 226/226/226 227/227/227 228/228/228
f 229/229/229 230/230/230 223/223/223 222/222/222
f 231/231/231 227/227/227 226/226/226
f 232/232/232 207/207/207 211/211/211
f 233/233/233 234/234/234 235/235/235
f 200/200/200 236/236/236 232/232/232
f 237/237/237 215/215/215 212/212/212
f 238/238/238 239/239/239 237/237/237
f 240/240/240 241/241/241 242/242/242
f 243/243/243 201/201/201 203/203/203
f 244/244/244 218/218/218 241/241/241
f 245/245/245 244/244/244 240/240/240
f 246/246/246 247/247/247 248/248/248
f 249/249/249 250/250/250 251/251/251
f 252/252/252 253/253/253 246/246/246
f 254/254/254 246/246/246 255/255/255
f 206/206/206 209/209/209 256/256/256
f 257/257/257 258/258/258 250/250/250
f 206/206/206 256/256/256 259/259/259
f 260/260/260 261/261/261 251/251/251 250/250/250
f 156/156/156 159/159/159 262/262/262
f 258/258/258 226/226/226 263/263/263
f 250/250/250 258/258/258 263/263/263
f 264/264/264 232/232/232 265/265/265
f 264/264/264 200/200/200 232/232/232
f 211/211/211 266/266/266 265/265/265 232/232/232
f 267/267/267 265/265/265 266/266/266
f 205/205/205 220/220/220 210/210/210
f 258/258/258 233/233/233 226/226/226
f 268/268/268 259/259/259 256/256/256 243/243/243
f 269/269/269 229/229/229 222/222/222 267/267/267
f 270/270/270 271/271/271 272/272/272
f 273/273/273 274/274/274 275/275/275 272/272/272
f 276/276/276 272/272/272 277/277/277 278/278/278
f 279/279/279 280/280/280 278/278/278
f 279/279/279 281/281/281 280/280/280
f 279/279/279 282/282/282 283/283/283
f 279/279/279 284/284/284 282/282/282
f 285/285/285 286/286/286 287/287/287
f 288/288/288 287/287/287 286/286/286 289/289/289
f 219/219/219 156/156/156 262/262/262
f 156/156/156 219/219/219 157/157/157
f 201/201/201 290/290/290 202/202/202
f 204/204/204 291/291/291 292/292/292 205/205/205
f 251/251/251 261/261/261 293/293/293
f 207/207/207 214/214/214 208/208/208
f 226/226/226 294/294/294 263/263/263
f 294/294/294 260/260/260 250/250/250 263/263/263
f 279/279/279 245/245/245 295/295/295
f 296/296/296 206/206/206 259/259/259
f 297/297/297 298/298/298 183/183/183 299/299/299
f 291/291/291 300/300/300 301/301/301
f 246/246/246 253/253/253 247/247/247
f 215/215/215 217/217/217 216/216/216
f 204/204/204 302/302/302 300/300/300 291/291/291
f 202/202/202 185/185/185 303/303/303
f 238/238/238 304/304/304 242/242/242
f 270/270/270 305/305/305 271/271/271
f 218/218/218 306/306/306 307/307/307 216/216/216
f 201/201/201 299/299/299 183/183/183
f 201/201/201 183/183/183 290/290/290
f 210/210/210 221/221/221 308/308/308
f 209/209/209 210/210/210 256/256/256
f 292/292/292 220/220/220 205/205/205
f 183/183/183 298/298/298 182/182/182
f 207/207/207 212/212/212 214/214/214
f 306/306/306 218/218/218 309/309/309
f 218/218/218 310/310/310 309/309/309
f 311/311/311 252/252/252 312/312/312 313/313/313
f 254/254/254 312/312/312 252/252/252
f 245/245/245 279/279/279 314/314/314
f 306/306/306 309/309/309 310/310/310
f 233/233/233 235/235/235 226/226/226
f 243/243/243 203/203/203 268/268/268
f 203/203/203 303/303/303 315/315/315
f 303/303/303 234/234/234 233/233/233
f 316/316/316 317/317/317 282/282/282 287/287/287
f 318/318/318 319/319/319 197/197/197 208/208/208
f 224/224/224 320/320/320 225/225/225
f 190/190/190 184/184/184 290/290/290
f 290/290/290 184/184/184 202/202/202
f 206/206/206 296/296/296 302/302/302 204/204/204
f 249/249/249 321/321/321 322/322/322
f 323/323/323 324/324/324 325/325/325
f 230/230/230 324/324/324 323/323/323
f 326/326/326 264/264/264 327/327/327
f 328/328/328 329/329/329 325/325/325 330/330/330
f 331/331/331 332/332/332 330/330/330
f 266/266/266 332/332/332 331/331/331
f 266/266/266 195/195/195 332/332/332
f 226/226/226 228/228/228 294/294/294
f 195/195/195 197/197/197 332/332/332
f 305/305/305 291/291/291 301/301/301
f 235/235/235 262/262/262 231/231/231
f 229/229/229 331/331/331 324/324/324
f 282/282/282 238/238/238 333/333/333
f 231/231/231 334/334/334 227/227/227
f 180/180/180 157/157/157 219/219/219
f 277/277/277 335/335/335 254/254/254
f 226/226/226 235/235/235 231/231/231
f 335/335/335 313/313/313 312/312/312
f 240/240/240 295/295/295 245/245/245
f 314/314/314 277/277/277 255/255/255
f 255/255/255 277/277/277 254/254/254
f 284/284/284 304/304/304 238/238/238
f 215/215/215 216/216/216 213/213/213
f 220/220/220 275/275/275 274/274/274
f 220/220/220 274/274/274 336/336/336
f 291/291/291 220/220/220 292/292/292
f 291/291/291 275/275/275 220/220/220
f 220/220/220 336/336/336 221/221/221
f 275/275/275 291/291/291 305/305/305
f 308/308/308 297/297/297 299/299/299 210/210/210
f 201/201/201 243/243/243 299/299/299
f 190/190/190 290/290/290 183/183/183
f 210/210/210 299/299/299 243/243/243 256/256/256
f 284/284/284 238/238/238 282/282/282
f 333/333/333 199/199/199 282/282/282
f 282/282/282 337/337/337 283/283/283
f 285/285/285 287/287/287 326/326/326
f 335/335/335 271/271/271 313/313/313
f 271/271/271 305/305/305 313/313/313
f 244/244/244 245/245/245 255/255/255 248/248/248
f 254/254/254 252/252/252 246/246/246
f 270/270/270 272/272/272 275/275/275
f 161/161/161 231/231/231 262/262/262 159/159/159
f 334/334/334 231/231/231 161/161/161 338/338/338
f 206/206/206 205/205/205 209/209/209
f 257/257/257 250/250/250 249/249/249 322/322/322
f 235/235/235 219/219/219 262/262/262
f 235/235/235 234/234/234 219/219/219
f 198/198/198 287/287/287 282/282/282
f 324/324/324 330/330/330 325/325/325
f 320/320/320 286/286/286 285/285/285
f 197/197/197 319/319/319 332/332/332
f 315/315/315 233/233/233 258/258/258
f 259/259/259 339/339/339 296/296/296
f 258/258/258 257/257/257 339/339/339
f 301/301/301 300/300/300 340/340/340
f 247/247/247 341/341/341 306/306/306 310/310/310
f 342/342/342 343/343/343 344/344/344
f 342/342/342 253/253/253 343/343/343
f 343/343/343 345/345/345 344/344/344
f 306/306/306 341/341/341 346/346/346
f 341/341/341 347/347/347 348/348/348
f 311/311/311 345/345/345 343/343/343
f 313/313/313 340/340/340 311/311/311
f 340/340/340 321/321/321 345/345/345
f 315/315/315 258/258/258 259/259/259 268/268/268
f 202/202/202 184/184/184 185/185/185
f 185/185/185 219/219/219 234/234/234
f 303/303/303 185/185/185 234/234/234
f 203/203/203 202/202/202 303/303/303
f 255/255/255 246/246/246 248/248/248
f 208/208/208 349/349/349 318/318/318
f 306/306/306 346/346/346 307/307/307
f 255/255/255 245/245/245 314/314/314
f 254/254/254 335/335/335 312/312/312
f 310/310/310 244/244/244 248/248/248 247/247/247
f 215/215/215 239/239/239 241/241/241 217/217/217
f 327/327/327 267/267/267 225/225/225 285/285/285
f 240/240/240 244/244/244 241/241/241
f 225/225/225 320/320/320 285/285/285
f 270/270/270 275/275/275 305/305/305
f 295/295/295 304/304/304 284/284/284 279/279/279
f 240/240/240 242/242/242 304/304/304 295/295/295
f 327/327/327 285/285/285 326/326/326
f 224/224/224 350/350/350 320/320/320
f 230/230/230 229/229/229 324/324/324
f 200/200/200 264/264/264 351/351/351 198/198/198
f 264/264/264 326/326/326 351/351/351
f 269/269/269 266/266/266 331/331/331
f 266/266/266 211/211/211 195/195/195
f 244/244/244 310/310/310 218/218/218
f 242/242/242 241/241/241 239/239/239
f 241/241/241 218/218/218 217/217/217
f 237/237/237 236/236/236 200/200/200 333/333/333
f 238/238/238 242/242/242 239/239/239
f 237/237/237 239/239/239 215/215/215
f 214/214/214 346/346/346 208/208/208
f 282/282/282 317/317/317 352/352/352
f 213/213/213 216/216/216 307/307/307
f 199/199/199 333/333/333 200/200/200
f 333/333/333 238/238/238 237/237/237
f 212/212/212 207/207/207 236/236/236 237/237/237
f 327/327/327 265/265/265 267/267/267
f 267/267/267 266/266/266 269/269/269
f 232/232/232 236/236/236 207/207/207
f 324/324/324 331/331/331 330/330/330
f 225/225/225 267/267/267 222/222/222
f 282/282/282 352/352/352 337/337/337
f 315/315/315 303/303/303 233/233/233
f 353/353/353 302/302/302 296/296/296 339/339/339
f 268/268/268 203/203/203 315/315/315
f 229/229/229 269/269/269 331/331/331
f 251/251/251 341/341/341 344/344/344 249/249/249
f 196/196/196 208/208/208 197/197/197
f 211/211/211 196/196/196 195/195/195
f 214/214/214 213/213/213 346/346/346
f 332/332/332 319/319/319 354/354/354
f 330/330/330 332/332/332 354/354/354
f 198/198/198 351/351/351 287/287/287
f 351/351/351 326/326/326 287/287/287
f 342/342/342 344/344/344 341/341/341
f 293/293/293 355/355/355 341/341/341 251/251/251
f 313/313/313 305/305/305 340/340/340
f 305/305/305 301/301/301 340/340/340
f 340/340/340 300/300/300 321/321/321
f 302/302/302 353/353/353 300/300/300
f 311/311/311 340/340/340 345/345/345
f 252/252/252 311/311/311 343/343/343
f 252/252/252 343/343/343 253/253/253
f 341/341/341 356/356/356 347/347/347
f 346/346/346 348/348/348 357/357/357
f 330/330/330 354/354/354 328/328/328
f 287/287/287 358/358/358 316/316/316
f 346/346/346 359/359/359 360/360/360
f 286/286/286 361/361/361 289/289/289
f 287/287/287 288/288/288 358/358/358
f 350/350/350 286/286/286 320/320/320
f 341/341/341 355/355/355 356/356/356
f 341/341/341 348/348/348 346/346/346
f 346/346/346 357/357/357 359/359/359
f 321/321/321 300/300/300 353/353/353 322/322/322
f 322/322/322 353/353/353 339/339/339 257/257/257
f 247/247/247 253/253/253 342/342/342
f 259/259/259 258/258/258 339/339/339
f 341/341/341 247/247/247 342/342/342
f 345/345/345 249/249/249 344/344/344
f 321/321/321 249/249/249 345/345/345
f 279/279/279 283/283/283 281/281/281
f 271/271/271 335/335/335 272/272/272
f 279/279/279 278/278/278 277/277/277
f 335/335/335 277/277/277 272/272/272
f 314/314/314 279/279/279 277/277/277
f 213/213/213 307/307/307 346/346/346
f 360/360/360 349/349/349 208/208/208 346/346/346
f 264/264/264 265/265/265 327/327/327
f 272/272/272 276/276/276 273/273/273
f 199/199/199 198/198/198 282/282/282
f 362/362/362 363/363/363 364/364/364
f 365/365/365 366/366/366 367/367/367 368/368/368
f 369/369/369 365/365/365 368/368/368 370/370/370
f 371/371/371 362/362/362 364/364/364
f 367/367/367 372/372/372 362/362/362
f 371/371/371 373/373/373 370/370/370
f 362/362/362 371/371/371 370/370/370
f 371/371/371 364/364/364 374/374/374
f 362/362/362 372/372/372 363/363/363
f 375/375/375 376/376/376 366/366/366 365/365/365
f 375/375/375 365/365/365 369/369/369 377/377/377
f 370/370/370 368/368/368 367/367/367 362/362/362
f 372/372/372 367/367/367 366/366/366
f 378/378/378 379/379/379 380/380/380
f 381/381/381 382/382/382 383/383/383
f 384/384/384 385/385/385 386/386/386
f 387/387/387 388/388/388 389/389/389
f 380/380/380 390/390/390 391/391/391 378/378/378
f 392/392/392 393/393/393 394/394/394
f 395/395/395 396/396/396 397/397/397
f 398/398/398 399/399/399 400/400/400
f 401/401/401 402/402/402 400/400/400
f 403/403/403 383/383/383 382/382/382
f 379/379/379 404/404/404 380/380/380
f 380/380/380 374/374/374 405/405/405
f 406/406/406 392/392/392 407/407/407
f 392/392/392 381/381/381 408/408/408
f 387/387/387 389/389/389 401/401/401
f 82/82/82 409/409/409 11/11/11
f 370/370/370 373/373/373 387/387/387
f 410/410/410 411/411/411 379/379/379 378/378/378
f 400/400/400 402/402/402 406/406/406
f 381/381/381 412/412/412 413/413/413
f 406/406/406 407/407/407 398/398/398
f 414/414/414 396/396/396 415/415/415 386/386/386
f 416/416/416 399/399/399 398/398/398
f 417/417/417 410/410/410 378/378/378 391/391/391
f 418/418/418 419/419/419 420/420/420 395/395/395
f 421/421/421 422/422/422 423/423/423
f 82/82/82 385/385/385 409/409/409
f 409/409/409 415/415/415 390/390/390
f 385/385/385 384/384/384 409/409/409
f 404/404/404 373/373/373 371/371/371
f 382/382/382 381/381/381 392/392/392 394/394/394
f 388/388/388 424/424/424 389/389/389
f 409/409/409 384/384/384 386/386/386
f 390/390/390 380/380/380 405/405/405
f 404/404/404 379/379/379 425/425/425
f 417/417/417 395/395/395 420/420/420
f 426/426/426 427/427/427 421/421/421
f 379/379/379 411/411/411 425/425/425
f 402/402/402 401/401/401 389/389/389 428/428/428
f 383/383/383 412/412/412 381/381/381
f 381/381/381 413/413/413 421/421/421
f 392/392/392 408/408/408 407/407/407
f 404/404/404 388/388/388 387/387/387
f 417/417/417 415/415/415 396/396/396
f 404/404/404 425/425/425 388/388/388
f 404/404/404 371/371/371 380/380/380
f 397/397/397 429/429/429 426/426/426
f 424/424/424 428/428/428 389/389/389
f 417/417/417 396/396/396 395/395/395
f 406/406/406 393/393/393 392/392/392
f 419/419/419 403/403/403 411/411/411 410/410/410
f 429/429/429 430/430/430 427/427/427 426/426/426
f 415/415/415 409/409/409 386/386/386
f 419/419/419 413/413/413 412/412/412
f 395/395/395 397/397/397 418/418/418
f 397/397/397 426/426/426 413/413/413
f 396/396/396 429/429/429 397/397/397
f 396/396/396 414/414/414 429/429/429
f 390/390/390 431/431/431 432/432/432
f 390/390/390 405/405/405 431/431/431
f 416/416/416 398/398/398 433/433/433
f 398/398/398 407/407/407 433/433/433
f 381/381/381 423/423/423 408/408/408
f 434/434/434 375/375/375 377/377/377 399/399/399
f 403/403/403 424/424/424 388/388/388 425/425/425
f 425/425/425 411/411/411 403/403/403
f 410/410/410 417/417/417 420/420/420
f 421/421/421 427/427/427 435/435/435
f 421/421/421 435/435/435 422/422/422
f 381/381/381 421/421/421 423/423/423
f 432/432/432 125/125/125 11/11/11 409/409/409
f 410/410/410 420/420/420 419/419/419
f 412/412/412 383/383/383 403/403/403 419/419/419
f 421/421/421 413/413/413 426/426/426
f 424/424/424 394/394/394 428/428/428
f 399/399/399 377/377/377 401/401/401 400/400/400
f 382/382/382 394/394/394 424/424/424 403/403/403
f 428/428/428 393/393/393 406/406/406 402/402/402
f 393/393/393 428/428/428 394/394/394
f 369/369/369 401/401/401 377/377/377
f 398/398/398 400/400/400 406/406/406
f 369/369/369 370/370/370 401/401/401
f 370/370/370 387/387/387 401/401/401
f 419/419/419 418/418/418 413/413/413
f 418/418/418 397/397/397 413/413/413
f 373/373/373 404/404/404 387/387/387
f 415/415/415 391/391/391 390/390/390
f 409/409/409 390/390/390 432/432/432
f 380/380/380 371/371/371 374/374/374
f 391/391/391 415/415/415 417/417/417
f 436/436/436 437/437/437 438/438/438
f 439/439/439 440/440/440 441/441/441
f 437/437/437 442/442/442 443/443/443
f 444/444/444 416/416/416 445/445/445
f 446/446/446 447/447/447 448/448/448 449/449/449
f 449/449/449 450/450/450 451/451/451
f 160/160/160 452/452/452 453/453/453
f 444/444/444 445/445/445 454/454/454
f 441/441/441 455/455/455 456/456/456
f 445/445/445 440/440/440 454/454/454
f 457/457/457 458/458/458 459/459/459
f 192/192/192 460/460/460 461/461/461
f 458/458/458 457/457/457 462/462/462 463/463/463
f 464/464/464 453/453/453 465/465/465 466/466/466
f 338/338/338 161/161/161 453/453/453 464/464/464
f 445/445/445 416/416/416 449/449/449
f 449/449/449 451/451/451 467/467/467
f 448/448/448 468/468/468 456/456/456
f 154/154/154 469/469/469 155/155/155
f 458/458/458 463/463/463 470/470/470 471/471/471
f 446/446/446 472/472/472 473/473/473
f 416/416/416 433/433/433 450/450/450
f 160/160/160 453/453/453 161/161/161
f 470/470/470 461/461/461 471/471/471
f 452/452/452 465/465/465 453/453/453
f 436/436/436 460/460/460 191/191/191
f 474/474/474 475/475/475 443/443/443
f 470/470/470 463/463/463 476/476/476
f 472/472/472 446/446/446 449/449/449 467/467/467
f 446/446/446 466/466/466 465/465/465
f 167/167/167 452/452/452 160/160/160
f 477/477/477 478/478/478 479/479/479
f 457/457/457 447/447/447 446/446/446
f 477/477/477 479/479/479 452/452/452
f 193/193/193 480/480/480 154/154/154
f 481/481/481 477/477/477 452/452/452
f 457/457/457 459/459/459 447/447/447
f 454/454/454 434/434/434 444/444/444
f 438/438/438 482/482/482 483/483/483
f 437/437/437 482/482/482 438/438/438
f 372/372/372 443/443/443 484/484/484
f 192/192/192 461/461/461 470/470/470
f 437/437/437 485/485/485 482/482/482
f 447/447/447 468/468/468 448/448/448
f 474/474/474 486/486/486 487/487/487
f 455/455/455 440/440/440 445/445/445
f 452/452/452 479/479/479 465/465/465
f 488/488/488 469/469/469 154/154/154 480/480/480
f 460/460/460 192/192/192 191/191/191
f 477/477/477 469/469/469 488/488/488 478/478/478
f 481/481/481 155/155/155 469/469/469 477/477/477
f 155/155/155 481/481/481 186/186/186
f 462/462/462 457/457/457 446/446/446
f 475/475/475 485/485/485 443/443/443
f 485/485/485 437/437/437 443/443/443
f 446/446/446 473/473/473 466/466/466
f 487/487/487 482/482/482 485/485/485 475/475/475
f 399/399/399 416/416/416 444/444/444 434/434/434
f 474/474/474 366/366/366 486/486/486
f 191/191/191 187/187/187 489/489/489
f 448/448/448 455/455/455 449/449/449
f 443/443/443 442/442/442 490/490/490
f 437/437/437 436/436/436 442/442/442
f 436/436/436 191/191/191 442/442/442
f 441/441/441 440/440/440 455/455/455
f 441/441/441 456/456/456 482/482/482 487/487/487
f 439/439/439 441/441/441 487/487/487 486/486/486
f 446/446/446 465/465/465 479/479/479 462/462/462
f 468/468/468 459/459/459 491/491/491 483/483/483
f 459/459/459 471/471/471 461/461/461 491/491/491
f 483/483/483 491/491/491 460/460/460 438/438/438
f 456/456/456 468/468/468 483/483/483 482/482/482
f 449/449/449 416/416/416 450/450/450
f 440/440/440 439/439/439 376/376/376 454/454/454
f 167/167/167 186/186/186 452/452/452
f 192/192/192 188/188/188 191/191/191
f 193/193/193 194/194/194 480/480/480
f 447/447/447 459/459/459 468/468/468
f 476/476/476 478/478/478 488/488/488
f 460/460/460 491/491/491 461/461/461
f 480/480/480 470/470/470 476/476/476
f 480/480/480 476/476/476 488/488/488
f 489/489/489 490/490/490 442/442/442 191/191/191
f 474/474/474 443/443/443 372/372/372
f 475/475/475 474/474/474 487/487/487
f 186/186/186 481/481/481 452/452/452
f 471/471/471 459/459/459 458/458/458
f 476/476/476 462/462/462 479/479/479 478/478/478
f 376/376/376 439/439/439 486/486/486 366/366/366
f 436/436/436 438/438/438 460/460/460
f 454/454/454 376/376/376 375/375/375 434/434/434
f 449/449/449 455/455/455 445/445/445
f 372/372/372 484/484/484 363/363/363
f 443/443/443 490/490/490 484/484/484
f 470/470/470 480/480/480 194/194/194 192/192/192
f 462/462/462 476/476/476 463/463/463
f 448/448/448 456/456/456 455/455/455
f 474/474/474 372/372/372 366/366/366
f 87/87/87 492/492/492 493/493/493
f 493/493/493 492/492/492 494/494/494
f 87/87/87 86/86/86 495/495/495
f 385/385/385 82/82/82 81/81/81
f 496/496/496 86/86/86 25/25/25
f 497/497/497 24/24/24 98/98/98
f 385/385/385 81/81/81 386/386/386
f 427/427/427 430/430/430 498/498/498
f 496/496/496 495/495/495 86/86/86
f 430/430/430 429/429/429 494/494/494
f 386/386/386 81/81/81 493/493/493
f 87/87/87 495/495/495 492/492/492
f 414/414/414 386/386/386 493/493/493
f 414/414/414 493/493/493 494/494/494
f 499/499/499 500/500/500 501/501/501
f 81/81/81 87/87/87 493/493/493
f 492/492/492 495/495/495 430/430/430 494/494/494
f 499/499/499 25/25/25 24/24/24
f 498/498/498 496/496/496 501/501/501
f 498/498/498 501/501/501 500/500/500
f 499/499/499 496/496/496 25/25/25
f 495/495/495 496/496/496 498/498/498 430/430/430
f 496/496/496 499/499/499 501/501/501
f 435/435/435 498/498/498 422/422/422
f 499/499/499 24/24/24 497/497/497
f 498/498/498 500/500/500 422/422/422
f 499/499/499 497/497/497 500/500/500
f 429/429/429 414/414/414 494/494/494
f 427/427/427 498/498/498 435/435/435
f 502/502/502 503/503/503 504/504/504
f 505/505/505 506/506/506 507/507/507 508/508/508
f 509/509/509 508/508/508 510/510/510 511/511/511
f 512/512/512 513/513/513 514/514/514
f 515/515/515 510/510/510 508/508/508
f 516/516/516 517/517/517 518/518/518
f 361/361/361 286/286/286 502/502/502 504/504/504
f 508/508/508 509/509/509 519/519/519
f 520/520/520 521/521/521 517/517/517
f 522/522/522 523/523/523 512/512/512
f 524/524/524 525/525/525 526/526/526 527/527/527
f 528/528/528 230/230/230 323/323/323
f 529/529/529 530/530/530 531/531/531
f 532/532/532 533/533/533 502/502/502
f 515/515/515 508/508/508 534/534/534
f 521/521/521 508/508/508 507/507/507
f 535/535/535 536/536/536 537/537/537
f 517/517/517 538/538/538 518/518/518
f 539/539/539 522/522/522 540/540/540
f 541/541/541 542/542/542 539/539/539
f 542/542/542 543/543/543 522/522/522
f 544/544/544 545/545/545 546/546/546
f 547/547/547 548/548/548 544/544/544
f 547/547/547 544/544/544 549/549/549
f 548/548/548 550/550/550 545/545/545
f 551/551/551 552/552/552 553/553/553
f 554/554/554 534/534/534 508/508/508
f 545/545/545 550/550/550 555/555/555
f 556/556/556 546/546/546 557/557/557
f 325/325/325 558/558/558 559/559/559
f 551/551/551 560/560/560 526/526/526
f 528/528/528 325/325/325 561/561/561
f 325/325/325 329/329/329 558/558/558
f 561/561/561 559/559/559 562/562/562
f 563/563/563 564/564/564 565/565/565 525/525/525
f 538/538/538 560/560/560 541/541/541
f 544/544/544 548/548/548 545/545/545
f 540/540/540 522/522/522 512/512/512
f 527/527/527 526/526/526 560/560/560 566/566/566
f 547/547/547 567/567/567 548/548/548
f 551/551/551 568/568/568 552/552/552
f 569/569/569 543/543/543 553/553/553 552/552/552
f 570/570/570 540/540/540 571/571/571
f 523/523/523 572/572/572 512/512/512
f 573/573/573 569/569/569 552/552/552 574/574/574
f 508/508/508 519/519/519 505/505/505
f 555/555/555 512/512/512 535/535/535
f 518/518/518 539/539/539 570/570/570
f 574/574/574 575/575/575 576/576/576
f 575/575/575 577/577/577 576/576/576
f 564/564/564 577/577/577 575/575/575
f 577/577/577 578/578/578 579/579/579
f 580/580/580 578/578/578 577/577/577
f 574/574/574 565/565/565 564/564/564 575/575/575
f 572/572/572 581/581/581 582/582/582
f 224/224/224 223/223/223 578/578/578
f 583/583/583 584/584/584 572/572/572
f 230/230/230 579/579/579 578/578/578 223/223/223
f 544/544/544 556/556/556 585/585/585 549/549/549
f 517/517/517 586/586/586 538/538/538
f 587/587/587 588/588/588 529/529/529
f 540/540/540 512/512/512 555/555/555
f 589/589/589 590/590/590 591/591/591
f 591/591/591 592/592/592 593/593/593
f 538/538/538 541/541/541 518/518/518
f 590/590/590 594/594/594 595/595/595
f 596/596/596 555/555/555 590/590/590
f 538/538/538 586/586/586 560/560/560
f 556/556/556 544/544/544 546/546/546
f 517/517/517 516/516/516 567/567/567 520/520/520
f 557/557/557 597/597/597 588/588/588 556/556/556
f 543/543/543 569/569/569 583/583/583
f 598/598/598 515/515/515 534/534/534
f 599/599/599 549/549/549 585/585/585 598/598/598
f 521/521/521 520/520/520 599/599/599 508/508/508
f 554/554/554 599/599/599 598/598/598 534/534/534
f 599/599/599 554/554/554 508/508/508
f 547/547/547 599/599/599 520/520/520
f 600/600/600 580/580/580 564/564/564 563/563/563
f 553/553/553 542/542/542 541/541/541 551/551/551
f 548/548/548 567/567/567 516/516/516 601/601/601
f 542/542/542 553/553/553 543/543/543
f 518/518/518 541/541/541 539/539/539
f 539/539/539 542/542/542 522/522/522
f 570/570/570 539/539/539 540/540/540
f 570/570/570 601/601/601 516/516/516 518/518/518
f 571/571/571 550/550/550 548/548/548 601/601/601
f 590/590/590 595/595/595 592/592/592
f 555/555/555 535/535/535 590/590/590
f 530/530/530 597/597/597 602/602/602
f 588/588/588 597/597/597 530/530/530
f 529/529/529 588/588/588 530/530/530
f 507/507/507 506/506/506 603/603/603
f 586/586/586 604/604/604 605/605/605
f 606/606/606 596/596/596 590/590/590
f 602/602/602 606/606/606 590/590/590
f 350/350/350 224/224/224 580/580/580 600/600/600
f 607/607/607 515/515/515 598/598/598
f 537/537/537 594/594/594 590/590/590 535/535/535
f 531/531/531 530/530/530 589/589/589
f 598/598/598 608/608/608 587/587/587 607/607/607
f 563/563/563 524/524/524 502/502/502
f 522/522/522 543/543/543 523/523/523
f 589/589/589 602/602/602 590/590/590
f 571/571/571 540/540/540 550/550/550
f 543/543/543 583/583/583 572/572/572
f 573/573/573 528/528/528 561/561/561
f 550/550/550 540/540/540 555/555/555
f 528/528/528 323/323/323 325/325/325
f 608/608/608 598/598/598 585/585/585
f 520/520/520 567/567/567 547/547/547
f 560/560/560 551/551/551 541/541/541
f 576/576/576 528/528/528 573/573/573
f 579/579/579 230/230/230 528/528/528
f 527/527/527 532/532/532 524/524/524
f 350/350/350 502/502/502 286/286/286
f 605/605/605 609/609/609 610/610/610 586/586/586
f 524/524/524 532/532/532 502/502/502
f 502/502/502 533/533/533 503/503/503
f 532/532/532 611/611/611 612/612/612
f 532/532/532 612/612/612 533/533/533
f 576/576/576 579/579/579 528/528/528
f 562/562/562 613/613/613 584/584/584 561/561/561
f 549/549/549 599/599/599 547/547/547
f 584/584/584 573/573/573 561/561/561
f 561/561/561 325/325/325 559/559/559
f 608/608/608 588/588/588 587/587/587
f 608/608/608 556/556/556 588/588/588
f 557/557/557 546/546/546 606/606/606
f 224/224/224 578/578/578 580/580/580
f 580/580/580 577/577/577 564/564/564
f 582/582/582 513/513/513 512/512/512 572/572/572
f 546/546/546 596/596/596 606/606/606
f 530/530/530 602/602/602 589/589/589
f 597/597/597 606/606/606 602/602/602
f 577/577/577 579/579/579 576/576/576
f 597/597/597 557/557/557 606/606/606
f 545/545/545 555/555/555 596/596/596
f 591/591/591 590/590/590 592/592/592
f 546/546/546 545/545/545 596/596/596
f 601/601/601 570/570/570 571/571/571
f 560/560/560 610/610/610 566/566/566
f 350/350/350 600/600/600 563/563/563 502/502/502
f 560/560/560 586/586/586 610/610/610
f 584/584/584 583/583/583 569/569/569 573/573/573
f 525/525/525 565/565/565 568/568/568 526/526/526
f 551/551/551 526/526/526 568/568/568
f 574/574/574 576/576/576 573/573/573
f 517/517/517 521/521/521 507/507/507
f 525/525/525 524/524/524 563/563/563
f 514/514/514 536/536/536 535/535/535 512/512/512
f 613/613/613 581/581/581 572/572/572 584/584/584
f 609/609/609 611/611/611 532/532/532 610/610/610
f 585/585/585 556/556/556 608/608/608
f 543/543/543 572/572/572 523/523/523
f 532/532/532 527/527/527 566/566/566 610/610/610
f 568/568/568 574/574/574 552/552/552
f 586/586/586 517/517/517 507/507/507
f 603/603/603 604/604/604 586/586/586 507/507/507
f 565/565/565 574/574/574 568/568/568
f 531/531/531 589/589/589 591/591/591
f 614/614/614 615/615/615 616/616/616
f 616/616/616 617/617/617 614/614/614
f 618/618/618 617/617/617 616/616/616
f 619/619/619 618/618/618 616/616/616
f 620/620/620 621/621/621 622/622/622 623/623/623
f 624/624/624 623/623/623 622/622/622
f 625/625/625 626/626/626 627/627/627
f 617/617/617 618/618/618 623/623/623
f 628/628/628 529/529/529 629/629/629
f 629/629/629 529/529/529 531/531/531
f 630/630/630 631/631/631 632/632/632
f 633/633/633 634/634/634 635/635/635
f 636/636/636 616/616/616 615/615/615
f 618/618/618 637/637/637 638/638/638
f 639/639/639 640/640/640 641/641/641
f 615/615/615 614/614/614 642/642/642 643/643/643
f 644/644/644 645/645/645 615/615/615 643/643/643
f 646/646/646 633/633/633 647/647/647
f 634/634/634 648/648/648 635/635/635
f 646/646/646 634/634/634 633/633/633
f 649/649/649 531/531/531 650/650/650
f 626/626/626 625/625/625 651/651/651
f 626/626/626 652/652/652 627/627/627
f 653/653/653 654/654/654 655/655/655
f 645/645/645 644/644/644 656/656/656
f 644/644/644 657/657/657 658/658/658
f 659/659/659 660/660/660 661/661/661
f 617/617/617 623/623/623 642/642/642
f 662/662/662 639/639/639 646/646/646
f 663/663/663 664/664/664 665/665/665
f 649/649/649 650/650/650 666/666/666 629/629/629
f 661/661/661 629/629/629 666/666/666
f 661/661/661 667/667/667 629/629/629
f 668/668/668 669/669/669 659/659/659 666/666/666
f 653/653/653 670/670/670 668/668/668 666/666/666
f 634/634/634 646/646/646 669/669/669 668/668/668
f 633/633/633 671/671/671 672/672/672 647/647/647
f 634/634/634 668/668/668 648/648/648
f 643/643/643 642/642/642 672/672/672 671/671/671
f 671/671/671 633/633/633 673/673/673
f 644/644/644 643/643/643 671/671/671 673/673/673
f 629/629/629 531/531/531 649/649/649
f 628/628/628 629/629/629 667/667/667
f 633/633/633 635/635/635 673/673/673
f 668/668/668 670/670/670 648/648/648
f 666/666/666 650/650/650 653/653/653
f 661/661/661 666/666/666 659/659/659
f 657/657/657 674/674/674 675/675/675
f 676/676/676 655/655/655 630/630/630
f 654/654/654 591/591/591 630/630/630
f 618/618/618 638/638/638 677/677/677
f 618/618/618 677/677/677 678/678/678
f 663/663/663 679/679/679 675/675/675
f 673/673/673 674/674/674 657/657/657
f 675/675/675 679/679/679 680/680/680
f 624/624/624 672/672/672 642/642/642 623/623/623
f 672/672/672 624/624/624 681/681/681
f 675/675/675 680/680/680 682/682/682
f 681/681/681 662/662/662 647/647/647
f 681/681/681 624/624/624 622/622/622
f 619/619/619 683/683/683 618/618/618
f 669/669/669 684/684/684 685/685/685
f 683/683/683 637/637/637 618/618/618
f 640/640/640 662/662/662 622/622/622 621/621/621
f 648/648/648 676/676/676 686/686/686
f 661/661/661 660/660/660 687/687/687
f 688/688/688 667/667/667 661/661/661 687/687/687
f 623/623/623 618/618/618 678/678/678
f 652/652/652 626/626/626 639/639/639 641/641/641
f 623/623/623 678/678/678 620/620/620
f 662/662/662 640/640/640 639/639/639
f 676/676/676 630/630/630 663/663/663
f 684/684/684 639/639/639 626/626/626
f 648/648/648 670/670/670 676/676/676
f 628/628/628 607/607/607 587/587/587
f 607/607/607 628/628/628 667/667/667 688/688/688
f 687/687/687 689/689/689 688/688/688
f 628/628/628 587/587/587 529/529/529
f 630/630/630 690/690/690 631/631/631
f 674/674/674 663/663/663 675/675/675
f 674/674/674 686/686/686 663/663/663
f 663/663/663 665/665/665 679/679/679
f 670/670/670 653/653/653 655/655/655
f 670/670/670 655/655/655 676/676/676
f 673/673/673 635/635/635 674/674/674
f 593/593/593 690/690/690 630/630/630 591/591/591
f 675/675/675 691/691/691 658/658/658 657/657/657
f 675/675/675 682/682/682 692/692/692
f 510/510/510 693/693/693 511/511/511
f 686/686/686 676/676/676 663/663/663
f 655/655/655 654/654/654 630/630/630
f 674/674/674 635/635/635 686/686/686
f 664/664/664 663/663/663 630/630/630 632/632/632
f 622/622/622 662/662/662 681/681/681
f 672/672/672 681/681/681 647/647/647
f 684/684/684 626/626/626 685/685/685
f 647/647/647 662/662/662 646/646/646
f 614/614/614 617/617/617 642/642/642
f 659/659/659 651/651/651 660/660/660
f 656/656/656 644/644/644 658/658/658
f 646/646/646 639/639/639 684/684/684
f 646/646/646 684/684/684 669/669/669
f 635/635/635 648/648/648 686/686/686
f 653/653/653 650/650/650 654/654/654
f 685/685/685 626/626/626 651/651/651
f 607/607/607 689/689/689 510/510/510
f 515/515/515 607/607/607 510/510/510
f 625/625/625 627/627/627 694/694/694
f 689/689/689 625/625/625 510/510/510
f 693/693/693 510/510/510 625/625/625 695/695/695
f 689/689/689 687/687/687 625/625/625
f 650/650/650 531/531/531 591/591/591
f 660/660/660 625/625/625 687/687/687
f 651/651/651 625/625/625 660/660/660
f 651/651/651 659/659/659 669/669/669 685/685/685
f 650/650/650 591/591/591 654/654/654
f 644/644/644 673/673/673 657/657/657
f 625/625/625 694/694/694 695/695/695
f 688/688/688 689/689/689 607/607/607
f 696/696/696 697/697/697 698/698/698
f 699/699/699 700/700/700 701/701/701
f 702/702/702 703/703/703 704/704/704
f 705/705/705 706/706/706 707/707/707 708/708/708
f 709/709/709 710/710/710 711/711/711 712/712/712
f 713/713/713 714/714/714 715/715/715
f 713/713/713 715/715/715 716/716/716
f 710/710/710 717/717/717 711/711/711
f 718/718/718 719/719/719 720/720/720
f 721/721/721 713/713/713 705/705/705 722/722/722
f 723/723/723 724/724/724 725/725/725
f 702/702/702 726/726/726 727/727/727
f 728/728/728 711/711/711 717/717/717
f 729/729/729 730/730/730 731/731/731
f 713/713/713 716/716/716 729/729/729
f 706/706/706 713/713/713 729/729/729
f 732/732/732 733/733/733 734/734/734 735/735/735
f 691/691/691 675/675/675 692/692/692
f 733/733/733 732/732/732 736/736/736
f 737/737/737 734/734/734 733/733/733
f 727/727/727 738/738/738 739/739/739
f 733/733/733 736/736/736 740/740/740
f 727/727/727 739/739/739 741/741/741
f 619/619/619 636/636/636 742/742/742
f 722/722/722 619/619/619 742/742/742
f 743/743/743 714/714/714 744/744/744
f 745/745/745 746/746/746 747/747/747
f 720/720/720 719/719/719 748/748/748
f 749/749/749 750/750/750 696/696/696
f 751/751/751 752/752/752 753/753/753
f 754/754/754 726/726/726 691/691/691 755/755/755
f 744/744/744 691/691/691 726/726/726
f 744/744/744 726/726/726 743/743/743
f 723/723/723 725/725/725 756/756/756
f 757/757/757 716/716/716 703/703/703
f 758/758/758 759/759/759 760/760/760
f 761/761/761 762/762/762 758/758/758
f 737/737/737 709/709/709 734/734/734
f 763/763/763 753/753/753 752/752/752
f 710/710/710 764/764/764 765/765/765 717/717/717
f 736/736/736 752/752/752 759/759/759
f 752/752/752 760/760/760 759/759/759
f 703/703/703 716/716/716 715/715/715
f 766/766/766 767/767/767 768/768/768
f 769/769/769 770/770/770 771/771/771
f 714/714/714 704/704/704 703/703/703 715/715/715
f 770/770/770 769/769/769 772/772/772
f 770/770/770 730/730/730 771/771/771
f 736/736/736 773/773/773 723/723/723
f 756/756/756 774/774/774 775/775/775
f 766/766/766 776/776/776 767/767/767
f 777/777/777 708/708/708 707/707/707
f 737/737/737 778/778/778 709/709/709
f 779/779/779 683/683/683 745/745/745 747/747/747
f 780/780/780 781/781/781 782/782/782
f 683/683/683 779/779/779 637/637/637
f 702/702/702 783/783/783 757/757/757 703/703/703
f 726/726/726 754/754/754 784/784/784
f 702/702/702 743/743/743 726/726/726
f 727/727/727 785/785/785 738/738/738
f 783/783/783 702/702/702 727/727/727
f 719/719/719 786/786/786 748/748/748
f 769/769/769 771/771/771 783/783/783
f 787/787/787 728/728/728 717/717/717
f 734/734/734 712/712/712 772/772/772
f 772/772/772 769/769/769 788/788/788
f 789/789/789 734/734/734 772/772/772 788/788/788
f 790/790/790 706/706/706 719/719/719
f 721/721/721 714/714/714 713/713/713
f 705/705/705 713/713/713 706/706/706
f 711/711/711 791/791/791 712/712/712
f 707/707/707 706/706/706 790/790/790 777/777/777
f 764/764/764 710/710/710 792/792/792
f 710/710/710 709/709/709 792/792/792
f 792/792/792 709/709/709 778/778/778
f 699/699/699 768/768/768 700/700/700
f 793/793/793 766/766/766 699/699/699
f 783/783/783 727/727/727 769/769/769
f 730/730/730 716/716/716 771/771/771
f 734/734/734 709/709/709 712/712/712
f 719/719/719 706/706/706 786/786/786
f 772/772/772 712/712/712 791/791/791
f 772/772/772 791/791/791 770/770/770
f 722/722/722 683/683/683 619/619/619
f 744/744/744 656/656/656 658/658/658
f 736/736/736 759/759/759 740/740/740
f 723/723/723 775/775/775 763/763/763
f 691/691/691 692/692/692 794/794/794
f 759/759/759 758/758/758 762/762/762 740/740/740
f 736/736/736 732/732/732 795/795/795
f 740/740/740 762/762/762 792/792/792 778/778/778
f 792/792/792 762/762/762 761/761/761 796/796/796
f 769/769/769 727/727/727 788/788/788
f 797/797/797 615/615/615 714/714/714
f 636/636/636 615/615/615 797/797/797
f 721/721/721 722/722/722 742/742/742 797/797/797
f 615/615/615 645/645/645 714/714/714
f 727/727/727 741/741/741 788/788/788
f 785/785/785 727/727/727 726/726/726 784/784/784
f 636/636/636 797/797/797 742/742/742
f 797/797/797 714/714/714 721/721/721
f 750/750/750 699/699/699 696/696/696
f 699/699/699 701/701/701 697/697/697
f 756/756/756 725/725/725 798/798/798
f 696/696/696 698/698/698 799/799/799
f 800/800/800 766/766/766 793/793/793
f 793/793/793 699/699/699 750/750/750
f 756/756/756 766/766/766 800/800/800
f 699/699/699 697/697/697 696/696/696
f 777/777/777 745/745/745 708/708/708
f 764/764/764 792/792/792 796/796/796
f 751/751/751 760/760/760 752/752/752
f 723/723/723 773/773/773 801/801/801
f 723/723/723 801/801/801 724/724/724
f 691/691/691 794/794/794 755/755/755
f 771/771/771 757/757/757 783/783/783
f 728/728/728 720/720/720 748/748/748
f 718/718/718 720/720/720 728/728/728
f 770/770/770 791/791/791 711/711/711 731/731/731
f 731/731/731 730/730/730 770/770/770
f 766/766/766 768/768/768 699/699/699
f 748/748/748 786/786/786 731/731/731
f 729/729/729 716/716/716 730/730/730
f 786/786/786 729/729/729 731/731/731
f 789/789/789 735/735/735 734/734/734
f 786/786/786 706/706/706 729/729/729
f 736/736/736 795/795/795 773/773/773
f 763/763/763 736/736/736 723/723/723
f 763/763/763 775/775/775 753/753/753
f 708/708/708 745/745/745 683/683/683
f 711/711/711 728/728/728 748/748/748 731/731/731
f 782/782/782 746/746/746 745/745/745 780/780/780
f 756/756/756 775/775/775 723/723/723
f 763/763/763 752/752/752 736/736/736
f 704/704/704 714/714/714 743/743/743
f 636/636/636 619/619/619 616/616/616
f 702/702/702 704/704/704 743/743/743
f 708/708/708 722/722/722 705/705/705
f 780/780/780 745/745/745 777/777/777 790/790/790
f 790/790/790 719/719/719 780/780/780
f 756/756/756 800/800/800 774/774/774
f 776/776/776 766/766/766 756/756/756 798/798/798
f 708/708/708 683/683/683 722/722/722
f 765/765/765 787/787/787 717/717/717
f 716/716/716 757/757/757 771/771/771
f 744/744/744 658/658/658 691/691/691
f 733/733/733 778/778/778 737/737/737
f 656/656/656 744/744/744 714/714/714 645/645/645
f 740/740/740 778/778/778 733/733/733
f 802/802/802 803/803/803 804/804/804 805/805/805
f 806/806/806 807/807/807 802/802/802
f 808/808/808 809/809/809 810/810/810
f 761/761/761 811/811/811 796/796/796
f 808/808/808 810/810/810 812/812/812 806/806/806
f 805/805/805 804/804/804 751/751/751
f 807/807/807 813/813/813 802/802/802
f 808/808/808 805/805/805 751/751/751
f 728/728/728 787/787/787 814/814/814
f 806/806/806 805/805/805 808/808/808
f 718/718/718 728/728/728 814/814/814
f 753/753/753 775/775/775 809/809/809
f 758/758/758 760/760/760 815/815/815 761/761/761
f 753/753/753 809/809/809 808/808/808 751/751/751
f 815/815/815 760/760/760 751/751/751
f 719/719/719 814/814/814 780/780/780
f 814/814/814 816/816/816 817/817/817
f 811/811/811 764/764/764 796/796/796
f 811/811/811 765/765/765 764/764/764
f 818/818/818 761/761/761 815/815/815
f 804/804/804 815/815/815 751/751/751
f 817/817/817 781/781/781 780/780/780 814/814/814
f 818/818/818 804/804/804 803/803/803
f 819/819/819 820/820/820 803/803/803 802/802/802
f 803/803/803 821/821/821 811/811/811 761/761/761
f 822/822/822 823/823/823 821/821/821 803/803/803
f 807/807/807 806/806/806 812/812/812
f 824/824/824 802/802/802 813/813/813 825/825/825
f 802/802/802 824/824/824 826/826/826
f 805/805/805 806/806/806 802/802/802
f 802/802/802 826/826/826 819/819/819
f 761/761/761 818/818/818 803/803/803
f 821/821/821 823/823/823 827/827/827
f 765/765/765 811/811/811 821/821/821
f 816/816/816 814/814/814 821/821/821 827/827/827
f 821/821/821 814/814/814 787/787/787 765/765/765
f 719/719/719 718/718/718 814/814/814
f 804/804/804 818/818/818 815/815/815
f 803/803/803 820/820/820 822/822/822
f 828/828/828 829/829/829 830/830/830
f 831/831/831 793/793/793 750/750/750 829/829/829
f 832/832/832 833/833/833 834/834/834
f 833/833/833 835/835/835 834/834/834
f 836/836/836 837/837/837 838/838/838
f 839/839/839 840/840/840 841/841/841
f 800/800/800 835/835/835 774/774/774
f 842/842/842 840/840/840 843/843/843
f 836/836/836 812/812/812 832/832/832
f 841/841/841 828/828/828 839/839/839
f 810/810/810 809/809/809 774/774/774
f 830/830/830 749/749/749 844/844/844
f 837/837/837 845/845/845 846/846/846
f 845/845/845 831/831/831 846/846/846
f 839/839/839 828/828/828 847/847/847
f 848/848/848 807/807/807 812/812/812
f 833/833/833 774/774/774 835/835/835
f 832/832/832 812/812/812 833/833/833
f 849/849/849 850/850/850 851/851/851
f 813/813/813 852/852/852 825/825/825
f 836/836/836 849/849/849 813/813/813
f 829/829/829 750/750/750 749/749/749 830/830/830
f 841/841/841 853/853/853 854/854/854
f 853/853/853 831/831/831 829/829/829
f 855/855/855 856/856/856 849/849/849
f 853/853/853 846/846/846 831/831/831
f 838/838/838 846/846/846 853/853/853
f 848/848/848 836/836/836 813/813/813
f 856/856/856 842/842/842 857/857/857
f 838/838/838 837/837/837 846/846/846
f 831/831/831 845/845/845 834/834/834 835/835/835
f 836/836/836 848/848/848 812/812/812
f 834/834/834 845/845/845 837/837/837 832/832/832
f 843/843/843 840/840/840 839/839/839
f 841/841/841 840/840/840 855/855/855
f 840/840/840 856/856/856 855/855/855
f 838/838/838 841/841/841 855/855/855 836/836/836
f 828/828/828 830/830/830 847/847/847
f 850/850/850 849/849/849 856/856/856 858/858/858
f 774/774/774 809/809/809 775/775/775
f 836/836/836 855/855/855 849/849/849
f 849/849/849 851/851/851 859/859/859
f 807/807/807 848/848/848 813/813/813
f 812/812/812 810/810/810 833/833/833
f 810/810/810 774/774/774 833/833/833
f 835/835/835 800/800/800 793/793/793 831/831/831
f 836/836/836 832/832/832 837/837/837
f 813/813/813 860/860/860 852/852/852
f 840/840/840 842/842/842 856/856/856
f 839/839/839 861/861/861 843/843/843
f 859/859/859 860/860/860 813/813/813 849/849/849
f 839/839/839 847/847/847 861/861/861
f 847/847/847 830/830/830 861/861/861
f 861/861/861 830/830/830 844/844/844
f 841/841/841 854/854/854 828/828/828
f 838/838/838 853/853/853 841/841/841
f 853/853/853 829/829/829 854/854/854
f 828/828/828 854/854/854 829/829/829
f 130/130/130 862/862/862 863/863/863
f 864/864/864 105/105/105 104/104/104 136/136/136
f 129/129/129 862/862/862 130/130/130
f 105/105/105 865/865/865 8/8/8
f 134/134/134 130/130/130 136/136/136
f 105/105/105 864/864/864 866/866/866
f 864/864/864 867/867/867 868/868/868
f 135/135/135 134/134/134 136/136/136
f 105/105/105 866/866/866 869/869/869
f 105/105/105 869/869/869 865/865/865
f 863/863/863 870/870/870 864/864/864
f 864/864/864 870/870/870 867/867/867
f 136/136/136 863/863/863 864/864/864
f 864/864/864 868/868/868 866/866/866
f 136/136/136 130/130/130 863/863/863